policy,method,k,equal_total_budget,user_id,candidates,observed_hits,hidden_interactions,hidden_history_recall,different_asin_candidates,different_asin_hits,different_asin_hidden_interactions,different_asin_recall,same_asin_candidates,same_asin_hits
standard,semantic,10,True,42,10,0,13,0.0,10,0,12,0.0,0,0
standard,semantic,10,True,56,10,1,5,0.2,9,0,4,0.0,1,1
standard,semantic,10,True,69,10,0,6,0.0,10,0,5,0.0,0,0
standard,semantic,10,True,70,10,0,7,0.0,10,0,7,0.0,0,0
standard,semantic,10,True,85,10,1,7,0.14285714285714285,9,0,6,0.0,1,1
standard,semantic,10,True,111,10,0,11,0.0,10,0,11,0.0,0,0
standard,semantic,10,True,176,10,2,5,0.4,8,0,2,0.0,2,2
standard,semantic,10,True,209,10,0,5,0.0,10,0,5,0.0,0,0
standard,semantic,10,True,210,10,0,8,0.0,10,0,6,0.0,0,0
standard,semantic,10,True,224,10,0,21,0.0,10,0,19,0.0,0,0
standard,semantic,10,True,230,10,0,7,0.0,10,0,7,0.0,0,0
standard,semantic,10,True,304,10,0,8,0.0,10,0,8,0.0,0,0
standard,semantic,10,True,326,10,1,5,0.2,9,0,4,0.0,1,1
standard,semantic,10,True,328,10,0,25,0.0,10,0,23,0.0,0,0
standard,semantic,10,True,344,10,0,9,0.0,10,0,8,0.0,0,0
standard,semantic,10,True,370,10,0,7,0.0,10,0,7,0.0,0,0
standard,semantic,10,True,372,10,2,5,0.4,8,0,1,0.0,2,2
standard,semantic,10,True,408,10,0,18,0.0,10,0,17,0.0,0,0
standard,semantic,10,True,410,10,0,7,0.0,10,0,6,0.0,0,0
standard,semantic,10,True,426,10,1,5,0.2,9,0,0,,1,1
standard,semantic,10,True,449,10,0,10,0.0,10,0,10,0.0,0,0
standard,semantic,10,True,451,10,1,8,0.125,9,0,7,0.0,1,1
standard,semantic,10,True,459,10,0,10,0.0,10,0,5,0.0,0,0
standard,semantic,10,True,538,10,1,10,0.1,9,0,8,0.0,1,1
standard,semantic,10,True,555,10,0,5,0.0,10,0,5,0.0,0,0
standard,semantic,10,True,560,10,0,9,0.0,10,0,8,0.0,0,0
standard,semantic,10,True,567,10,0,5,0.0,10,0,5,0.0,0,0
standard,semantic,10,True,581,10,0,5,0.0,10,0,5,0.0,0,0
standard,semantic,10,True,588,10,0,5,0.0,10,0,5,0.0,0,0
standard,semantic,10,True,590,10,1,11,0.09090909090909091,9,0,10,0.0,1,1
standard,semantic,10,True,596,10,2,5,0.4,8,0,2,0.0,2,2
standard,semantic,10,True,599,10,1,6,0.16666666666666666,9,0,3,0.0,1,1
standard,semantic,10,True,605,10,0,10,0.0,10,0,10,0.0,0,0
standard,semantic,10,True,670,10,0,6,0.0,10,0,6,0.0,0,0
standard,semantic,10,True,709,10,0,8,0.0,10,0,8,0.0,0,0
standard,semantic,10,True,743,10,0,5,0.0,10,0,4,0.0,0,0
standard,semantic,10,True,781,10,1,5,0.2,9,0,4,0.0,1,1
standard,semantic,10,True,803,10,1,8,0.125,9,0,7,0.0,1,1
standard,semantic,10,True,805,10,2,19,0.10526315789473684,8,0,16,0.0,2,2
standard,semantic,10,True,810,10,0,5,0.0,10,0,5,0.0,0,0
standard,semantic,10,True,820,10,0,19,0.0,10,0,17,0.0,0,0
standard,semantic,10,True,822,10,0,9,0.0,10,0,9,0.0,0,0
standard,semantic,10,True,824,10,1,9,0.1111111111111111,9,0,8,0.0,1,1
standard,semantic,10,True,833,10,1,7,0.14285714285714285,9,0,6,0.0,1,1
standard,semantic,10,True,836,10,0,6,0.0,10,0,6,0.0,0,0
standard,semantic,10,True,912,10,1,5,0.2,9,0,3,0.0,1,1
standard,semantic,10,True,932,10,3,7,0.42857142857142855,7,0,2,0.0,3,3
standard,semantic,10,True,935,10,0,7,0.0,10,0,7,0.0,0,0
standard,semantic,10,True,940,10,0,8,0.0,10,0,8,0.0,0,0
standard,semantic,10,True,958,10,1,7,0.14285714285714285,9,0,5,0.0,1,1
standard,semantic,10,True,1077,10,0,7,0.0,10,0,7,0.0,0,0
standard,semantic,10,True,1090,10,1,15,0.06666666666666667,9,0,13,0.0,1,1
standard,semantic,10,True,1098,10,0,8,0.0,10,0,8,0.0,0,0
standard,semantic,10,True,1127,10,1,6,0.16666666666666666,9,0,5,0.0,1,1
standard,semantic,10,True,1145,10,1,6,0.16666666666666666,9,0,4,0.0,1,1
standard,semantic,10,True,1164,10,0,8,0.0,10,0,7,0.0,0,0
standard,semantic,10,True,1204,10,0,37,0.0,10,0,36,0.0,0,0
standard,semantic,10,True,1263,10,0,8,0.0,10,0,7,0.0,0,0
standard,semantic,10,True,1285,10,0,5,0.0,10,0,4,0.0,0,0
standard,semantic,10,True,1313,10,0,12,0.0,10,0,12,0.0,0,0
standard,semantic,10,True,1323,10,0,5,0.0,10,0,3,0.0,0,0
standard,semantic,10,True,1365,10,0,26,0.0,10,0,26,0.0,0,0
standard,semantic,10,True,1376,10,1,5,0.2,9,0,4,0.0,1,1
standard,semantic,10,True,1382,10,0,10,0.0,10,0,10,0.0,0,0
standard,semantic,10,True,1397,10,3,5,0.6,7,0,1,0.0,3,3
standard,semantic,10,True,1428,10,0,6,0.0,10,0,6,0.0,0,0
standard,semantic,10,True,1440,10,0,5,0.0,10,0,5,0.0,0,0
standard,semantic,10,True,1447,10,2,6,0.3333333333333333,8,0,3,0.0,2,2
standard,semantic,10,True,1467,10,0,5,0.0,10,0,4,0.0,0,0
standard,semantic,10,True,1472,10,0,9,0.0,10,0,8,0.0,0,0
standard,semantic,10,True,1494,10,0,15,0.0,10,0,12,0.0,0,0
standard,semantic,10,True,1500,10,1,6,0.16666666666666666,9,0,5,0.0,1,1
standard,semantic,10,True,1503,10,0,6,0.0,10,0,6,0.0,0,0
standard,semantic,10,True,1527,10,1,7,0.14285714285714285,9,0,5,0.0,1,1
standard,semantic,10,True,1530,10,2,7,0.2857142857142857,8,0,4,0.0,2,2
standard,semantic,10,True,1532,10,2,5,0.4,8,0,3,0.0,2,2
standard,semantic,10,True,1540,10,1,31,0.03225806451612903,9,0,25,0.0,1,1
standard,semantic,10,True,1604,10,0,15,0.0,10,0,15,0.0,0,0
standard,semantic,10,True,1640,10,1,16,0.0625,9,0,15,0.0,1,1
standard,semantic,10,True,1644,10,0,7,0.0,10,0,7,0.0,0,0
standard,semantic,10,True,1661,10,2,6,0.3333333333333333,8,0,4,0.0,2,2
standard,semantic,10,True,1742,10,0,51,0.0,10,0,51,0.0,0,0
standard,semantic,10,True,1750,10,0,8,0.0,10,0,8,0.0,0,0
standard,semantic,10,True,1753,0,0,5,0.0,0,0,4,0.0,0,0
standard,semantic,10,True,1765,10,1,6,0.16666666666666666,9,0,3,0.0,1,1
standard,semantic,10,True,1773,10,1,5,0.2,9,0,3,0.0,1,1
standard,semantic,10,True,1774,10,0,6,0.0,10,0,5,0.0,0,0
standard,semantic,10,True,1824,10,0,13,0.0,10,0,13,0.0,0,0
standard,semantic,10,True,1838,10,0,6,0.0,10,0,6,0.0,0,0
standard,semantic,10,True,1865,10,0,21,0.0,10,0,19,0.0,0,0
standard,semantic,10,True,1881,10,1,7,0.14285714285714285,9,0,6,0.0,1,1
standard,semantic,10,True,1896,10,0,13,0.0,10,0,13,0.0,0,0
standard,semantic,10,True,1920,10,1,5,0.2,9,0,3,0.0,1,1
standard,semantic,10,True,1921,10,0,5,0.0,10,0,4,0.0,0,0
standard,semantic,10,True,1945,10,0,12,0.0,10,0,12,0.0,0,0
standard,semantic,10,True,1955,10,0,7,0.0,10,0,7,0.0,0,0
standard,semantic,10,True,1967,10,0,5,0.0,10,0,5,0.0,0,0
standard,semantic,10,True,1970,10,0,12,0.0,10,0,12,0.0,0,0
standard,semantic,10,True,1991,10,1,5,0.2,9,0,3,0.0,1,1
standard,semantic,10,True,2016,10,0,30,0.0,10,0,29,0.0,0,0
standard,semantic,10,True,2031,10,1,19,0.05263157894736842,9,0,18,0.0,1,1
standard,semantic,10,True,2040,10,0,8,0.0,10,0,8,0.0,0,0
standard,semantic,10,True,2050,10,0,16,0.0,10,0,16,0.0,0,0
standard,semantic,10,True,2069,10,0,5,0.0,10,0,5,0.0,0,0
standard,semantic,10,True,2096,10,0,6,0.0,10,0,5,0.0,0,0
standard,semantic,10,True,2104,10,0,11,0.0,10,0,11,0.0,0,0
standard,semantic,10,True,2110,10,0,13,0.0,10,0,12,0.0,0,0
standard,semantic,10,True,2126,10,1,15,0.06666666666666667,9,0,14,0.0,1,1
standard,semantic,10,True,2134,10,0,9,0.0,10,0,7,0.0,0,0
standard,semantic,10,True,2174,10,1,12,0.08333333333333333,9,0,11,0.0,1,1
standard,semantic,10,True,2181,10,1,5,0.2,9,0,4,0.0,1,1
standard,semantic,10,True,2183,10,0,11,0.0,10,0,11,0.0,0,0
standard,semantic,10,True,2204,10,0,17,0.0,10,0,17,0.0,0,0
standard,semantic,10,True,2220,10,0,7,0.0,10,0,6,0.0,0,0
standard,semantic,10,True,2247,10,2,5,0.4,8,0,1,0.0,2,2
standard,semantic,10,True,2271,10,1,6,0.16666666666666666,9,0,5,0.0,1,1
standard,semantic,10,True,2287,10,0,10,0.0,10,0,10,0.0,0,0
standard,semantic,10,True,2316,10,1,8,0.125,9,0,5,0.0,1,1
standard,semantic,10,True,2336,10,0,53,0.0,10,0,52,0.0,0,0
standard,semantic,10,True,2354,10,1,6,0.16666666666666666,9,0,5,0.0,1,1
standard,semantic,10,True,2412,10,0,9,0.0,10,0,7,0.0,0,0
standard,semantic,10,True,2441,10,0,9,0.0,10,0,9,0.0,0,0
standard,semantic,10,True,2443,10,0,7,0.0,10,0,7,0.0,0,0
standard,semantic,10,True,2481,10,0,13,0.0,10,0,13,0.0,0,0
standard,semantic,10,True,2505,10,0,18,0.0,10,0,18,0.0,0,0
standard,semantic,10,True,2527,10,0,9,0.0,10,0,9,0.0,0,0
standard,semantic,10,True,2531,10,0,39,0.0,10,0,39,0.0,0,0
standard,semantic,10,True,2569,10,0,5,0.0,10,0,4,0.0,0,0
standard,semantic,10,True,2645,10,1,9,0.1111111111111111,9,0,8,0.0,1,1
standard,semantic,10,True,2652,10,0,31,0.0,10,0,31,0.0,0,0
standard,semantic,10,True,2665,10,0,6,0.0,10,0,6,0.0,0,0
standard,semantic,10,True,2669,10,1,5,0.2,9,0,2,0.0,1,1
standard,semantic,10,True,2675,10,1,15,0.06666666666666667,9,0,13,0.0,1,1
standard,semantic,10,True,2756,10,2,17,0.11764705882352941,8,0,15,0.0,2,2
standard,semantic,10,True,2766,10,0,16,0.0,10,0,15,0.0,0,0
standard,semantic,10,True,2781,10,0,13,0.0,10,0,12,0.0,0,0
standard,semantic,10,True,2782,10,0,7,0.0,10,0,7,0.0,0,0
standard,semantic,10,True,2783,10,1,5,0.2,9,0,4,0.0,1,1
standard,semantic,10,True,2821,10,0,23,0.0,10,0,22,0.0,0,0
standard,semantic,10,True,2844,10,0,5,0.0,10,0,5,0.0,0,0
standard,semantic,10,True,2862,10,0,9,0.0,10,0,9,0.0,0,0
standard,semantic,10,True,2879,10,0,5,0.0,10,0,2,0.0,0,0
standard,semantic,10,True,2906,10,0,6,0.0,10,0,5,0.0,0,0
standard,semantic,10,True,2923,10,0,5,0.0,10,0,5,0.0,0,0
standard,semantic,10,True,2930,10,1,5,0.2,9,0,4,0.0,1,1
standard,semantic,10,True,2957,10,0,8,0.0,10,0,8,0.0,0,0
standard,semantic,10,True,2988,10,0,6,0.0,10,0,6,0.0,0,0
standard,semantic,10,True,2990,10,0,5,0.0,10,0,4,0.0,0,0
standard,semantic,10,True,3003,10,1,6,0.16666666666666666,9,0,5,0.0,1,1
standard,semantic,10,True,3013,10,0,5,0.0,10,0,5,0.0,0,0
standard,semantic,10,True,3035,10,0,7,0.0,10,0,7,0.0,0,0
standard,semantic,10,True,3059,10,0,9,0.0,10,0,9,0.0,0,0
standard,semantic,10,True,3082,10,0,10,0.0,10,0,8,0.0,0,0
standard,semantic,10,True,3099,10,0,5,0.0,10,0,3,0.0,0,0
standard,semantic,10,True,3118,10,0,14,0.0,10,0,13,0.0,0,0
standard,semantic,10,True,3120,10,0,9,0.0,10,0,8,0.0,0,0
standard,semantic,50,True,42,50,0,13,0.0,50,0,12,0.0,0,0
standard,semantic,50,True,56,50,1,5,0.2,49,0,4,0.0,1,1
standard,semantic,50,True,69,50,1,6,0.16666666666666666,49,0,5,0.0,1,1
standard,semantic,50,True,70,50,0,7,0.0,50,0,7,0.0,0,0
standard,semantic,50,True,85,50,1,7,0.14285714285714285,49,0,6,0.0,1,1
standard,semantic,50,True,111,50,0,11,0.0,50,0,11,0.0,0,0
standard,semantic,50,True,176,50,2,5,0.4,48,0,2,0.0,2,2
standard,semantic,50,True,209,50,0,5,0.0,50,0,5,0.0,0,0
standard,semantic,50,True,210,50,1,8,0.125,49,0,6,0.0,1,1
standard,semantic,50,True,224,50,1,21,0.047619047619047616,49,0,19,0.0,1,1
standard,semantic,50,True,230,50,0,7,0.0,50,0,7,0.0,0,0
standard,semantic,50,True,304,50,0,8,0.0,50,0,8,0.0,0,0
standard,semantic,50,True,326,50,1,5,0.2,49,0,4,0.0,1,1
standard,semantic,50,True,328,50,1,25,0.04,49,0,23,0.0,1,1
standard,semantic,50,True,344,50,0,9,0.0,50,0,8,0.0,0,0
standard,semantic,50,True,370,50,0,7,0.0,50,0,7,0.0,0,0
standard,semantic,50,True,372,50,4,5,0.8,46,0,1,0.0,4,4
standard,semantic,50,True,408,50,1,18,0.05555555555555555,49,0,17,0.0,1,1
standard,semantic,50,True,410,50,1,7,0.14285714285714285,49,0,6,0.0,1,1
standard,semantic,50,True,426,50,4,5,0.8,46,0,0,,4,4
standard,semantic,50,True,449,50,0,10,0.0,50,0,10,0.0,0,0
standard,semantic,50,True,451,50,1,8,0.125,49,0,7,0.0,1,1
standard,semantic,50,True,459,50,1,10,0.1,49,0,5,0.0,1,1
standard,semantic,50,True,538,50,1,10,0.1,49,0,8,0.0,1,1
standard,semantic,50,True,555,50,0,5,0.0,50,0,5,0.0,0,0
standard,semantic,50,True,560,50,0,9,0.0,50,0,8,0.0,0,0
standard,semantic,50,True,567,50,0,5,0.0,50,0,5,0.0,0,0
standard,semantic,50,True,581,50,0,5,0.0,50,0,5,0.0,0,0
standard,semantic,50,True,588,50,0,5,0.0,50,0,5,0.0,0,0
standard,semantic,50,True,590,50,1,11,0.09090909090909091,49,0,10,0.0,1,1
standard,semantic,50,True,596,50,3,5,0.6,47,0,2,0.0,3,3
standard,semantic,50,True,599,50,2,6,0.3333333333333333,48,0,3,0.0,2,2
standard,semantic,50,True,605,50,0,10,0.0,50,0,10,0.0,0,0
standard,semantic,50,True,670,50,0,6,0.0,50,0,6,0.0,0,0
standard,semantic,50,True,709,50,0,8,0.0,50,0,8,0.0,0,0
standard,semantic,50,True,743,50,1,5,0.2,49,0,4,0.0,1,1
standard,semantic,50,True,781,50,2,5,0.4,49,1,4,0.25,1,1
standard,semantic,50,True,803,50,1,8,0.125,49,0,7,0.0,1,1
standard,semantic,50,True,805,50,2,19,0.10526315789473684,48,0,16,0.0,2,2
standard,semantic,50,True,810,50,0,5,0.0,50,0,5,0.0,0,0
standard,semantic,50,True,820,50,0,19,0.0,50,0,17,0.0,0,0
standard,semantic,50,True,822,50,0,9,0.0,50,0,9,0.0,0,0
standard,semantic,50,True,824,50,1,9,0.1111111111111111,49,0,8,0.0,1,1
standard,semantic,50,True,833,50,1,7,0.14285714285714285,49,0,6,0.0,1,1
standard,semantic,50,True,836,50,0,6,0.0,50,0,6,0.0,0,0
standard,semantic,50,True,912,50,1,5,0.2,49,0,3,0.0,1,1
standard,semantic,50,True,932,50,4,7,0.5714285714285714,46,0,2,0.0,4,4
standard,semantic,50,True,935,50,0,7,0.0,50,0,7,0.0,0,0
standard,semantic,50,True,940,50,0,8,0.0,50,0,8,0.0,0,0
standard,semantic,50,True,958,50,1,7,0.14285714285714285,49,0,5,0.0,1,1
standard,semantic,50,True,1077,50,0,7,0.0,50,0,7,0.0,0,0
standard,semantic,50,True,1090,50,1,15,0.06666666666666667,49,0,13,0.0,1,1
standard,semantic,50,True,1098,50,0,8,0.0,50,0,8,0.0,0,0
standard,semantic,50,True,1127,50,1,6,0.16666666666666666,49,0,5,0.0,1,1
standard,semantic,50,True,1145,50,3,6,0.5,48,1,4,0.25,2,2
standard,semantic,50,True,1164,50,0,8,0.0,50,0,7,0.0,0,0
standard,semantic,50,True,1204,50,0,37,0.0,50,0,36,0.0,0,0
standard,semantic,50,True,1263,50,1,8,0.125,49,0,7,0.0,1,1
standard,semantic,50,True,1285,50,1,5,0.2,49,0,4,0.0,1,1
standard,semantic,50,True,1313,50,0,12,0.0,50,0,12,0.0,0,0
standard,semantic,50,True,1323,50,2,5,0.4,48,0,3,0.0,2,2
standard,semantic,50,True,1365,50,0,26,0.0,50,0,26,0.0,0,0
standard,semantic,50,True,1376,50,1,5,0.2,49,0,4,0.0,1,1
standard,semantic,50,True,1382,50,0,10,0.0,50,0,10,0.0,0,0
standard,semantic,50,True,1397,50,4,5,0.8,46,0,1,0.0,4,4
standard,semantic,50,True,1428,50,0,6,0.0,50,0,6,0.0,0,0
standard,semantic,50,True,1440,50,0,5,0.0,50,0,5,0.0,0,0
standard,semantic,50,True,1447,50,2,6,0.3333333333333333,48,0,3,0.0,2,2
standard,semantic,50,True,1467,50,0,5,0.0,50,0,4,0.0,0,0
standard,semantic,50,True,1472,50,1,9,0.1111111111111111,49,0,8,0.0,1,1
standard,semantic,50,True,1494,50,0,15,0.0,50,0,12,0.0,0,0
standard,semantic,50,True,1500,50,1,6,0.16666666666666666,49,0,5,0.0,1,1
standard,semantic,50,True,1503,50,0,6,0.0,50,0,6,0.0,0,0
standard,semantic,50,True,1527,50,1,7,0.14285714285714285,49,0,5,0.0,1,1
standard,semantic,50,True,1530,50,3,7,0.42857142857142855,47,0,4,0.0,3,3
standard,semantic,50,True,1532,50,2,5,0.4,48,0,3,0.0,2,2
standard,semantic,50,True,1540,50,1,31,0.03225806451612903,49,0,25,0.0,1,1
standard,semantic,50,True,1604,50,0,15,0.0,50,0,15,0.0,0,0
standard,semantic,50,True,1640,50,1,16,0.0625,49,0,15,0.0,1,1
standard,semantic,50,True,1644,50,0,7,0.0,50,0,7,0.0,0,0
standard,semantic,50,True,1661,50,2,6,0.3333333333333333,48,0,4,0.0,2,2
standard,semantic,50,True,1742,50,0,51,0.0,50,0,51,0.0,0,0
standard,semantic,50,True,1750,50,0,8,0.0,50,0,8,0.0,0,0
standard,semantic,50,True,1753,0,0,5,0.0,0,0,4,0.0,0,0
standard,semantic,50,True,1765,50,3,6,0.5,47,0,3,0.0,3,3
standard,semantic,50,True,1773,50,2,5,0.4,48,0,3,0.0,2,2
standard,semantic,50,True,1774,50,0,6,0.0,50,0,5,0.0,0,0
standard,semantic,50,True,1824,50,0,13,0.0,50,0,13,0.0,0,0
standard,semantic,50,True,1838,50,0,6,0.0,50,0,6,0.0,0,0
standard,semantic,50,True,1865,50,2,21,0.09523809523809523,48,0,19,0.0,2,2
standard,semantic,50,True,1881,50,1,7,0.14285714285714285,49,0,6,0.0,1,1
standard,semantic,50,True,1896,50,0,13,0.0,50,0,13,0.0,0,0
standard,semantic,50,True,1920,50,2,5,0.4,48,0,3,0.0,2,2
standard,semantic,50,True,1921,50,1,5,0.2,49,0,4,0.0,1,1
standard,semantic,50,True,1945,50,0,12,0.0,50,0,12,0.0,0,0
standard,semantic,50,True,1955,50,0,7,0.0,50,0,7,0.0,0,0
standard,semantic,50,True,1967,50,0,5,0.0,50,0,5,0.0,0,0
standard,semantic,50,True,1970,50,0,12,0.0,50,0,12,0.0,0,0
standard,semantic,50,True,1991,50,1,5,0.2,49,0,3,0.0,1,1
standard,semantic,50,True,2016,50,0,30,0.0,50,0,29,0.0,0,0
standard,semantic,50,True,2031,50,1,19,0.05263157894736842,49,0,18,0.0,1,1
standard,semantic,50,True,2040,50,0,8,0.0,50,0,8,0.0,0,0
standard,semantic,50,True,2050,50,0,16,0.0,50,0,16,0.0,0,0
standard,semantic,50,True,2069,50,0,5,0.0,50,0,5,0.0,0,0
standard,semantic,50,True,2096,50,0,6,0.0,50,0,5,0.0,0,0
standard,semantic,50,True,2104,50,0,11,0.0,50,0,11,0.0,0,0
standard,semantic,50,True,2110,50,0,13,0.0,50,0,12,0.0,0,0
standard,semantic,50,True,2126,50,1,15,0.06666666666666667,49,0,14,0.0,1,1
standard,semantic,50,True,2134,50,1,9,0.1111111111111111,49,0,7,0.0,1,1
standard,semantic,50,True,2174,50,1,12,0.08333333333333333,49,0,11,0.0,1,1
standard,semantic,50,True,2181,50,1,5,0.2,49,0,4,0.0,1,1
standard,semantic,50,True,2183,50,0,11,0.0,50,0,11,0.0,0,0
standard,semantic,50,True,2204,50,0,17,0.0,50,0,17,0.0,0,0
standard,semantic,50,True,2220,50,0,7,0.0,50,0,6,0.0,0,0
standard,semantic,50,True,2247,50,3,5,0.6,47,0,1,0.0,3,3
standard,semantic,50,True,2271,50,1,6,0.16666666666666666,49,0,5,0.0,1,1
standard,semantic,50,True,2287,50,0,10,0.0,50,0,10,0.0,0,0
standard,semantic,50,True,2316,50,3,8,0.375,48,1,5,0.2,2,2
standard,semantic,50,True,2336,50,1,53,0.018867924528301886,49,0,52,0.0,1,1
standard,semantic,50,True,2354,50,1,6,0.16666666666666666,49,0,5,0.0,1,1
standard,semantic,50,True,2412,50,0,9,0.0,50,0,7,0.0,0,0
standard,semantic,50,True,2441,50,0,9,0.0,50,0,9,0.0,0,0
standard,semantic,50,True,2443,50,0,7,0.0,50,0,7,0.0,0,0
standard,semantic,50,True,2481,50,0,13,0.0,50,0,13,0.0,0,0
standard,semantic,50,True,2505,50,0,18,0.0,50,0,18,0.0,0,0
standard,semantic,50,True,2527,50,0,9,0.0,50,0,9,0.0,0,0
standard,semantic,50,True,2531,50,0,39,0.0,50,0,39,0.0,0,0
standard,semantic,50,True,2569,50,0,5,0.0,50,0,4,0.0,0,0
standard,semantic,50,True,2645,50,1,9,0.1111111111111111,49,0,8,0.0,1,1
standard,semantic,50,True,2652,50,0,31,0.0,50,0,31,0.0,0,0
standard,semantic,50,True,2665,50,0,6,0.0,50,0,6,0.0,0,0
standard,semantic,50,True,2669,50,2,5,0.4,48,0,2,0.0,2,2
standard,semantic,50,True,2675,50,1,15,0.06666666666666667,49,0,13,0.0,1,1
standard,semantic,50,True,2756,50,2,17,0.11764705882352941,48,0,15,0.0,2,2
standard,semantic,50,True,2766,50,0,16,0.0,50,0,15,0.0,0,0
standard,semantic,50,True,2781,50,0,13,0.0,50,0,12,0.0,0,0
standard,semantic,50,True,2782,50,0,7,0.0,50,0,7,0.0,0,0
standard,semantic,50,True,2783,50,1,5,0.2,49,0,4,0.0,1,1
standard,semantic,50,True,2821,50,1,23,0.043478260869565216,49,0,22,0.0,1,1
standard,semantic,50,True,2844,50,0,5,0.0,50,0,5,0.0,0,0
standard,semantic,50,True,2862,50,0,9,0.0,50,0,9,0.0,0,0
standard,semantic,50,True,2879,50,0,5,0.0,50,0,2,0.0,0,0
standard,semantic,50,True,2906,50,0,6,0.0,50,0,5,0.0,0,0
standard,semantic,50,True,2923,50,0,5,0.0,50,0,5,0.0,0,0
standard,semantic,50,True,2930,50,1,5,0.2,49,0,4,0.0,1,1
standard,semantic,50,True,2957,50,0,8,0.0,50,0,8,0.0,0,0
standard,semantic,50,True,2988,50,0,6,0.0,50,0,6,0.0,0,0
standard,semantic,50,True,2990,50,0,5,0.0,50,0,4,0.0,0,0
standard,semantic,50,True,3003,50,1,6,0.16666666666666666,49,0,5,0.0,1,1
standard,semantic,50,True,3013,50,0,5,0.0,50,0,5,0.0,0,0
standard,semantic,50,True,3035,50,0,7,0.0,50,0,7,0.0,0,0
standard,semantic,50,True,3059,50,0,9,0.0,50,0,9,0.0,0,0
standard,semantic,50,True,3082,50,1,10,0.1,49,0,8,0.0,1,1
standard,semantic,50,True,3099,50,2,5,0.4,48,0,3,0.0,2,2
standard,semantic,50,True,3118,50,0,14,0.0,50,0,13,0.0,0,0
standard,semantic,50,True,3120,50,0,9,0.0,50,0,8,0.0,0,0
standard,semantic,100,True,42,100,0,13,0.0,100,0,12,0.0,0,0
standard,semantic,100,True,56,100,1,5,0.2,99,0,4,0.0,1,1
standard,semantic,100,True,69,100,1,6,0.16666666666666666,99,0,5,0.0,1,1
standard,semantic,100,True,70,100,0,7,0.0,100,0,7,0.0,0,0
standard,semantic,100,True,85,100,1,7,0.14285714285714285,99,0,6,0.0,1,1
standard,semantic,100,True,111,100,0,11,0.0,100,0,11,0.0,0,0
standard,semantic,100,True,176,100,3,5,0.6,97,0,2,0.0,3,3
standard,semantic,100,True,209,100,0,5,0.0,100,0,5,0.0,0,0
standard,semantic,100,True,210,100,2,8,0.25,98,0,6,0.0,2,2
standard,semantic,100,True,224,100,2,21,0.09523809523809523,98,0,19,0.0,2,2
standard,semantic,100,True,230,100,0,7,0.0,100,0,7,0.0,0,0
standard,semantic,100,True,304,100,0,8,0.0,100,0,8,0.0,0,0
standard,semantic,100,True,326,100,1,5,0.2,99,0,4,0.0,1,1
standard,semantic,100,True,328,100,1,25,0.04,99,0,23,0.0,1,1
standard,semantic,100,True,344,100,1,9,0.1111111111111111,99,0,8,0.0,1,1
standard,semantic,100,True,370,100,0,7,0.0,100,0,7,0.0,0,0
standard,semantic,100,True,372,100,4,5,0.8,96,0,1,0.0,4,4
standard,semantic,100,True,408,100,1,18,0.05555555555555555,99,0,17,0.0,1,1
standard,semantic,100,True,410,100,1,7,0.14285714285714285,99,0,6,0.0,1,1
standard,semantic,100,True,426,100,4,5,0.8,96,0,0,,4,4
standard,semantic,100,True,449,100,0,10,0.0,100,0,10,0.0,0,0
standard,semantic,100,True,451,100,1,8,0.125,99,0,7,0.0,1,1
standard,semantic,100,True,459,100,2,10,0.2,98,0,5,0.0,2,2
standard,semantic,100,True,538,100,1,10,0.1,99,0,8,0.0,1,1
standard,semantic,100,True,555,100,0,5,0.0,100,0,5,0.0,0,0
standard,semantic,100,True,560,100,0,9,0.0,100,0,8,0.0,0,0
standard,semantic,100,True,567,100,0,5,0.0,100,0,5,0.0,0,0
standard,semantic,100,True,581,100,0,5,0.0,100,0,5,0.0,0,0
standard,semantic,100,True,588,100,0,5,0.0,100,0,5,0.0,0,0
standard,semantic,100,True,590,100,1,11,0.09090909090909091,99,0,10,0.0,1,1
standard,semantic,100,True,596,100,3,5,0.6,97,0,2,0.0,3,3
standard,semantic,100,True,599,100,2,6,0.3333333333333333,98,0,3,0.0,2,2
standard,semantic,100,True,605,100,0,10,0.0,100,0,10,0.0,0,0
standard,semantic,100,True,670,100,0,6,0.0,100,0,6,0.0,0,0
standard,semantic,100,True,709,100,0,8,0.0,100,0,8,0.0,0,0
standard,semantic,100,True,743,100,1,5,0.2,99,0,4,0.0,1,1
standard,semantic,100,True,781,100,2,5,0.4,99,1,4,0.25,1,1
standard,semantic,100,True,803,100,1,8,0.125,99,0,7,0.0,1,1
standard,semantic,100,True,805,100,2,19,0.10526315789473684,98,0,16,0.0,2,2
standard,semantic,100,True,810,100,0,5,0.0,100,0,5,0.0,0,0
standard,semantic,100,True,820,100,0,19,0.0,100,0,17,0.0,0,0
standard,semantic,100,True,822,100,0,9,0.0,100,0,9,0.0,0,0
standard,semantic,100,True,824,100,1,9,0.1111111111111111,99,0,8,0.0,1,1
standard,semantic,100,True,833,100,1,7,0.14285714285714285,99,0,6,0.0,1,1
standard,semantic,100,True,836,100,0,6,0.0,100,0,6,0.0,0,0
standard,semantic,100,True,912,100,2,5,0.4,98,0,3,0.0,2,2
standard,semantic,100,True,932,100,4,7,0.5714285714285714,96,0,2,0.0,4,4
standard,semantic,100,True,935,100,0,7,0.0,100,0,7,0.0,0,0
standard,semantic,100,True,940,100,0,8,0.0,100,0,8,0.0,0,0
standard,semantic,100,True,958,100,1,7,0.14285714285714285,99,0,5,0.0,1,1
standard,semantic,100,True,1077,100,0,7,0.0,100,0,7,0.0,0,0
standard,semantic,100,True,1090,100,2,15,0.13333333333333333,98,0,13,0.0,2,2
standard,semantic,100,True,1098,100,0,8,0.0,100,0,8,0.0,0,0
standard,semantic,100,True,1127,100,1,6,0.16666666666666666,99,0,5,0.0,1,1
standard,semantic,100,True,1145,100,3,6,0.5,98,1,4,0.25,2,2
standard,semantic,100,True,1164,100,0,8,0.0,100,0,7,0.0,0,0
standard,semantic,100,True,1204,100,0,37,0.0,100,0,36,0.0,0,0
standard,semantic,100,True,1263,100,1,8,0.125,99,0,7,0.0,1,1
standard,semantic,100,True,1285,100,1,5,0.2,99,0,4,0.0,1,1
standard,semantic,100,True,1313,100,0,12,0.0,100,0,12,0.0,0,0
standard,semantic,100,True,1323,100,2,5,0.4,98,0,3,0.0,2,2
standard,semantic,100,True,1365,100,0,26,0.0,100,0,26,0.0,0,0
standard,semantic,100,True,1376,100,1,5,0.2,99,0,4,0.0,1,1
standard,semantic,100,True,1382,100,0,10,0.0,100,0,10,0.0,0,0
standard,semantic,100,True,1397,100,4,5,0.8,96,0,1,0.0,4,4
standard,semantic,100,True,1428,100,0,6,0.0,100,0,6,0.0,0,0
standard,semantic,100,True,1440,100,0,5,0.0,100,0,5,0.0,0,0
standard,semantic,100,True,1447,100,2,6,0.3333333333333333,98,0,3,0.0,2,2
standard,semantic,100,True,1467,100,0,5,0.0,100,0,4,0.0,0,0
standard,semantic,100,True,1472,100,1,9,0.1111111111111111,99,0,8,0.0,1,1
standard,semantic,100,True,1494,100,0,15,0.0,100,0,12,0.0,0,0
standard,semantic,100,True,1500,100,1,6,0.16666666666666666,99,0,5,0.0,1,1
standard,semantic,100,True,1503,100,0,6,0.0,100,0,6,0.0,0,0
standard,semantic,100,True,1527,100,1,7,0.14285714285714285,99,0,5,0.0,1,1
standard,semantic,100,True,1530,100,3,7,0.42857142857142855,97,0,4,0.0,3,3
standard,semantic,100,True,1532,100,2,5,0.4,98,0,3,0.0,2,2
standard,semantic,100,True,1540,100,2,31,0.06451612903225806,98,0,25,0.0,2,2
standard,semantic,100,True,1604,100,0,15,0.0,100,0,15,0.0,0,0
standard,semantic,100,True,1640,100,1,16,0.0625,99,0,15,0.0,1,1
standard,semantic,100,True,1644,100,0,7,0.0,100,0,7,0.0,0,0
standard,semantic,100,True,1661,100,2,6,0.3333333333333333,98,0,4,0.0,2,2
standard,semantic,100,True,1742,100,0,51,0.0,100,0,51,0.0,0,0
standard,semantic,100,True,1750,100,0,8,0.0,100,0,8,0.0,0,0
standard,semantic,100,True,1753,0,0,5,0.0,0,0,4,0.0,0,0
standard,semantic,100,True,1765,100,3,6,0.5,97,0,3,0.0,3,3
standard,semantic,100,True,1773,100,2,5,0.4,98,0,3,0.0,2,2
standard,semantic,100,True,1774,100,0,6,0.0,100,0,5,0.0,0,0
standard,semantic,100,True,1824,100,0,13,0.0,100,0,13,0.0,0,0
standard,semantic,100,True,1838,100,0,6,0.0,100,0,6,0.0,0,0
standard,semantic,100,True,1865,100,2,21,0.09523809523809523,98,0,19,0.0,2,2
standard,semantic,100,True,1881,100,1,7,0.14285714285714285,99,0,6,0.0,1,1
standard,semantic,100,True,1896,100,0,13,0.0,100,0,13,0.0,0,0
standard,semantic,100,True,1920,100,2,5,0.4,98,0,3,0.0,2,2
standard,semantic,100,True,1921,100,1,5,0.2,99,0,4,0.0,1,1
standard,semantic,100,True,1945,100,0,12,0.0,100,0,12,0.0,0,0
standard,semantic,100,True,1955,100,0,7,0.0,100,0,7,0.0,0,0
standard,semantic,100,True,1967,100,0,5,0.0,100,0,5,0.0,0,0
standard,semantic,100,True,1970,100,0,12,0.0,100,0,12,0.0,0,0
standard,semantic,100,True,1991,100,2,5,0.4,98,0,3,0.0,2,2
standard,semantic,100,True,2016,100,0,30,0.0,100,0,29,0.0,0,0
standard,semantic,100,True,2031,100,1,19,0.05263157894736842,99,0,18,0.0,1,1
standard,semantic,100,True,2040,100,0,8,0.0,100,0,8,0.0,0,0
standard,semantic,100,True,2050,100,0,16,0.0,100,0,16,0.0,0,0
standard,semantic,100,True,2069,100,0,5,0.0,100,0,5,0.0,0,0
standard,semantic,100,True,2096,100,0,6,0.0,100,0,5,0.0,0,0
standard,semantic,100,True,2104,100,0,11,0.0,100,0,11,0.0,0,0
standard,semantic,100,True,2110,100,0,13,0.0,100,0,12,0.0,0,0
standard,semantic,100,True,2126,100,1,15,0.06666666666666667,99,0,14,0.0,1,1
standard,semantic,100,True,2134,100,1,9,0.1111111111111111,99,0,7,0.0,1,1
standard,semantic,100,True,2174,100,1,12,0.08333333333333333,99,0,11,0.0,1,1
standard,semantic,100,True,2181,100,1,5,0.2,99,0,4,0.0,1,1
standard,semantic,100,True,2183,100,0,11,0.0,100,0,11,0.0,0,0
standard,semantic,100,True,2204,100,0,17,0.0,100,0,17,0.0,0,0
standard,semantic,100,True,2220,100,0,7,0.0,100,0,6,0.0,0,0
standard,semantic,100,True,2247,100,3,5,0.6,97,0,1,0.0,3,3
standard,semantic,100,True,2271,100,1,6,0.16666666666666666,99,0,5,0.0,1,1
standard,semantic,100,True,2287,100,0,10,0.0,100,0,10,0.0,0,0
standard,semantic,100,True,2316,100,4,8,0.5,97,1,5,0.2,3,3
standard,semantic,100,True,2336,100,1,53,0.018867924528301886,99,0,52,0.0,1,1
standard,semantic,100,True,2354,100,1,6,0.16666666666666666,99,0,5,0.0,1,1
standard,semantic,100,True,2412,100,1,9,0.1111111111111111,99,0,7,0.0,1,1
standard,semantic,100,True,2441,100,0,9,0.0,100,0,9,0.0,0,0
standard,semantic,100,True,2443,100,0,7,0.0,100,0,7,0.0,0,0
standard,semantic,100,True,2481,100,0,13,0.0,100,0,13,0.0,0,0
standard,semantic,100,True,2505,100,0,18,0.0,100,0,18,0.0,0,0
standard,semantic,100,True,2527,100,0,9,0.0,100,0,9,0.0,0,0
standard,semantic,100,True,2531,100,0,39,0.0,100,0,39,0.0,0,0
standard,semantic,100,True,2569,100,0,5,0.0,100,0,4,0.0,0,0
standard,semantic,100,True,2645,100,1,9,0.1111111111111111,99,0,8,0.0,1,1
standard,semantic,100,True,2652,100,0,31,0.0,100,0,31,0.0,0,0
standard,semantic,100,True,2665,100,0,6,0.0,100,0,6,0.0,0,0
standard,semantic,100,True,2669,100,3,5,0.6,97,0,2,0.0,3,3
standard,semantic,100,True,2675,100,2,15,0.13333333333333333,98,0,13,0.0,2,2
standard,semantic,100,True,2756,100,2,17,0.11764705882352941,98,0,15,0.0,2,2
standard,semantic,100,True,2766,100,0,16,0.0,100,0,15,0.0,0,0
standard,semantic,100,True,2781,100,0,13,0.0,100,0,12,0.0,0,0
standard,semantic,100,True,2782,100,0,7,0.0,100,0,7,0.0,0,0
standard,semantic,100,True,2783,100,1,5,0.2,99,0,4,0.0,1,1
standard,semantic,100,True,2821,100,1,23,0.043478260869565216,99,0,22,0.0,1,1
standard,semantic,100,True,2844,100,0,5,0.0,100,0,5,0.0,0,0
standard,semantic,100,True,2862,100,0,9,0.0,100,0,9,0.0,0,0
standard,semantic,100,True,2879,100,2,5,0.4,98,0,2,0.0,2,2
standard,semantic,100,True,2906,100,0,6,0.0,100,0,5,0.0,0,0
standard,semantic,100,True,2923,100,0,5,0.0,100,0,5,0.0,0,0
standard,semantic,100,True,2930,100,1,5,0.2,99,0,4,0.0,1,1
standard,semantic,100,True,2957,100,0,8,0.0,100,0,8,0.0,0,0
standard,semantic,100,True,2988,100,0,6,0.0,100,0,6,0.0,0,0
standard,semantic,100,True,2990,100,0,5,0.0,100,0,4,0.0,0,0
standard,semantic,100,True,3003,100,1,6,0.16666666666666666,99,0,5,0.0,1,1
standard,semantic,100,True,3013,100,0,5,0.0,100,0,5,0.0,0,0
standard,semantic,100,True,3035,100,0,7,0.0,100,0,7,0.0,0,0
standard,semantic,100,True,3059,100,0,9,0.0,100,0,9,0.0,0,0
standard,semantic,100,True,3082,100,1,10,0.1,99,0,8,0.0,1,1
standard,semantic,100,True,3099,100,2,5,0.4,98,0,3,0.0,2,2
standard,semantic,100,True,3118,100,1,14,0.07142857142857142,99,0,13,0.0,1,1
standard,semantic,100,True,3120,100,1,9,0.1111111111111111,99,0,8,0.0,1,1
standard,semantic,200,True,42,200,0,13,0.0,200,0,12,0.0,0,0
standard,semantic,200,True,56,200,1,5,0.2,199,0,4,0.0,1,1
standard,semantic,200,True,69,200,1,6,0.16666666666666666,199,0,5,0.0,1,1
standard,semantic,200,True,70,200,0,7,0.0,200,0,7,0.0,0,0
standard,semantic,200,True,85,200,1,7,0.14285714285714285,199,0,6,0.0,1,1
standard,semantic,200,True,111,200,0,11,0.0,200,0,11,0.0,0,0
standard,semantic,200,True,176,200,3,5,0.6,197,0,2,0.0,3,3
standard,semantic,200,True,209,200,0,5,0.0,200,0,5,0.0,0,0
standard,semantic,200,True,210,200,2,8,0.25,198,0,6,0.0,2,2
standard,semantic,200,True,224,200,2,21,0.09523809523809523,198,0,19,0.0,2,2
standard,semantic,200,True,230,200,0,7,0.0,200,0,7,0.0,0,0
standard,semantic,200,True,304,200,0,8,0.0,200,0,8,0.0,0,0
standard,semantic,200,True,326,200,1,5,0.2,199,0,4,0.0,1,1
standard,semantic,200,True,328,200,2,25,0.08,198,0,23,0.0,2,2
standard,semantic,200,True,344,200,1,9,0.1111111111111111,199,0,8,0.0,1,1
standard,semantic,200,True,370,200,0,7,0.0,200,0,7,0.0,0,0
standard,semantic,200,True,372,200,4,5,0.8,196,0,1,0.0,4,4
standard,semantic,200,True,408,200,1,18,0.05555555555555555,199,0,17,0.0,1,1
standard,semantic,200,True,410,200,1,7,0.14285714285714285,199,0,6,0.0,1,1
standard,semantic,200,True,426,200,4,5,0.8,196,0,0,,4,4
standard,semantic,200,True,449,200,0,10,0.0,200,0,10,0.0,0,0
standard,semantic,200,True,451,200,1,8,0.125,199,0,7,0.0,1,1
standard,semantic,200,True,459,200,3,10,0.3,197,0,5,0.0,3,3
standard,semantic,200,True,538,200,1,10,0.1,199,0,8,0.0,1,1
standard,semantic,200,True,555,200,0,5,0.0,200,0,5,0.0,0,0
standard,semantic,200,True,560,200,1,9,0.1111111111111111,199,0,8,0.0,1,1
standard,semantic,200,True,567,200,0,5,0.0,200,0,5,0.0,0,0
standard,semantic,200,True,581,200,0,5,0.0,200,0,5,0.0,0,0
standard,semantic,200,True,588,200,0,5,0.0,200,0,5,0.0,0,0
standard,semantic,200,True,590,200,1,11,0.09090909090909091,199,0,10,0.0,1,1
standard,semantic,200,True,596,200,3,5,0.6,197,0,2,0.0,3,3
standard,semantic,200,True,599,200,2,6,0.3333333333333333,198,0,3,0.0,2,2
standard,semantic,200,True,605,200,0,10,0.0,200,0,10,0.0,0,0
standard,semantic,200,True,670,200,0,6,0.0,200,0,6,0.0,0,0
standard,semantic,200,True,709,200,0,8,0.0,200,0,8,0.0,0,0
standard,semantic,200,True,743,200,1,5,0.2,199,0,4,0.0,1,1
standard,semantic,200,True,781,200,2,5,0.4,199,1,4,0.25,1,1
standard,semantic,200,True,803,200,1,8,0.125,199,0,7,0.0,1,1
standard,semantic,200,True,805,200,3,19,0.15789473684210525,197,0,16,0.0,3,3
standard,semantic,200,True,810,200,0,5,0.0,200,0,5,0.0,0,0
standard,semantic,200,True,820,200,0,19,0.0,200,0,17,0.0,0,0
standard,semantic,200,True,822,200,0,9,0.0,200,0,9,0.0,0,0
standard,semantic,200,True,824,200,1,9,0.1111111111111111,199,0,8,0.0,1,1
standard,semantic,200,True,833,200,1,7,0.14285714285714285,199,0,6,0.0,1,1
standard,semantic,200,True,836,200,0,6,0.0,200,0,6,0.0,0,0
standard,semantic,200,True,912,200,2,5,0.4,198,0,3,0.0,2,2
standard,semantic,200,True,932,200,6,7,0.8571428571428571,195,1,2,0.5,5,5
standard,semantic,200,True,935,200,0,7,0.0,200,0,7,0.0,0,0
standard,semantic,200,True,940,200,0,8,0.0,200,0,8,0.0,0,0
standard,semantic,200,True,958,200,1,7,0.14285714285714285,199,0,5,0.0,1,1
standard,semantic,200,True,1077,200,0,7,0.0,200,0,7,0.0,0,0
standard,semantic,200,True,1090,200,2,15,0.13333333333333333,198,0,13,0.0,2,2
standard,semantic,200,True,1098,200,0,8,0.0,200,0,8,0.0,0,0
standard,semantic,200,True,1127,200,1,6,0.16666666666666666,199,0,5,0.0,1,1
standard,semantic,200,True,1145,200,3,6,0.5,198,1,4,0.25,2,2
standard,semantic,200,True,1164,200,0,8,0.0,200,0,7,0.0,0,0
standard,semantic,200,True,1204,200,0,37,0.0,200,0,36,0.0,0,0
standard,semantic,200,True,1263,200,2,8,0.25,199,1,7,0.14285714285714285,1,1
standard,semantic,200,True,1285,200,1,5,0.2,199,0,4,0.0,1,1
standard,semantic,200,True,1313,200,0,12,0.0,200,0,12,0.0,0,0
standard,semantic,200,True,1323,200,2,5,0.4,198,0,3,0.0,2,2
standard,semantic,200,True,1365,200,0,26,0.0,200,0,26,0.0,0,0
standard,semantic,200,True,1376,200,1,5,0.2,199,0,4,0.0,1,1
standard,semantic,200,True,1382,200,0,10,0.0,200,0,10,0.0,0,0
standard,semantic,200,True,1397,200,4,5,0.8,196,0,1,0.0,4,4
standard,semantic,200,True,1428,200,0,6,0.0,200,0,6,0.0,0,0
standard,semantic,200,True,1440,200,0,5,0.0,200,0,5,0.0,0,0
standard,semantic,200,True,1447,200,3,6,0.5,197,0,3,0.0,3,3
standard,semantic,200,True,1467,200,1,5,0.2,199,0,4,0.0,1,1
standard,semantic,200,True,1472,200,1,9,0.1111111111111111,199,0,8,0.0,1,1
standard,semantic,200,True,1494,200,0,15,0.0,200,0,12,0.0,0,0
standard,semantic,200,True,1500,200,1,6,0.16666666666666666,199,0,5,0.0,1,1
standard,semantic,200,True,1503,200,0,6,0.0,200,0,6,0.0,0,0
standard,semantic,200,True,1527,200,2,7,0.2857142857142857,198,0,5,0.0,2,2
standard,semantic,200,True,1530,200,3,7,0.42857142857142855,197,0,4,0.0,3,3
standard,semantic,200,True,1532,200,2,5,0.4,198,0,3,0.0,2,2
standard,semantic,200,True,1540,200,3,31,0.0967741935483871,197,0,25,0.0,3,3
standard,semantic,200,True,1604,200,0,15,0.0,200,0,15,0.0,0,0
standard,semantic,200,True,1640,200,1,16,0.0625,199,0,15,0.0,1,1
standard,semantic,200,True,1644,200,0,7,0.0,200,0,7,0.0,0,0
standard,semantic,200,True,1661,200,2,6,0.3333333333333333,198,0,4,0.0,2,2
standard,semantic,200,True,1742,200,0,51,0.0,200,0,51,0.0,0,0
standard,semantic,200,True,1750,200,0,8,0.0,200,0,8,0.0,0,0
standard,semantic,200,True,1753,0,0,5,0.0,0,0,4,0.0,0,0
standard,semantic,200,True,1765,200,3,6,0.5,197,0,3,0.0,3,3
standard,semantic,200,True,1773,200,2,5,0.4,198,0,3,0.0,2,2
standard,semantic,200,True,1774,200,0,6,0.0,200,0,5,0.0,0,0
standard,semantic,200,True,1824,200,0,13,0.0,200,0,13,0.0,0,0
standard,semantic,200,True,1838,200,0,6,0.0,200,0,6,0.0,0,0
standard,semantic,200,True,1865,200,2,21,0.09523809523809523,198,0,19,0.0,2,2
standard,semantic,200,True,1881,200,1,7,0.14285714285714285,199,0,6,0.0,1,1
standard,semantic,200,True,1896,200,0,13,0.0,200,0,13,0.0,0,0
standard,semantic,200,True,1920,200,2,5,0.4,198,0,3,0.0,2,2
standard,semantic,200,True,1921,200,1,5,0.2,199,0,4,0.0,1,1
standard,semantic,200,True,1945,200,0,12,0.0,200,0,12,0.0,0,0
standard,semantic,200,True,1955,200,0,7,0.0,200,0,7,0.0,0,0
standard,semantic,200,True,1967,200,0,5,0.0,200,0,5,0.0,0,0
standard,semantic,200,True,1970,200,0,12,0.0,200,0,12,0.0,0,0
standard,semantic,200,True,1991,200,2,5,0.4,198,0,3,0.0,2,2
standard,semantic,200,True,2016,200,0,30,0.0,200,0,29,0.0,0,0
standard,semantic,200,True,2031,200,1,19,0.05263157894736842,199,0,18,0.0,1,1
standard,semantic,200,True,2040,200,0,8,0.0,200,0,8,0.0,0,0
standard,semantic,200,True,2050,200,0,16,0.0,200,0,16,0.0,0,0
standard,semantic,200,True,2069,200,0,5,0.0,200,0,5,0.0,0,0
standard,semantic,200,True,2096,200,0,6,0.0,200,0,5,0.0,0,0
standard,semantic,200,True,2104,200,0,11,0.0,200,0,11,0.0,0,0
standard,semantic,200,True,2110,200,0,13,0.0,200,0,12,0.0,0,0
standard,semantic,200,True,2126,200,2,15,0.13333333333333333,199,1,14,0.07142857142857142,1,1
standard,semantic,200,True,2134,200,1,9,0.1111111111111111,199,0,7,0.0,1,1
standard,semantic,200,True,2174,200,1,12,0.08333333333333333,199,0,11,0.0,1,1
standard,semantic,200,True,2181,200,1,5,0.2,199,0,4,0.0,1,1
standard,semantic,200,True,2183,200,0,11,0.0,200,0,11,0.0,0,0
standard,semantic,200,True,2204,200,0,17,0.0,200,0,17,0.0,0,0
standard,semantic,200,True,2220,200,0,7,0.0,200,0,6,0.0,0,0
standard,semantic,200,True,2247,200,3,5,0.6,197,0,1,0.0,3,3
standard,semantic,200,True,2271,200,1,6,0.16666666666666666,199,0,5,0.0,1,1
standard,semantic,200,True,2287,200,0,10,0.0,200,0,10,0.0,0,0
standard,semantic,200,True,2316,200,5,8,0.625,197,2,5,0.4,3,3
standard,semantic,200,True,2336,200,1,53,0.018867924528301886,199,0,52,0.0,1,1
standard,semantic,200,True,2354,200,1,6,0.16666666666666666,199,0,5,0.0,1,1
standard,semantic,200,True,2412,200,1,9,0.1111111111111111,199,0,7,0.0,1,1
standard,semantic,200,True,2441,200,0,9,0.0,200,0,9,0.0,0,0
standard,semantic,200,True,2443,200,0,7,0.0,200,0,7,0.0,0,0
standard,semantic,200,True,2481,200,0,13,0.0,200,0,13,0.0,0,0
standard,semantic,200,True,2505,200,2,18,0.1111111111111111,200,2,18,0.1111111111111111,0,0
standard,semantic,200,True,2527,200,0,9,0.0,200,0,9,0.0,0,0
standard,semantic,200,True,2531,200,0,39,0.0,200,0,39,0.0,0,0
standard,semantic,200,True,2569,200,0,5,0.0,200,0,4,0.0,0,0
standard,semantic,200,True,2645,200,1,9,0.1111111111111111,199,0,8,0.0,1,1
standard,semantic,200,True,2652,200,0,31,0.0,200,0,31,0.0,0,0
standard,semantic,200,True,2665,200,0,6,0.0,200,0,6,0.0,0,0
standard,semantic,200,True,2669,200,3,5,0.6,197,0,2,0.0,3,3
standard,semantic,200,True,2675,200,2,15,0.13333333333333333,198,0,13,0.0,2,2
standard,semantic,200,True,2756,200,2,17,0.11764705882352941,198,0,15,0.0,2,2
standard,semantic,200,True,2766,200,0,16,0.0,200,0,15,0.0,0,0
standard,semantic,200,True,2781,200,0,13,0.0,200,0,12,0.0,0,0
standard,semantic,200,True,2782,200,0,7,0.0,200,0,7,0.0,0,0
standard,semantic,200,True,2783,200,1,5,0.2,199,0,4,0.0,1,1
standard,semantic,200,True,2821,200,1,23,0.043478260869565216,199,0,22,0.0,1,1
standard,semantic,200,True,2844,200,0,5,0.0,200,0,5,0.0,0,0
standard,semantic,200,True,2862,200,0,9,0.0,200,0,9,0.0,0,0
standard,semantic,200,True,2879,200,2,5,0.4,198,0,2,0.0,2,2
standard,semantic,200,True,2906,200,1,6,0.16666666666666666,199,0,5,0.0,1,1
standard,semantic,200,True,2923,200,0,5,0.0,200,0,5,0.0,0,0
standard,semantic,200,True,2930,200,1,5,0.2,199,0,4,0.0,1,1
standard,semantic,200,True,2957,200,0,8,0.0,200,0,8,0.0,0,0
standard,semantic,200,True,2988,200,0,6,0.0,200,0,6,0.0,0,0
standard,semantic,200,True,2990,200,0,5,0.0,200,0,4,0.0,0,0
standard,semantic,200,True,3003,200,1,6,0.16666666666666666,199,0,5,0.0,1,1
standard,semantic,200,True,3013,200,0,5,0.0,200,0,5,0.0,0,0
standard,semantic,200,True,3035,200,0,7,0.0,200,0,7,0.0,0,0
standard,semantic,200,True,3059,200,0,9,0.0,200,0,9,0.0,0,0
standard,semantic,200,True,3082,200,1,10,0.1,199,0,8,0.0,1,1
standard,semantic,200,True,3099,200,2,5,0.4,198,0,3,0.0,2,2
standard,semantic,200,True,3118,200,1,14,0.07142857142857142,199,0,13,0.0,1,1
standard,semantic,200,True,3120,200,1,9,0.1111111111111111,199,0,8,0.0,1,1
standard,g,10,True,42,10,1,13,0.07692307692307693,9,0,12,0.0,1,1
standard,g,10,True,56,10,0,5,0.0,10,0,4,0.0,0,0
standard,g,10,True,69,10,0,6,0.0,10,0,5,0.0,0,0
standard,g,10,True,70,10,0,7,0.0,10,0,7,0.0,0,0
standard,g,10,True,85,10,1,7,0.14285714285714285,9,0,6,0.0,1,1
standard,g,10,True,111,10,0,11,0.0,10,0,11,0.0,0,0
standard,g,10,True,176,10,0,5,0.0,10,0,2,0.0,0,0
standard,g,10,True,209,10,0,5,0.0,10,0,5,0.0,0,0
standard,g,10,True,210,10,1,8,0.125,9,0,6,0.0,1,1
standard,g,10,True,224,10,1,21,0.047619047619047616,10,1,19,0.05263157894736842,0,0
standard,g,10,True,230,10,1,7,0.14285714285714285,10,1,7,0.14285714285714285,0,0
standard,g,10,True,304,10,0,8,0.0,10,0,8,0.0,0,0
standard,g,10,True,326,10,0,5,0.0,10,0,4,0.0,0,0
standard,g,10,True,328,10,0,25,0.0,10,0,23,0.0,0,0
standard,g,10,True,344,10,0,9,0.0,10,0,8,0.0,0,0
standard,g,10,True,370,10,0,7,0.0,10,0,7,0.0,0,0
standard,g,10,True,372,10,0,5,0.0,10,0,1,0.0,0,0
standard,g,10,True,408,10,0,18,0.0,10,0,17,0.0,0,0
standard,g,10,True,410,10,1,7,0.14285714285714285,9,0,6,0.0,1,1
standard,g,10,True,426,10,0,5,0.0,10,0,0,,0,0
standard,g,10,True,449,10,0,10,0.0,10,0,10,0.0,0,0
standard,g,10,True,451,10,0,8,0.0,10,0,7,0.0,0,0
standard,g,10,True,459,10,0,10,0.0,10,0,5,0.0,0,0
standard,g,10,True,538,10,0,10,0.0,10,0,8,0.0,0,0
standard,g,10,True,555,10,0,5,0.0,10,0,5,0.0,0,0
standard,g,10,True,560,10,0,9,0.0,10,0,8,0.0,0,0
standard,g,10,True,567,10,0,5,0.0,10,0,5,0.0,0,0
standard,g,10,True,581,10,0,5,0.0,10,0,5,0.0,0,0
standard,g,10,True,588,10,0,5,0.0,10,0,5,0.0,0,0
standard,g,10,True,590,10,0,11,0.0,10,0,10,0.0,0,0
standard,g,10,True,596,10,0,5,0.0,10,0,2,0.0,0,0
standard,g,10,True,599,10,0,6,0.0,10,0,3,0.0,0,0
standard,g,10,True,605,10,0,10,0.0,10,0,10,0.0,0,0
standard,g,10,True,670,10,0,6,0.0,10,0,6,0.0,0,0
standard,g,10,True,709,10,0,8,0.0,10,0,8,0.0,0,0
standard,g,10,True,743,10,0,5,0.0,10,0,4,0.0,0,0
standard,g,10,True,781,10,0,5,0.0,10,0,4,0.0,0,0
standard,g,10,True,803,10,0,8,0.0,10,0,7,0.0,0,0
standard,g,10,True,805,10,4,19,0.21052631578947367,9,3,16,0.1875,1,1
standard,g,10,True,810,10,0,5,0.0,10,0,5,0.0,0,0
standard,g,10,True,820,10,1,19,0.05263157894736842,10,1,17,0.058823529411764705,0,0
standard,g,10,True,822,10,0,9,0.0,10,0,9,0.0,0,0
standard,g,10,True,824,10,0,9,0.0,10,0,8,0.0,0,0
standard,g,10,True,833,10,0,7,0.0,10,0,6,0.0,0,0
standard,g,10,True,836,10,0,6,0.0,10,0,6,0.0,0,0
standard,g,10,True,912,10,1,5,0.2,10,1,3,0.3333333333333333,0,0
standard,g,10,True,932,10,1,7,0.14285714285714285,9,0,2,0.0,1,1
standard,g,10,True,935,10,0,7,0.0,10,0,7,0.0,0,0
standard,g,10,True,940,10,0,8,0.0,10,0,8,0.0,0,0
standard,g,10,True,958,10,0,7,0.0,10,0,5,0.0,0,0
standard,g,10,True,1077,10,0,7,0.0,10,0,7,0.0,0,0
standard,g,10,True,1090,10,0,15,0.0,10,0,13,0.0,0,0
standard,g,10,True,1098,10,0,8,0.0,10,0,8,0.0,0,0
standard,g,10,True,1127,10,1,6,0.16666666666666666,10,1,5,0.2,0,0
standard,g,10,True,1145,10,0,6,0.0,10,0,4,0.0,0,0
standard,g,10,True,1164,10,0,8,0.0,10,0,7,0.0,0,0
standard,g,10,True,1204,10,0,37,0.0,10,0,36,0.0,0,0
standard,g,10,True,1263,10,0,8,0.0,10,0,7,0.0,0,0
standard,g,10,True,1285,10,0,5,0.0,10,0,4,0.0,0,0
standard,g,10,True,1313,10,0,12,0.0,10,0,12,0.0,0,0
standard,g,10,True,1323,10,0,5,0.0,10,0,3,0.0,0,0
standard,g,10,True,1365,10,0,26,0.0,10,0,26,0.0,0,0
standard,g,10,True,1376,10,0,5,0.0,10,0,4,0.0,0,0
standard,g,10,True,1382,10,0,10,0.0,10,0,10,0.0,0,0
standard,g,10,True,1397,10,0,5,0.0,10,0,1,0.0,0,0
standard,g,10,True,1428,10,0,6,0.0,10,0,6,0.0,0,0
standard,g,10,True,1440,10,0,5,0.0,10,0,5,0.0,0,0
standard,g,10,True,1447,10,0,6,0.0,10,0,3,0.0,0,0
standard,g,10,True,1467,10,0,5,0.0,10,0,4,0.0,0,0
standard,g,10,True,1472,10,1,9,0.1111111111111111,10,1,8,0.125,0,0
standard,g,10,True,1494,10,0,15,0.0,10,0,12,0.0,0,0
standard,g,10,True,1500,10,0,6,0.0,10,0,5,0.0,0,0
standard,g,10,True,1503,10,0,6,0.0,10,0,6,0.0,0,0
standard,g,10,True,1527,10,0,7,0.0,10,0,5,0.0,0,0
standard,g,10,True,1530,10,0,7,0.0,10,0,4,0.0,0,0
standard,g,10,True,1532,10,0,5,0.0,10,0,3,0.0,0,0
standard,g,10,True,1540,10,0,31,0.0,10,0,25,0.0,0,0
standard,g,10,True,1604,10,0,15,0.0,10,0,15,0.0,0,0
standard,g,10,True,1640,10,0,16,0.0,10,0,15,0.0,0,0
standard,g,10,True,1644,10,0,7,0.0,10,0,7,0.0,0,0
standard,g,10,True,1661,10,0,6,0.0,10,0,4,0.0,0,0
standard,g,10,True,1742,10,0,51,0.0,10,0,51,0.0,0,0
standard,g,10,True,1750,10,0,8,0.0,10,0,8,0.0,0,0
standard,g,10,True,1753,10,0,5,0.0,10,0,4,0.0,0,0
standard,g,10,True,1765,10,0,6,0.0,10,0,3,0.0,0,0
standard,g,10,True,1773,10,0,5,0.0,10,0,3,0.0,0,0
standard,g,10,True,1774,10,0,6,0.0,10,0,5,0.0,0,0
standard,g,10,True,1824,10,0,13,0.0,10,0,13,0.0,0,0
standard,g,10,True,1838,10,0,6,0.0,10,0,6,0.0,0,0
standard,g,10,True,1865,10,0,21,0.0,10,0,19,0.0,0,0
standard,g,10,True,1881,10,0,7,0.0,10,0,6,0.0,0,0
standard,g,10,True,1896,10,0,13,0.0,10,0,13,0.0,0,0
standard,g,10,True,1920,10,0,5,0.0,10,0,3,0.0,0,0
standard,g,10,True,1921,10,0,5,0.0,10,0,4,0.0,0,0
standard,g,10,True,1945,10,1,12,0.08333333333333333,10,1,12,0.08333333333333333,0,0
standard,g,10,True,1955,10,0,7,0.0,10,0,7,0.0,0,0
standard,g,10,True,1967,10,0,5,0.0,10,0,5,0.0,0,0
standard,g,10,True,1970,10,0,12,0.0,10,0,12,0.0,0,0
standard,g,10,True,1991,10,0,5,0.0,10,0,3,0.0,0,0
standard,g,10,True,2016,10,1,30,0.03333333333333333,9,0,29,0.0,1,1
standard,g,10,True,2031,10,0,19,0.0,10,0,18,0.0,0,0
standard,g,10,True,2040,10,0,8,0.0,10,0,8,0.0,0,0
standard,g,10,True,2050,10,1,16,0.0625,10,1,16,0.0625,0,0
standard,g,10,True,2069,10,0,5,0.0,10,0,5,0.0,0,0
standard,g,10,True,2096,10,0,6,0.0,10,0,5,0.0,0,0
standard,g,10,True,2104,10,0,11,0.0,10,0,11,0.0,0,0
standard,g,10,True,2110,10,0,13,0.0,10,0,12,0.0,0,0
standard,g,10,True,2126,10,0,15,0.0,10,0,14,0.0,0,0
standard,g,10,True,2134,10,0,9,0.0,10,0,7,0.0,0,0
standard,g,10,True,2174,10,0,12,0.0,10,0,11,0.0,0,0
standard,g,10,True,2181,10,0,5,0.0,10,0,4,0.0,0,0
standard,g,10,True,2183,10,0,11,0.0,10,0,11,0.0,0,0
standard,g,10,True,2204,10,1,17,0.058823529411764705,10,1,17,0.058823529411764705,0,0
standard,g,10,True,2220,10,0,7,0.0,10,0,6,0.0,0,0
standard,g,10,True,2247,10,0,5,0.0,10,0,1,0.0,0,0
standard,g,10,True,2271,10,0,6,0.0,10,0,5,0.0,0,0
standard,g,10,True,2287,10,0,10,0.0,10,0,10,0.0,0,0
standard,g,10,True,2316,10,0,8,0.0,10,0,5,0.0,0,0
standard,g,10,True,2336,10,1,53,0.018867924528301886,10,1,52,0.019230769230769232,0,0
standard,g,10,True,2354,10,0,6,0.0,10,0,5,0.0,0,0
standard,g,10,True,2412,10,0,9,0.0,10,0,7,0.0,0,0
standard,g,10,True,2441,10,0,9,0.0,10,0,9,0.0,0,0
standard,g,10,True,2443,10,0,7,0.0,10,0,7,0.0,0,0
standard,g,10,True,2481,10,0,13,0.0,10,0,13,0.0,0,0
standard,g,10,True,2505,10,0,18,0.0,10,0,18,0.0,0,0
standard,g,10,True,2527,10,1,9,0.1111111111111111,10,1,9,0.1111111111111111,0,0
standard,g,10,True,2531,10,0,39,0.0,10,0,39,0.0,0,0
standard,g,10,True,2569,10,0,5,0.0,10,0,4,0.0,0,0
standard,g,10,True,2645,10,1,9,0.1111111111111111,10,1,8,0.125,0,0
standard,g,10,True,2652,10,0,31,0.0,10,0,31,0.0,0,0
standard,g,10,True,2665,10,0,6,0.0,10,0,6,0.0,0,0
standard,g,10,True,2669,10,0,5,0.0,10,0,2,0.0,0,0
standard,g,10,True,2675,10,0,15,0.0,10,0,13,0.0,0,0
standard,g,10,True,2756,10,0,17,0.0,10,0,15,0.0,0,0
standard,g,10,True,2766,10,1,16,0.0625,10,1,15,0.06666666666666667,0,0
standard,g,10,True,2781,10,0,13,0.0,10,0,12,0.0,0,0
standard,g,10,True,2782,10,0,7,0.0,10,0,7,0.0,0,0
standard,g,10,True,2783,10,0,5,0.0,10,0,4,0.0,0,0
standard,g,10,True,2821,10,0,23,0.0,10,0,22,0.0,0,0
standard,g,10,True,2844,10,0,5,0.0,10,0,5,0.0,0,0
standard,g,10,True,2862,10,0,9,0.0,10,0,9,0.0,0,0
standard,g,10,True,2879,10,0,5,0.0,10,0,2,0.0,0,0
standard,g,10,True,2906,10,0,6,0.0,10,0,5,0.0,0,0
standard,g,10,True,2923,10,0,5,0.0,10,0,5,0.0,0,0
standard,g,10,True,2930,10,0,5,0.0,10,0,4,0.0,0,0
standard,g,10,True,2957,10,0,8,0.0,10,0,8,0.0,0,0
standard,g,10,True,2988,10,0,6,0.0,10,0,6,0.0,0,0
standard,g,10,True,2990,10,0,5,0.0,10,0,4,0.0,0,0
standard,g,10,True,3003,10,0,6,0.0,10,0,5,0.0,0,0
standard,g,10,True,3013,10,1,5,0.2,10,1,5,0.2,0,0
standard,g,10,True,3035,10,0,7,0.0,10,0,7,0.0,0,0
standard,g,10,True,3059,10,0,9,0.0,10,0,9,0.0,0,0
standard,g,10,True,3082,10,0,10,0.0,10,0,8,0.0,0,0
standard,g,10,True,3099,10,0,5,0.0,10,0,3,0.0,0,0
standard,g,10,True,3118,10,0,14,0.0,10,0,13,0.0,0,0
standard,g,10,True,3120,10,0,9,0.0,10,0,8,0.0,0,0
standard,g,50,True,42,50,2,13,0.15384615384615385,49,1,12,0.08333333333333333,1,1
standard,g,50,True,56,50,0,5,0.0,50,0,4,0.0,0,0
standard,g,50,True,69,50,0,6,0.0,50,0,5,0.0,0,0
standard,g,50,True,70,50,0,7,0.0,50,0,7,0.0,0,0
standard,g,50,True,85,50,1,7,0.14285714285714285,49,0,6,0.0,1,1
standard,g,50,True,111,50,0,11,0.0,50,0,11,0.0,0,0
standard,g,50,True,176,50,0,5,0.0,50,0,2,0.0,0,0
standard,g,50,True,209,50,0,5,0.0,50,0,5,0.0,0,0
standard,g,50,True,210,50,1,8,0.125,49,0,6,0.0,1,1
standard,g,50,True,224,50,1,21,0.047619047619047616,50,1,19,0.05263157894736842,0,0
standard,g,50,True,230,50,1,7,0.14285714285714285,50,1,7,0.14285714285714285,0,0
standard,g,50,True,304,50,0,8,0.0,50,0,8,0.0,0,0
standard,g,50,True,326,50,0,5,0.0,50,0,4,0.0,0,0
standard,g,50,True,328,50,1,25,0.04,50,1,23,0.043478260869565216,0,0
standard,g,50,True,344,50,0,9,0.0,50,0,8,0.0,0,0
standard,g,50,True,370,50,0,7,0.0,50,0,7,0.0,0,0
standard,g,50,True,372,50,1,5,0.2,49,0,1,0.0,1,1
standard,g,50,True,408,50,2,18,0.1111111111111111,50,2,17,0.11764705882352941,0,0
standard,g,50,True,410,50,4,7,0.5714285714285714,49,3,6,0.5,1,1
standard,g,50,True,426,50,0,5,0.0,50,0,0,,0,0
standard,g,50,True,449,50,0,10,0.0,50,0,10,0.0,0,0
standard,g,50,True,451,50,0,8,0.0,50,0,7,0.0,0,0
standard,g,50,True,459,50,0,10,0.0,50,0,5,0.0,0,0
standard,g,50,True,538,50,1,10,0.1,50,1,8,0.125,0,0
standard,g,50,True,555,50,0,5,0.0,50,0,5,0.0,0,0
standard,g,50,True,560,50,0,9,0.0,50,0,8,0.0,0,0
standard,g,50,True,567,50,1,5,0.2,50,1,5,0.2,0,0
standard,g,50,True,581,50,1,5,0.2,50,1,5,0.2,0,0
standard,g,50,True,588,50,0,5,0.0,50,0,5,0.0,0,0
standard,g,50,True,590,50,0,11,0.0,50,0,10,0.0,0,0
standard,g,50,True,596,50,0,5,0.0,50,0,2,0.0,0,0
standard,g,50,True,599,50,0,6,0.0,50,0,3,0.0,0,0
standard,g,50,True,605,50,0,10,0.0,50,0,10,0.0,0,0
standard,g,50,True,670,50,0,6,0.0,50,0,6,0.0,0,0
standard,g,50,True,709,50,0,8,0.0,50,0,8,0.0,0,0
standard,g,50,True,743,50,1,5,0.2,50,1,4,0.25,0,0
standard,g,50,True,781,50,0,5,0.0,50,0,4,0.0,0,0
standard,g,50,True,803,50,0,8,0.0,50,0,7,0.0,0,0
standard,g,50,True,805,50,7,19,0.3684210526315789,49,6,16,0.375,1,1
standard,g,50,True,810,50,0,5,0.0,50,0,5,0.0,0,0
standard,g,50,True,820,50,1,19,0.05263157894736842,50,1,17,0.058823529411764705,0,0
standard,g,50,True,822,50,0,9,0.0,50,0,9,0.0,0,0
standard,g,50,True,824,50,2,9,0.2222222222222222,50,2,8,0.25,0,0
standard,g,50,True,833,50,1,7,0.14285714285714285,50,1,6,0.16666666666666666,0,0
standard,g,50,True,836,50,0,6,0.0,50,0,6,0.0,0,0
standard,g,50,True,912,50,2,5,0.4,50,2,3,0.6666666666666666,0,0
standard,g,50,True,932,50,3,7,0.42857142857142855,47,0,2,0.0,3,3
standard,g,50,True,935,50,0,7,0.0,50,0,7,0.0,0,0
standard,g,50,True,940,50,1,8,0.125,50,1,8,0.125,0,0
standard,g,50,True,958,50,0,7,0.0,50,0,5,0.0,0,0
standard,g,50,True,1077,50,0,7,0.0,50,0,7,0.0,0,0
standard,g,50,True,1090,50,0,15,0.0,50,0,13,0.0,0,0
standard,g,50,True,1098,50,0,8,0.0,50,0,8,0.0,0,0
standard,g,50,True,1127,50,2,6,0.3333333333333333,50,2,5,0.4,0,0
standard,g,50,True,1145,50,0,6,0.0,50,0,4,0.0,0,0
standard,g,50,True,1164,50,0,8,0.0,50,0,7,0.0,0,0
standard,g,50,True,1204,50,0,37,0.0,50,0,36,0.0,0,0
standard,g,50,True,1263,50,0,8,0.0,50,0,7,0.0,0,0
standard,g,50,True,1285,50,0,5,0.0,50,0,4,0.0,0,0
standard,g,50,True,1313,50,1,12,0.08333333333333333,50,1,12,0.08333333333333333,0,0
standard,g,50,True,1323,50,1,5,0.2,49,0,3,0.0,1,1
standard,g,50,True,1365,50,0,26,0.0,50,0,26,0.0,0,0
standard,g,50,True,1376,50,0,5,0.0,50,0,4,0.0,0,0
standard,g,50,True,1382,50,0,10,0.0,50,0,10,0.0,0,0
standard,g,50,True,1397,50,0,5,0.0,50,0,1,0.0,0,0
standard,g,50,True,1428,50,0,6,0.0,50,0,6,0.0,0,0
standard,g,50,True,1440,50,0,5,0.0,50,0,5,0.0,0,0
standard,g,50,True,1447,50,0,6,0.0,50,0,3,0.0,0,0
standard,g,50,True,1467,50,0,5,0.0,50,0,4,0.0,0,0
standard,g,50,True,1472,50,1,9,0.1111111111111111,50,1,8,0.125,0,0
standard,g,50,True,1494,50,0,15,0.0,50,0,12,0.0,0,0
standard,g,50,True,1500,50,0,6,0.0,50,0,5,0.0,0,0
standard,g,50,True,1503,50,0,6,0.0,50,0,6,0.0,0,0
standard,g,50,True,1527,50,0,7,0.0,50,0,5,0.0,0,0
standard,g,50,True,1530,50,0,7,0.0,50,0,4,0.0,0,0
standard,g,50,True,1532,50,0,5,0.0,50,0,3,0.0,0,0
standard,g,50,True,1540,50,0,31,0.0,50,0,25,0.0,0,0
standard,g,50,True,1604,50,1,15,0.06666666666666667,50,1,15,0.06666666666666667,0,0
standard,g,50,True,1640,50,0,16,0.0,50,0,15,0.0,0,0
standard,g,50,True,1644,50,0,7,0.0,50,0,7,0.0,0,0
standard,g,50,True,1661,50,0,6,0.0,50,0,4,0.0,0,0
standard,g,50,True,1742,50,1,51,0.0196078431372549,50,1,51,0.0196078431372549,0,0
standard,g,50,True,1750,50,0,8,0.0,50,0,8,0.0,0,0
standard,g,50,True,1753,50,0,5,0.0,50,0,4,0.0,0,0
standard,g,50,True,1765,50,1,6,0.16666666666666666,50,1,3,0.3333333333333333,0,0
standard,g,50,True,1773,50,0,5,0.0,50,0,3,0.0,0,0
standard,g,50,True,1774,50,0,6,0.0,50,0,5,0.0,0,0
standard,g,50,True,1824,50,0,13,0.0,50,0,13,0.0,0,0
standard,g,50,True,1838,50,0,6,0.0,50,0,6,0.0,0,0
standard,g,50,True,1865,50,0,21,0.0,50,0,19,0.0,0,0
standard,g,50,True,1881,50,0,7,0.0,50,0,6,0.0,0,0
standard,g,50,True,1896,50,0,13,0.0,50,0,13,0.0,0,0
standard,g,50,True,1920,50,0,5,0.0,50,0,3,0.0,0,0
standard,g,50,True,1921,50,0,5,0.0,50,0,4,0.0,0,0
standard,g,50,True,1945,50,1,12,0.08333333333333333,50,1,12,0.08333333333333333,0,0
standard,g,50,True,1955,50,0,7,0.0,50,0,7,0.0,0,0
standard,g,50,True,1967,50,0,5,0.0,50,0,5,0.0,0,0
standard,g,50,True,1970,50,0,12,0.0,50,0,12,0.0,0,0
standard,g,50,True,1991,50,0,5,0.0,50,0,3,0.0,0,0
standard,g,50,True,2016,50,2,30,0.06666666666666667,49,1,29,0.034482758620689655,1,1
standard,g,50,True,2031,50,1,19,0.05263157894736842,50,1,18,0.05555555555555555,0,0
standard,g,50,True,2040,50,0,8,0.0,50,0,8,0.0,0,0
standard,g,50,True,2050,50,2,16,0.125,50,2,16,0.125,0,0
standard,g,50,True,2069,50,0,5,0.0,50,0,5,0.0,0,0
standard,g,50,True,2096,50,0,6,0.0,50,0,5,0.0,0,0
standard,g,50,True,2104,50,0,11,0.0,50,0,11,0.0,0,0
standard,g,50,True,2110,50,0,13,0.0,50,0,12,0.0,0,0
standard,g,50,True,2126,50,0,15,0.0,50,0,14,0.0,0,0
standard,g,50,True,2134,50,0,9,0.0,50,0,7,0.0,0,0
standard,g,50,True,2174,50,0,12,0.0,50,0,11,0.0,0,0
standard,g,50,True,2181,50,0,5,0.0,50,0,4,0.0,0,0
standard,g,50,True,2183,50,0,11,0.0,50,0,11,0.0,0,0
standard,g,50,True,2204,50,1,17,0.058823529411764705,50,1,17,0.058823529411764705,0,0
standard,g,50,True,2220,50,0,7,0.0,50,0,6,0.0,0,0
standard,g,50,True,2247,50,0,5,0.0,50,0,1,0.0,0,0
standard,g,50,True,2271,50,0,6,0.0,50,0,5,0.0,0,0
standard,g,50,True,2287,50,0,10,0.0,50,0,10,0.0,0,0
standard,g,50,True,2316,50,0,8,0.0,50,0,5,0.0,0,0
standard,g,50,True,2336,50,3,53,0.05660377358490566,50,3,52,0.057692307692307696,0,0
standard,g,50,True,2354,50,0,6,0.0,50,0,5,0.0,0,0
standard,g,50,True,2412,50,0,9,0.0,50,0,7,0.0,0,0
standard,g,50,True,2441,50,0,9,0.0,50,0,9,0.0,0,0
standard,g,50,True,2443,50,0,7,0.0,50,0,7,0.0,0,0
standard,g,50,True,2481,50,0,13,0.0,50,0,13,0.0,0,0
standard,g,50,True,2505,50,0,18,0.0,50,0,18,0.0,0,0
standard,g,50,True,2527,50,2,9,0.2222222222222222,50,2,9,0.2222222222222222,0,0
standard,g,50,True,2531,50,0,39,0.0,50,0,39,0.0,0,0
standard,g,50,True,2569,50,0,5,0.0,50,0,4,0.0,0,0
standard,g,50,True,2645,50,1,9,0.1111111111111111,50,1,8,0.125,0,0
standard,g,50,True,2652,50,0,31,0.0,50,0,31,0.0,0,0
standard,g,50,True,2665,50,0,6,0.0,50,0,6,0.0,0,0
standard,g,50,True,2669,50,0,5,0.0,50,0,2,0.0,0,0
standard,g,50,True,2675,50,0,15,0.0,50,0,13,0.0,0,0
standard,g,50,True,2756,50,0,17,0.0,50,0,15,0.0,0,0
standard,g,50,True,2766,50,1,16,0.0625,50,1,15,0.06666666666666667,0,0
standard,g,50,True,2781,50,0,13,0.0,50,0,12,0.0,0,0
standard,g,50,True,2782,50,0,7,0.0,50,0,7,0.0,0,0
standard,g,50,True,2783,50,0,5,0.0,50,0,4,0.0,0,0
standard,g,50,True,2821,50,2,23,0.08695652173913043,50,2,22,0.09090909090909091,0,0
standard,g,50,True,2844,50,0,5,0.0,50,0,5,0.0,0,0
standard,g,50,True,2862,50,0,9,0.0,50,0,9,0.0,0,0
standard,g,50,True,2879,50,0,5,0.0,50,0,2,0.0,0,0
standard,g,50,True,2906,50,0,6,0.0,50,0,5,0.0,0,0
standard,g,50,True,2923,50,1,5,0.2,50,1,5,0.2,0,0
standard,g,50,True,2930,50,0,5,0.0,50,0,4,0.0,0,0
standard,g,50,True,2957,50,0,8,0.0,50,0,8,0.0,0,0
standard,g,50,True,2988,50,0,6,0.0,50,0,6,0.0,0,0
standard,g,50,True,2990,50,1,5,0.2,49,0,4,0.0,1,1
standard,g,50,True,3003,50,0,6,0.0,50,0,5,0.0,0,0
standard,g,50,True,3013,50,1,5,0.2,50,1,5,0.2,0,0
standard,g,50,True,3035,50,0,7,0.0,50,0,7,0.0,0,0
standard,g,50,True,3059,50,0,9,0.0,50,0,9,0.0,0,0
standard,g,50,True,3082,50,1,10,0.1,50,1,8,0.125,0,0
standard,g,50,True,3099,50,0,5,0.0,50,0,3,0.0,0,0
standard,g,50,True,3118,50,0,14,0.0,50,0,13,0.0,0,0
standard,g,50,True,3120,50,0,9,0.0,50,0,8,0.0,0,0
standard,g,100,True,42,100,2,13,0.15384615384615385,99,1,12,0.08333333333333333,1,1
standard,g,100,True,56,100,0,5,0.0,100,0,4,0.0,0,0
standard,g,100,True,69,100,0,6,0.0,100,0,5,0.0,0,0
standard,g,100,True,70,100,0,7,0.0,100,0,7,0.0,0,0
standard,g,100,True,85,100,2,7,0.2857142857142857,99,1,6,0.16666666666666666,1,1
standard,g,100,True,111,100,1,11,0.09090909090909091,100,1,11,0.09090909090909091,0,0
standard,g,100,True,176,100,0,5,0.0,100,0,2,0.0,0,0
standard,g,100,True,209,100,0,5,0.0,100,0,5,0.0,0,0
standard,g,100,True,210,100,1,8,0.125,99,0,6,0.0,1,1
standard,g,100,True,224,100,1,21,0.047619047619047616,100,1,19,0.05263157894736842,0,0
standard,g,100,True,230,100,1,7,0.14285714285714285,100,1,7,0.14285714285714285,0,0
standard,g,100,True,304,100,1,8,0.125,100,1,8,0.125,0,0
standard,g,100,True,326,100,0,5,0.0,100,0,4,0.0,0,0
standard,g,100,True,328,100,2,25,0.08,100,2,23,0.08695652173913043,0,0
standard,g,100,True,344,100,0,9,0.0,100,0,8,0.0,0,0
standard,g,100,True,370,100,0,7,0.0,100,0,7,0.0,0,0
standard,g,100,True,372,100,1,5,0.2,99,0,1,0.0,1,1
standard,g,100,True,408,100,4,18,0.2222222222222222,99,3,17,0.17647058823529413,1,1
standard,g,100,True,410,100,4,7,0.5714285714285714,99,3,6,0.5,1,1
standard,g,100,True,426,100,1,5,0.2,99,0,0,,1,1
standard,g,100,True,449,100,0,10,0.0,100,0,10,0.0,0,0
standard,g,100,True,451,100,0,8,0.0,100,0,7,0.0,0,0
standard,g,100,True,459,100,0,10,0.0,100,0,5,0.0,0,0
standard,g,100,True,538,100,2,10,0.2,100,2,8,0.25,0,0
standard,g,100,True,555,100,0,5,0.0,100,0,5,0.0,0,0
standard,g,100,True,560,100,0,9,0.0,100,0,8,0.0,0,0
standard,g,100,True,567,100,1,5,0.2,100,1,5,0.2,0,0
standard,g,100,True,581,100,2,5,0.4,100,2,5,0.4,0,0
standard,g,100,True,588,100,0,5,0.0,100,0,5,0.0,0,0
standard,g,100,True,590,100,0,11,0.0,100,0,10,0.0,0,0
standard,g,100,True,596,100,0,5,0.0,100,0,2,0.0,0,0
standard,g,100,True,599,100,0,6,0.0,100,0,3,0.0,0,0
standard,g,100,True,605,100,0,10,0.0,100,0,10,0.0,0,0
standard,g,100,True,670,100,0,6,0.0,100,0,6,0.0,0,0
standard,g,100,True,709,100,0,8,0.0,100,0,8,0.0,0,0
standard,g,100,True,743,100,1,5,0.2,100,1,4,0.25,0,0
standard,g,100,True,781,100,0,5,0.0,100,0,4,0.0,0,0
standard,g,100,True,803,100,0,8,0.0,100,0,7,0.0,0,0
standard,g,100,True,805,100,9,19,0.47368421052631576,99,8,16,0.5,1,1
standard,g,100,True,810,100,0,5,0.0,100,0,5,0.0,0,0
standard,g,100,True,820,100,2,19,0.10526315789473684,100,2,17,0.11764705882352941,0,0
standard,g,100,True,822,100,0,9,0.0,100,0,9,0.0,0,0
standard,g,100,True,824,100,2,9,0.2222222222222222,100,2,8,0.25,0,0
standard,g,100,True,833,100,1,7,0.14285714285714285,100,1,6,0.16666666666666666,0,0
standard,g,100,True,836,100,0,6,0.0,100,0,6,0.0,0,0
standard,g,100,True,912,100,2,5,0.4,100,2,3,0.6666666666666666,0,0
standard,g,100,True,932,100,3,7,0.42857142857142855,97,0,2,0.0,3,3
standard,g,100,True,935,100,0,7,0.0,100,0,7,0.0,0,0
standard,g,100,True,940,100,1,8,0.125,100,1,8,0.125,0,0
standard,g,100,True,958,100,1,7,0.14285714285714285,100,1,5,0.2,0,0
standard,g,100,True,1077,100,0,7,0.0,100,0,7,0.0,0,0
standard,g,100,True,1090,100,0,15,0.0,100,0,13,0.0,0,0
standard,g,100,True,1098,100,1,8,0.125,100,1,8,0.125,0,0
standard,g,100,True,1127,100,2,6,0.3333333333333333,100,2,5,0.4,0,0
standard,g,100,True,1145,100,0,6,0.0,100,0,4,0.0,0,0
standard,g,100,True,1164,100,1,8,0.125,100,1,7,0.14285714285714285,0,0
standard,g,100,True,1204,100,0,37,0.0,100,0,36,0.0,0,0
standard,g,100,True,1263,100,0,8,0.0,100,0,7,0.0,0,0
standard,g,100,True,1285,100,1,5,0.2,100,1,4,0.25,0,0
standard,g,100,True,1313,100,1,12,0.08333333333333333,100,1,12,0.08333333333333333,0,0
standard,g,100,True,1323,100,1,5,0.2,99,0,3,0.0,1,1
standard,g,100,True,1365,100,0,26,0.0,100,0,26,0.0,0,0
standard,g,100,True,1376,100,0,5,0.0,100,0,4,0.0,0,0
standard,g,100,True,1382,100,0,10,0.0,100,0,10,0.0,0,0
standard,g,100,True,1397,100,0,5,0.0,100,0,1,0.0,0,0
standard,g,100,True,1428,100,0,6,0.0,100,0,6,0.0,0,0
standard,g,100,True,1440,100,0,5,0.0,100,0,5,0.0,0,0
standard,g,100,True,1447,100,0,6,0.0,100,0,3,0.0,0,0
standard,g,100,True,1467,100,0,5,0.0,100,0,4,0.0,0,0
standard,g,100,True,1472,100,1,9,0.1111111111111111,100,1,8,0.125,0,0
standard,g,100,True,1494,100,0,15,0.0,100,0,12,0.0,0,0
standard,g,100,True,1500,100,0,6,0.0,100,0,5,0.0,0,0
standard,g,100,True,1503,100,3,6,0.5,100,3,6,0.5,0,0
standard,g,100,True,1527,100,1,7,0.14285714285714285,99,0,5,0.0,1,1
standard,g,100,True,1530,100,0,7,0.0,100,0,4,0.0,0,0
standard,g,100,True,1532,100,1,5,0.2,99,0,3,0.0,1,1
standard,g,100,True,1540,100,0,31,0.0,100,0,25,0.0,0,0
standard,g,100,True,1604,100,1,15,0.06666666666666667,100,1,15,0.06666666666666667,0,0
standard,g,100,True,1640,100,0,16,0.0,100,0,15,0.0,0,0
standard,g,100,True,1644,100,0,7,0.0,100,0,7,0.0,0,0
standard,g,100,True,1661,100,0,6,0.0,100,0,4,0.0,0,0
standard,g,100,True,1742,100,2,51,0.0392156862745098,100,2,51,0.0392156862745098,0,0
standard,g,100,True,1750,100,0,8,0.0,100,0,8,0.0,0,0
standard,g,100,True,1753,100,0,5,0.0,100,0,4,0.0,0,0
standard,g,100,True,1765,100,2,6,0.3333333333333333,99,1,3,0.3333333333333333,1,1
standard,g,100,True,1773,100,0,5,0.0,100,0,3,0.0,0,0
standard,g,100,True,1774,100,0,6,0.0,100,0,5,0.0,0,0
standard,g,100,True,1824,100,0,13,0.0,100,0,13,0.0,0,0
standard,g,100,True,1838,100,0,6,0.0,100,0,6,0.0,0,0
standard,g,100,True,1865,100,0,21,0.0,100,0,19,0.0,0,0
standard,g,100,True,1881,100,0,7,0.0,100,0,6,0.0,0,0
standard,g,100,True,1896,100,0,13,0.0,100,0,13,0.0,0,0
standard,g,100,True,1920,100,0,5,0.0,100,0,3,0.0,0,0
standard,g,100,True,1921,100,0,5,0.0,100,0,4,0.0,0,0
standard,g,100,True,1945,100,1,12,0.08333333333333333,100,1,12,0.08333333333333333,0,0
standard,g,100,True,1955,100,0,7,0.0,100,0,7,0.0,0,0
standard,g,100,True,1967,100,0,5,0.0,100,0,5,0.0,0,0
standard,g,100,True,1970,100,1,12,0.08333333333333333,100,1,12,0.08333333333333333,0,0
standard,g,100,True,1991,100,0,5,0.0,100,0,3,0.0,0,0
standard,g,100,True,2016,100,7,30,0.23333333333333334,99,6,29,0.20689655172413793,1,1
standard,g,100,True,2031,100,1,19,0.05263157894736842,100,1,18,0.05555555555555555,0,0
standard,g,100,True,2040,100,0,8,0.0,100,0,8,0.0,0,0
standard,g,100,True,2050,100,4,16,0.25,100,4,16,0.25,0,0
standard,g,100,True,2069,100,0,5,0.0,100,0,5,0.0,0,0
standard,g,100,True,2096,100,0,6,0.0,100,0,5,0.0,0,0
standard,g,100,True,2104,100,0,11,0.0,100,0,11,0.0,0,0
standard,g,100,True,2110,100,2,13,0.15384615384615385,100,2,12,0.16666666666666666,0,0
standard,g,100,True,2126,100,0,15,0.0,100,0,14,0.0,0,0
standard,g,100,True,2134,100,0,9,0.0,100,0,7,0.0,0,0
standard,g,100,True,2174,100,0,12,0.0,100,0,11,0.0,0,0
standard,g,100,True,2181,100,0,5,0.0,100,0,4,0.0,0,0
standard,g,100,True,2183,100,1,11,0.09090909090909091,100,1,11,0.09090909090909091,0,0
standard,g,100,True,2204,100,1,17,0.058823529411764705,100,1,17,0.058823529411764705,0,0
standard,g,100,True,2220,100,0,7,0.0,100,0,6,0.0,0,0
standard,g,100,True,2247,100,0,5,0.0,100,0,1,0.0,0,0
standard,g,100,True,2271,100,0,6,0.0,100,0,5,0.0,0,0
standard,g,100,True,2287,100,0,10,0.0,100,0,10,0.0,0,0
standard,g,100,True,2316,100,0,8,0.0,100,0,5,0.0,0,0
standard,g,100,True,2336,100,4,53,0.07547169811320754,100,4,52,0.07692307692307693,0,0
standard,g,100,True,2354,100,0,6,0.0,100,0,5,0.0,0,0
standard,g,100,True,2412,100,0,9,0.0,100,0,7,0.0,0,0
standard,g,100,True,2441,100,0,9,0.0,100,0,9,0.0,0,0
standard,g,100,True,2443,100,1,7,0.14285714285714285,100,1,7,0.14285714285714285,0,0
standard,g,100,True,2481,100,0,13,0.0,100,0,13,0.0,0,0
standard,g,100,True,2505,100,1,18,0.05555555555555555,100,1,18,0.05555555555555555,0,0
standard,g,100,True,2527,100,2,9,0.2222222222222222,100,2,9,0.2222222222222222,0,0
standard,g,100,True,2531,100,1,39,0.02564102564102564,100,1,39,0.02564102564102564,0,0
standard,g,100,True,2569,100,0,5,0.0,100,0,4,0.0,0,0
standard,g,100,True,2645,100,1,9,0.1111111111111111,100,1,8,0.125,0,0
standard,g,100,True,2652,100,0,31,0.0,100,0,31,0.0,0,0
standard,g,100,True,2665,100,0,6,0.0,100,0,6,0.0,0,0
standard,g,100,True,2669,100,0,5,0.0,100,0,2,0.0,0,0
standard,g,100,True,2675,100,1,15,0.06666666666666667,100,1,13,0.07692307692307693,0,0
standard,g,100,True,2756,100,0,17,0.0,100,0,15,0.0,0,0
standard,g,100,True,2766,100,1,16,0.0625,100,1,15,0.06666666666666667,0,0
standard,g,100,True,2781,100,3,13,0.23076923076923078,100,3,12,0.25,0,0
standard,g,100,True,2782,100,0,7,0.0,100,0,7,0.0,0,0
standard,g,100,True,2783,100,0,5,0.0,100,0,4,0.0,0,0
standard,g,100,True,2821,100,3,23,0.13043478260869565,99,2,22,0.09090909090909091,1,1
standard,g,100,True,2844,100,0,5,0.0,100,0,5,0.0,0,0
standard,g,100,True,2862,100,0,9,0.0,100,0,9,0.0,0,0
standard,g,100,True,2879,100,0,5,0.0,100,0,2,0.0,0,0
standard,g,100,True,2906,100,0,6,0.0,100,0,5,0.0,0,0
standard,g,100,True,2923,100,1,5,0.2,100,1,5,0.2,0,0
standard,g,100,True,2930,100,0,5,0.0,100,0,4,0.0,0,0
standard,g,100,True,2957,100,0,8,0.0,100,0,8,0.0,0,0
standard,g,100,True,2988,100,0,6,0.0,100,0,6,0.0,0,0
standard,g,100,True,2990,100,1,5,0.2,99,0,4,0.0,1,1
standard,g,100,True,3003,100,0,6,0.0,100,0,5,0.0,0,0
standard,g,100,True,3013,100,2,5,0.4,100,2,5,0.4,0,0
standard,g,100,True,3035,100,0,7,0.0,100,0,7,0.0,0,0
standard,g,100,True,3059,100,0,9,0.0,100,0,9,0.0,0,0
standard,g,100,True,3082,100,1,10,0.1,100,1,8,0.125,0,0
standard,g,100,True,3099,100,0,5,0.0,100,0,3,0.0,0,0
standard,g,100,True,3118,100,0,14,0.0,100,0,13,0.0,0,0
standard,g,100,True,3120,100,0,9,0.0,100,0,8,0.0,0,0
standard,g,200,True,42,200,4,13,0.3076923076923077,199,3,12,0.25,1,1
standard,g,200,True,56,200,0,5,0.0,200,0,4,0.0,0,0
standard,g,200,True,69,200,0,6,0.0,200,0,5,0.0,0,0
standard,g,200,True,70,200,0,7,0.0,200,0,7,0.0,0,0
standard,g,200,True,85,200,3,7,0.42857142857142855,199,2,6,0.3333333333333333,1,1
standard,g,200,True,111,200,1,11,0.09090909090909091,200,1,11,0.09090909090909091,0,0
standard,g,200,True,176,200,0,5,0.0,200,0,2,0.0,0,0
standard,g,200,True,209,200,1,5,0.2,200,1,5,0.2,0,0
standard,g,200,True,210,200,1,8,0.125,199,0,6,0.0,1,1
standard,g,200,True,224,200,2,21,0.09523809523809523,200,2,19,0.10526315789473684,0,0
standard,g,200,True,230,200,1,7,0.14285714285714285,200,1,7,0.14285714285714285,0,0
standard,g,200,True,304,200,1,8,0.125,200,1,8,0.125,0,0
standard,g,200,True,326,200,0,5,0.0,200,0,4,0.0,0,0
standard,g,200,True,328,200,4,25,0.16,200,4,23,0.17391304347826086,0,0
standard,g,200,True,344,200,1,9,0.1111111111111111,200,1,8,0.125,0,0
standard,g,200,True,370,200,0,7,0.0,200,0,7,0.0,0,0
standard,g,200,True,372,200,1,5,0.2,199,0,1,0.0,1,1
standard,g,200,True,408,200,4,18,0.2222222222222222,199,3,17,0.17647058823529413,1,1
standard,g,200,True,410,200,5,7,0.7142857142857143,199,4,6,0.6666666666666666,1,1
standard,g,200,True,426,200,1,5,0.2,199,0,0,,1,1
standard,g,200,True,449,200,1,10,0.1,200,1,10,0.1,0,0
standard,g,200,True,451,200,0,8,0.0,200,0,7,0.0,0,0
standard,g,200,True,459,200,2,10,0.2,198,0,5,0.0,2,2
standard,g,200,True,538,200,2,10,0.2,200,2,8,0.25,0,0
standard,g,200,True,555,200,0,5,0.0,200,0,5,0.0,0,0
standard,g,200,True,560,200,0,9,0.0,200,0,8,0.0,0,0
standard,g,200,True,567,200,2,5,0.4,200,2,5,0.4,0,0
standard,g,200,True,581,200,2,5,0.4,200,2,5,0.4,0,0
standard,g,200,True,588,200,0,5,0.0,200,0,5,0.0,0,0
standard,g,200,True,590,200,0,11,0.0,200,0,10,0.0,0,0
standard,g,200,True,596,200,0,5,0.0,200,0,2,0.0,0,0
standard,g,200,True,599,200,0,6,0.0,200,0,3,0.0,0,0
standard,g,200,True,605,200,0,10,0.0,200,0,10,0.0,0,0
standard,g,200,True,670,200,0,6,0.0,200,0,6,0.0,0,0
standard,g,200,True,709,200,0,8,0.0,200,0,8,0.0,0,0
standard,g,200,True,743,200,2,5,0.4,200,2,4,0.5,0,0
standard,g,200,True,781,200,0,5,0.0,200,0,4,0.0,0,0
standard,g,200,True,803,200,0,8,0.0,200,0,7,0.0,0,0
standard,g,200,True,805,200,12,19,0.631578947368421,199,11,16,0.6875,1,1
standard,g,200,True,810,200,0,5,0.0,200,0,5,0.0,0,0
standard,g,200,True,820,200,2,19,0.10526315789473684,200,2,17,0.11764705882352941,0,0
standard,g,200,True,822,200,0,9,0.0,200,0,9,0.0,0,0
standard,g,200,True,824,200,2,9,0.2222222222222222,200,2,8,0.25,0,0
standard,g,200,True,833,200,1,7,0.14285714285714285,200,1,6,0.16666666666666666,0,0
standard,g,200,True,836,200,0,6,0.0,200,0,6,0.0,0,0
standard,g,200,True,912,200,2,5,0.4,200,2,3,0.6666666666666666,0,0
standard,g,200,True,932,200,4,7,0.5714285714285714,197,1,2,0.5,3,3
standard,g,200,True,935,200,1,7,0.14285714285714285,200,1,7,0.14285714285714285,0,0
standard,g,200,True,940,200,1,8,0.125,200,1,8,0.125,0,0
standard,g,200,True,958,200,1,7,0.14285714285714285,200,1,5,0.2,0,0
standard,g,200,True,1077,200,1,7,0.14285714285714285,200,1,7,0.14285714285714285,0,0
standard,g,200,True,1090,200,2,15,0.13333333333333333,200,2,13,0.15384615384615385,0,0
standard,g,200,True,1098,200,1,8,0.125,200,1,8,0.125,0,0
standard,g,200,True,1127,200,4,6,0.6666666666666666,200,4,5,0.8,0,0
standard,g,200,True,1145,200,0,6,0.0,200,0,4,0.0,0,0
standard,g,200,True,1164,200,1,8,0.125,200,1,7,0.14285714285714285,0,0
standard,g,200,True,1204,200,0,37,0.0,200,0,36,0.0,0,0
standard,g,200,True,1263,200,0,8,0.0,200,0,7,0.0,0,0
standard,g,200,True,1285,200,3,5,0.6,200,3,4,0.75,0,0
standard,g,200,True,1313,200,2,12,0.16666666666666666,200,2,12,0.16666666666666666,0,0
standard,g,200,True,1323,200,1,5,0.2,199,0,3,0.0,1,1
standard,g,200,True,1365,200,0,26,0.0,200,0,26,0.0,0,0
standard,g,200,True,1376,200,1,5,0.2,200,1,4,0.25,0,0
standard,g,200,True,1382,200,0,10,0.0,200,0,10,0.0,0,0
standard,g,200,True,1397,200,0,5,0.0,200,0,1,0.0,0,0
standard,g,200,True,1428,200,0,6,0.0,200,0,6,0.0,0,0
standard,g,200,True,1440,200,0,5,0.0,200,0,5,0.0,0,0
standard,g,200,True,1447,200,0,6,0.0,200,0,3,0.0,0,0
standard,g,200,True,1467,200,0,5,0.0,200,0,4,0.0,0,0
standard,g,200,True,1472,200,3,9,0.3333333333333333,200,3,8,0.375,0,0
standard,g,200,True,1494,200,0,15,0.0,200,0,12,0.0,0,0
standard,g,200,True,1500,200,0,6,0.0,200,0,5,0.0,0,0
standard,g,200,True,1503,200,3,6,0.5,200,3,6,0.5,0,0
standard,g,200,True,1527,200,1,7,0.14285714285714285,199,0,5,0.0,1,1
standard,g,200,True,1530,200,1,7,0.14285714285714285,199,0,4,0.0,1,1
standard,g,200,True,1532,200,1,5,0.2,199,0,3,0.0,1,1
standard,g,200,True,1540,200,0,31,0.0,200,0,25,0.0,0,0
standard,g,200,True,1604,200,1,15,0.06666666666666667,200,1,15,0.06666666666666667,0,0
standard,g,200,True,1640,200,0,16,0.0,200,0,15,0.0,0,0
standard,g,200,True,1644,200,0,7,0.0,200,0,7,0.0,0,0
standard,g,200,True,1661,200,0,6,0.0,200,0,4,0.0,0,0
standard,g,200,True,1742,200,4,51,0.0784313725490196,200,4,51,0.0784313725490196,0,0
standard,g,200,True,1750,200,1,8,0.125,200,1,8,0.125,0,0
standard,g,200,True,1753,200,0,5,0.0,200,0,4,0.0,0,0
standard,g,200,True,1765,200,2,6,0.3333333333333333,199,1,3,0.3333333333333333,1,1
standard,g,200,True,1773,200,0,5,0.0,200,0,3,0.0,0,0
standard,g,200,True,1774,200,0,6,0.0,200,0,5,0.0,0,0
standard,g,200,True,1824,200,1,13,0.07692307692307693,200,1,13,0.07692307692307693,0,0
standard,g,200,True,1838,200,0,6,0.0,200,0,6,0.0,0,0
standard,g,200,True,1865,200,2,21,0.09523809523809523,200,2,19,0.10526315789473684,0,0
standard,g,200,True,1881,200,0,7,0.0,200,0,6,0.0,0,0
standard,g,200,True,1896,200,0,13,0.0,200,0,13,0.0,0,0
standard,g,200,True,1920,200,0,5,0.0,200,0,3,0.0,0,0
standard,g,200,True,1921,200,0,5,0.0,200,0,4,0.0,0,0
standard,g,200,True,1945,200,1,12,0.08333333333333333,200,1,12,0.08333333333333333,0,0
standard,g,200,True,1955,200,0,7,0.0,200,0,7,0.0,0,0
standard,g,200,True,1967,200,0,5,0.0,200,0,5,0.0,0,0
standard,g,200,True,1970,200,1,12,0.08333333333333333,200,1,12,0.08333333333333333,0,0
standard,g,200,True,1991,200,0,5,0.0,200,0,3,0.0,0,0
standard,g,200,True,2016,200,10,30,0.3333333333333333,199,9,29,0.3103448275862069,1,1
standard,g,200,True,2031,200,1,19,0.05263157894736842,200,1,18,0.05555555555555555,0,0
standard,g,200,True,2040,200,1,8,0.125,200,1,8,0.125,0,0
standard,g,200,True,2050,200,4,16,0.25,200,4,16,0.25,0,0
standard,g,200,True,2069,200,0,5,0.0,200,0,5,0.0,0,0
standard,g,200,True,2096,200,1,6,0.16666666666666666,200,1,5,0.2,0,0
standard,g,200,True,2104,200,0,11,0.0,200,0,11,0.0,0,0
standard,g,200,True,2110,200,2,13,0.15384615384615385,200,2,12,0.16666666666666666,0,0
standard,g,200,True,2126,200,1,15,0.06666666666666667,200,1,14,0.07142857142857142,0,0
standard,g,200,True,2134,200,1,9,0.1111111111111111,200,1,7,0.14285714285714285,0,0
standard,g,200,True,2174,200,0,12,0.0,200,0,11,0.0,0,0
standard,g,200,True,2181,200,0,5,0.0,200,0,4,0.0,0,0
standard,g,200,True,2183,200,1,11,0.09090909090909091,200,1,11,0.09090909090909091,0,0
standard,g,200,True,2204,200,1,17,0.058823529411764705,200,1,17,0.058823529411764705,0,0
standard,g,200,True,2220,200,0,7,0.0,200,0,6,0.0,0,0
standard,g,200,True,2247,200,0,5,0.0,200,0,1,0.0,0,0
standard,g,200,True,2271,200,0,6,0.0,200,0,5,0.0,0,0
standard,g,200,True,2287,200,0,10,0.0,200,0,10,0.0,0,0
standard,g,200,True,2316,200,0,8,0.0,200,0,5,0.0,0,0
standard,g,200,True,2336,200,6,53,0.11320754716981132,199,5,52,0.09615384615384616,1,1
standard,g,200,True,2354,200,0,6,0.0,200,0,5,0.0,0,0
standard,g,200,True,2412,200,1,9,0.1111111111111111,200,1,7,0.14285714285714285,0,0
standard,g,200,True,2441,200,1,9,0.1111111111111111,200,1,9,0.1111111111111111,0,0
standard,g,200,True,2443,200,2,7,0.2857142857142857,200,2,7,0.2857142857142857,0,0
standard,g,200,True,2481,200,0,13,0.0,200,0,13,0.0,0,0
standard,g,200,True,2505,200,3,18,0.16666666666666666,200,3,18,0.16666666666666666,0,0
standard,g,200,True,2527,200,4,9,0.4444444444444444,200,4,9,0.4444444444444444,0,0
standard,g,200,True,2531,200,3,39,0.07692307692307693,200,3,39,0.07692307692307693,0,0
standard,g,200,True,2569,200,0,5,0.0,200,0,4,0.0,0,0
standard,g,200,True,2645,200,2,9,0.2222222222222222,200,2,8,0.25,0,0
standard,g,200,True,2652,200,0,31,0.0,200,0,31,0.0,0,0
standard,g,200,True,2665,200,0,6,0.0,200,0,6,0.0,0,0
standard,g,200,True,2669,200,0,5,0.0,200,0,2,0.0,0,0
standard,g,200,True,2675,200,1,15,0.06666666666666667,200,1,13,0.07692307692307693,0,0
standard,g,200,True,2756,200,0,17,0.0,200,0,15,0.0,0,0
standard,g,200,True,2766,200,1,16,0.0625,200,1,15,0.06666666666666667,0,0
standard,g,200,True,2781,200,4,13,0.3076923076923077,200,4,12,0.3333333333333333,0,0
standard,g,200,True,2782,200,0,7,0.0,200,0,7,0.0,0,0
standard,g,200,True,2783,200,1,5,0.2,200,1,4,0.25,0,0
standard,g,200,True,2821,200,4,23,0.17391304347826086,199,3,22,0.13636363636363635,1,1
standard,g,200,True,2844,200,0,5,0.0,200,0,5,0.0,0,0
standard,g,200,True,2862,200,0,9,0.0,200,0,9,0.0,0,0
standard,g,200,True,2879,200,0,5,0.0,200,0,2,0.0,0,0
standard,g,200,True,2906,200,0,6,0.0,200,0,5,0.0,0,0
standard,g,200,True,2923,200,1,5,0.2,200,1,5,0.2,0,0
standard,g,200,True,2930,200,0,5,0.0,200,0,4,0.0,0,0
standard,g,200,True,2957,200,0,8,0.0,200,0,8,0.0,0,0
standard,g,200,True,2988,200,0,6,0.0,200,0,6,0.0,0,0
standard,g,200,True,2990,200,1,5,0.2,199,0,4,0.0,1,1
standard,g,200,True,3003,200,0,6,0.0,200,0,5,0.0,0,0
standard,g,200,True,3013,200,2,5,0.4,200,2,5,0.4,0,0
standard,g,200,True,3035,200,0,7,0.0,200,0,7,0.0,0,0
standard,g,200,True,3059,200,2,9,0.2222222222222222,200,2,9,0.2222222222222222,0,0
standard,g,200,True,3082,200,1,10,0.1,200,1,8,0.125,0,0
standard,g,200,True,3099,200,0,5,0.0,200,0,3,0.0,0,0
standard,g,200,True,3118,200,0,14,0.0,200,0,13,0.0,0,0
standard,g,200,True,3120,200,0,9,0.0,200,0,8,0.0,0,0
standard,rrf,10,True,42,10,1,13,0.07692307692307693,9,0,12,0.0,1,1
standard,rrf,10,True,56,10,1,5,0.2,9,0,4,0.0,1,1
standard,rrf,10,True,69,10,0,6,0.0,10,0,5,0.0,0,0
standard,rrf,10,True,70,10,0,7,0.0,10,0,7,0.0,0,0
standard,rrf,10,True,85,10,1,7,0.14285714285714285,9,0,6,0.0,1,1
standard,rrf,10,True,111,10,0,11,0.0,10,0,11,0.0,0,0
standard,rrf,10,True,176,10,0,5,0.0,10,0,2,0.0,0,0
standard,rrf,10,True,209,10,0,5,0.0,10,0,5,0.0,0,0
standard,rrf,10,True,210,10,1,8,0.125,9,0,6,0.0,1,1
standard,rrf,10,True,224,10,0,21,0.0,10,0,19,0.0,0,0
standard,rrf,10,True,230,10,1,7,0.14285714285714285,10,1,7,0.14285714285714285,0,0
standard,rrf,10,True,304,10,0,8,0.0,10,0,8,0.0,0,0
standard,rrf,10,True,326,10,0,5,0.0,10,0,4,0.0,0,0
standard,rrf,10,True,328,10,0,25,0.0,10,0,23,0.0,0,0
standard,rrf,10,True,344,10,0,9,0.0,10,0,8,0.0,0,0
standard,rrf,10,True,370,10,0,7,0.0,10,0,7,0.0,0,0
standard,rrf,10,True,372,10,1,5,0.2,9,0,1,0.0,1,1
standard,rrf,10,True,408,10,1,18,0.05555555555555555,9,0,17,0.0,1,1
standard,rrf,10,True,410,10,1,7,0.14285714285714285,9,0,6,0.0,1,1
standard,rrf,10,True,426,10,1,5,0.2,9,0,0,,1,1
standard,rrf,10,True,449,10,0,10,0.0,10,0,10,0.0,0,0
standard,rrf,10,True,451,10,0,8,0.0,10,0,7,0.0,0,0
standard,rrf,10,True,459,10,1,10,0.1,9,0,5,0.0,1,1
standard,rrf,10,True,538,10,1,10,0.1,9,0,8,0.0,1,1
standard,rrf,10,True,555,10,0,5,0.0,10,0,5,0.0,0,0
standard,rrf,10,True,560,10,0,9,0.0,10,0,8,0.0,0,0
standard,rrf,10,True,567,10,0,5,0.0,10,0,5,0.0,0,0
standard,rrf,10,True,581,10,0,5,0.0,10,0,5,0.0,0,0
standard,rrf,10,True,588,10,0,5,0.0,10,0,5,0.0,0,0
standard,rrf,10,True,590,10,1,11,0.09090909090909091,9,0,10,0.0,1,1
standard,rrf,10,True,596,10,2,5,0.4,8,0,2,0.0,2,2
standard,rrf,10,True,599,10,1,6,0.16666666666666666,9,0,3,0.0,1,1
standard,rrf,10,True,605,10,0,10,0.0,10,0,10,0.0,0,0
standard,rrf,10,True,670,10,0,6,0.0,10,0,6,0.0,0,0
standard,rrf,10,True,709,10,0,8,0.0,10,0,8,0.0,0,0
standard,rrf,10,True,743,10,0,5,0.0,10,0,4,0.0,0,0
standard,rrf,10,True,781,10,1,5,0.2,9,0,4,0.0,1,1
standard,rrf,10,True,803,10,1,8,0.125,9,0,7,0.0,1,1
standard,rrf,10,True,805,10,3,19,0.15789473684210525,8,1,16,0.0625,2,2
standard,rrf,10,True,810,10,0,5,0.0,10,0,5,0.0,0,0
standard,rrf,10,True,820,10,1,19,0.05263157894736842,10,1,17,0.058823529411764705,0,0
standard,rrf,10,True,822,10,0,9,0.0,10,0,9,0.0,0,0
standard,rrf,10,True,824,10,1,9,0.1111111111111111,9,0,8,0.0,1,1
standard,rrf,10,True,833,10,1,7,0.14285714285714285,9,0,6,0.0,1,1
standard,rrf,10,True,836,10,0,6,0.0,10,0,6,0.0,0,0
standard,rrf,10,True,912,10,1,5,0.2,10,1,3,0.3333333333333333,0,0
standard,rrf,10,True,932,10,3,7,0.42857142857142855,7,0,2,0.0,3,3
standard,rrf,10,True,935,10,0,7,0.0,10,0,7,0.0,0,0
standard,rrf,10,True,940,10,0,8,0.0,10,0,8,0.0,0,0
standard,rrf,10,True,958,10,1,7,0.14285714285714285,9,0,5,0.0,1,1
standard,rrf,10,True,1077,10,0,7,0.0,10,0,7,0.0,0,0
standard,rrf,10,True,1090,10,1,15,0.06666666666666667,9,0,13,0.0,1,1
standard,rrf,10,True,1098,10,0,8,0.0,10,0,8,0.0,0,0
standard,rrf,10,True,1127,10,2,6,0.3333333333333333,9,1,5,0.2,1,1
standard,rrf,10,True,1145,10,1,6,0.16666666666666666,9,0,4,0.0,1,1
standard,rrf,10,True,1164,10,0,8,0.0,10,0,7,0.0,0,0
standard,rrf,10,True,1204,10,0,37,0.0,10,0,36,0.0,0,0
standard,rrf,10,True,1263,10,0,8,0.0,10,0,7,0.0,0,0
standard,rrf,10,True,1285,10,0,5,0.0,10,0,4,0.0,0,0
standard,rrf,10,True,1313,10,0,12,0.0,10,0,12,0.0,0,0
standard,rrf,10,True,1323,10,1,5,0.2,9,0,3,0.0,1,1
standard,rrf,10,True,1365,10,0,26,0.0,10,0,26,0.0,0,0
standard,rrf,10,True,1376,10,0,5,0.0,10,0,4,0.0,0,0
standard,rrf,10,True,1382,10,0,10,0.0,10,0,10,0.0,0,0
standard,rrf,10,True,1397,10,1,5,0.2,9,0,1,0.0,1,1
standard,rrf,10,True,1428,10,0,6,0.0,10,0,6,0.0,0,0
standard,rrf,10,True,1440,10,0,5,0.0,10,0,5,0.0,0,0
standard,rrf,10,True,1447,10,2,6,0.3333333333333333,8,0,3,0.0,2,2
standard,rrf,10,True,1467,10,0,5,0.0,10,0,4,0.0,0,0
standard,rrf,10,True,1472,10,1,9,0.1111111111111111,10,1,8,0.125,0,0
standard,rrf,10,True,1494,10,0,15,0.0,10,0,12,0.0,0,0
standard,rrf,10,True,1500,10,1,6,0.16666666666666666,9,0,5,0.0,1,1
standard,rrf,10,True,1503,10,0,6,0.0,10,0,6,0.0,0,0
standard,rrf,10,True,1527,10,0,7,0.0,10,0,5,0.0,0,0
standard,rrf,10,True,1530,10,1,7,0.14285714285714285,9,0,4,0.0,1,1
standard,rrf,10,True,1532,10,2,5,0.4,8,0,3,0.0,2,2
standard,rrf,10,True,1540,10,0,31,0.0,10,0,25,0.0,0,0
standard,rrf,10,True,1604,10,0,15,0.0,10,0,15,0.0,0,0
standard,rrf,10,True,1640,10,1,16,0.0625,9,0,15,0.0,1,1
standard,rrf,10,True,1644,10,0,7,0.0,10,0,7,0.0,0,0
standard,rrf,10,True,1661,10,1,6,0.16666666666666666,9,0,4,0.0,1,1
standard,rrf,10,True,1742,10,0,51,0.0,10,0,51,0.0,0,0
standard,rrf,10,True,1750,10,0,8,0.0,10,0,8,0.0,0,0
standard,rrf,10,True,1753,10,0,5,0.0,10,0,4,0.0,0,0
standard,rrf,10,True,1765,10,1,6,0.16666666666666666,9,0,3,0.0,1,1
standard,rrf,10,True,1773,10,1,5,0.2,9,0,3,0.0,1,1
standard,rrf,10,True,1774,10,0,6,0.0,10,0,5,0.0,0,0
standard,rrf,10,True,1824,10,0,13,0.0,10,0,13,0.0,0,0
standard,rrf,10,True,1838,10,0,6,0.0,10,0,6,0.0,0,0
standard,rrf,10,True,1865,10,0,21,0.0,10,0,19,0.0,0,0
standard,rrf,10,True,1881,10,1,7,0.14285714285714285,9,0,6,0.0,1,1
standard,rrf,10,True,1896,10,0,13,0.0,10,0,13,0.0,0,0
standard,rrf,10,True,1920,10,1,5,0.2,9,0,3,0.0,1,1
standard,rrf,10,True,1921,10,0,5,0.0,10,0,4,0.0,0,0
standard,rrf,10,True,1945,10,1,12,0.08333333333333333,10,1,12,0.08333333333333333,0,0
standard,rrf,10,True,1955,10,0,7,0.0,10,0,7,0.0,0,0
standard,rrf,10,True,1967,10,0,5,0.0,10,0,5,0.0,0,0
standard,rrf,10,True,1970,10,0,12,0.0,10,0,12,0.0,0,0
standard,rrf,10,True,1991,10,1,5,0.2,9,0,3,0.0,1,1
standard,rrf,10,True,2016,10,1,30,0.03333333333333333,9,0,29,0.0,1,1
standard,rrf,10,True,2031,10,0,19,0.0,10,0,18,0.0,0,0
standard,rrf,10,True,2040,10,0,8,0.0,10,0,8,0.0,0,0
standard,rrf,10,True,2050,10,1,16,0.0625,10,1,16,0.0625,0,0
standard,rrf,10,True,2069,10,0,5,0.0,10,0,5,0.0,0,0
standard,rrf,10,True,2096,10,0,6,0.0,10,0,5,0.0,0,0
standard,rrf,10,True,2104,10,0,11,0.0,10,0,11,0.0,0,0
standard,rrf,10,True,2110,10,0,13,0.0,10,0,12,0.0,0,0
standard,rrf,10,True,2126,10,1,15,0.06666666666666667,9,0,14,0.0,1,1
standard,rrf,10,True,2134,10,0,9,0.0,10,0,7,0.0,0,0
standard,rrf,10,True,2174,10,1,12,0.08333333333333333,9,0,11,0.0,1,1
standard,rrf,10,True,2181,10,1,5,0.2,9,0,4,0.0,1,1
standard,rrf,10,True,2183,10,0,11,0.0,10,0,11,0.0,0,0
standard,rrf,10,True,2204,10,0,17,0.0,10,0,17,0.0,0,0
standard,rrf,10,True,2220,10,0,7,0.0,10,0,6,0.0,0,0
standard,rrf,10,True,2247,10,1,5,0.2,9,0,1,0.0,1,1
standard,rrf,10,True,2271,10,1,6,0.16666666666666666,9,0,5,0.0,1,1
standard,rrf,10,True,2287,10,0,10,0.0,10,0,10,0.0,0,0
standard,rrf,10,True,2316,10,1,8,0.125,9,0,5,0.0,1,1
standard,rrf,10,True,2336,10,1,53,0.018867924528301886,9,0,52,0.0,1,1
standard,rrf,10,True,2354,10,1,6,0.16666666666666666,9,0,5,0.0,1,1
standard,rrf,10,True,2412,10,0,9,0.0,10,0,7,0.0,0,0
standard,rrf,10,True,2441,10,0,9,0.0,10,0,9,0.0,0,0
standard,rrf,10,True,2443,10,0,7,0.0,10,0,7,0.0,0,0
standard,rrf,10,True,2481,10,0,13,0.0,10,0,13,0.0,0,0
standard,rrf,10,True,2505,10,0,18,0.0,10,0,18,0.0,0,0
standard,rrf,10,True,2527,10,1,9,0.1111111111111111,10,1,9,0.1111111111111111,0,0
standard,rrf,10,True,2531,10,0,39,0.0,10,0,39,0.0,0,0
standard,rrf,10,True,2569,10,0,5,0.0,10,0,4,0.0,0,0
standard,rrf,10,True,2645,10,1,9,0.1111111111111111,9,0,8,0.0,1,1
standard,rrf,10,True,2652,10,0,31,0.0,10,0,31,0.0,0,0
standard,rrf,10,True,2665,10,0,6,0.0,10,0,6,0.0,0,0
standard,rrf,10,True,2669,10,1,5,0.2,9,0,2,0.0,1,1
standard,rrf,10,True,2675,10,0,15,0.0,10,0,13,0.0,0,0
standard,rrf,10,True,2756,10,1,17,0.058823529411764705,9,0,15,0.0,1,1
standard,rrf,10,True,2766,10,1,16,0.0625,10,1,15,0.06666666666666667,0,0
standard,rrf,10,True,2781,10,0,13,0.0,10,0,12,0.0,0,0
standard,rrf,10,True,2782,10,0,7,0.0,10,0,7,0.0,0,0
standard,rrf,10,True,2783,10,1,5,0.2,9,0,4,0.0,1,1
standard,rrf,10,True,2821,10,1,23,0.043478260869565216,9,0,22,0.0,1,1
standard,rrf,10,True,2844,10,0,5,0.0,10,0,5,0.0,0,0
standard,rrf,10,True,2862,10,0,9,0.0,10,0,9,0.0,0,0
standard,rrf,10,True,2879,10,0,5,0.0,10,0,2,0.0,0,0
standard,rrf,10,True,2906,10,0,6,0.0,10,0,5,0.0,0,0
standard,rrf,10,True,2923,10,0,5,0.0,10,0,5,0.0,0,0
standard,rrf,10,True,2930,10,1,5,0.2,9,0,4,0.0,1,1
standard,rrf,10,True,2957,10,0,8,0.0,10,0,8,0.0,0,0
standard,rrf,10,True,2988,10,0,6,0.0,10,0,6,0.0,0,0
standard,rrf,10,True,2990,10,0,5,0.0,10,0,4,0.0,0,0
standard,rrf,10,True,3003,10,1,6,0.16666666666666666,9,0,5,0.0,1,1
standard,rrf,10,True,3013,10,1,5,0.2,10,1,5,0.2,0,0
standard,rrf,10,True,3035,10,0,7,0.0,10,0,7,0.0,0,0
standard,rrf,10,True,3059,10,0,9,0.0,10,0,9,0.0,0,0
standard,rrf,10,True,3082,10,0,10,0.0,10,0,8,0.0,0,0
standard,rrf,10,True,3099,10,0,5,0.0,10,0,3,0.0,0,0
standard,rrf,10,True,3118,10,0,14,0.0,10,0,13,0.0,0,0
standard,rrf,10,True,3120,10,0,9,0.0,10,0,8,0.0,0,0
standard,rrf,50,True,42,50,2,13,0.15384615384615385,49,1,12,0.08333333333333333,1,1
standard,rrf,50,True,56,50,1,5,0.2,49,0,4,0.0,1,1
standard,rrf,50,True,69,50,1,6,0.16666666666666666,49,0,5,0.0,1,1
standard,rrf,50,True,70,50,0,7,0.0,50,0,7,0.0,0,0
standard,rrf,50,True,85,50,1,7,0.14285714285714285,49,0,6,0.0,1,1
standard,rrf,50,True,111,50,0,11,0.0,50,0,11,0.0,0,0
standard,rrf,50,True,176,50,2,5,0.4,48,0,2,0.0,2,2
standard,rrf,50,True,209,50,0,5,0.0,50,0,5,0.0,0,0
standard,rrf,50,True,210,50,1,8,0.125,49,0,6,0.0,1,1
standard,rrf,50,True,224,50,2,21,0.09523809523809523,49,1,19,0.05263157894736842,1,1
standard,rrf,50,True,230,50,1,7,0.14285714285714285,50,1,7,0.14285714285714285,0,0
standard,rrf,50,True,304,50,0,8,0.0,50,0,8,0.0,0,0
standard,rrf,50,True,326,50,1,5,0.2,49,0,4,0.0,1,1
standard,rrf,50,True,328,50,2,25,0.08,49,1,23,0.043478260869565216,1,1
standard,rrf,50,True,344,50,0,9,0.0,50,0,8,0.0,0,0
standard,rrf,50,True,370,50,0,7,0.0,50,0,7,0.0,0,0
standard,rrf,50,True,372,50,3,5,0.6,47,0,1,0.0,3,3
standard,rrf,50,True,408,50,3,18,0.16666666666666666,49,2,17,0.11764705882352941,1,1
standard,rrf,50,True,410,50,2,7,0.2857142857142857,49,1,6,0.16666666666666666,1,1
standard,rrf,50,True,426,50,3,5,0.6,47,0,0,,3,3
standard,rrf,50,True,449,50,0,10,0.0,50,0,10,0.0,0,0
standard,rrf,50,True,451,50,1,8,0.125,49,0,7,0.0,1,1
standard,rrf,50,True,459,50,1,10,0.1,49,0,5,0.0,1,1
standard,rrf,50,True,538,50,2,10,0.2,49,1,8,0.125,1,1
standard,rrf,50,True,555,50,0,5,0.0,50,0,5,0.0,0,0
standard,rrf,50,True,560,50,0,9,0.0,50,0,8,0.0,0,0
standard,rrf,50,True,567,50,0,5,0.0,50,0,5,0.0,0,0
standard,rrf,50,True,581,50,0,5,0.0,50,0,5,0.0,0,0
standard,rrf,50,True,588,50,0,5,0.0,50,0,5,0.0,0,0
standard,rrf,50,True,590,50,1,11,0.09090909090909091,49,0,10,0.0,1,1
standard,rrf,50,True,596,50,3,5,0.6,47,0,2,0.0,3,3
standard,rrf,50,True,599,50,1,6,0.16666666666666666,49,0,3,0.0,1,1
standard,rrf,50,True,605,50,0,10,0.0,50,0,10,0.0,0,0
standard,rrf,50,True,670,50,0,6,0.0,50,0,6,0.0,0,0
standard,rrf,50,True,709,50,0,8,0.0,50,0,8,0.0,0,0
standard,rrf,50,True,743,50,2,5,0.4,49,1,4,0.25,1,1
standard,rrf,50,True,781,50,2,5,0.4,49,1,4,0.25,1,1
standard,rrf,50,True,803,50,1,8,0.125,49,0,7,0.0,1,1
standard,rrf,50,True,805,50,7,19,0.3684210526315789,47,4,16,0.25,3,3
standard,rrf,50,True,810,50,0,5,0.0,50,0,5,0.0,0,0
standard,rrf,50,True,820,50,1,19,0.05263157894736842,50,1,17,0.058823529411764705,0,0
standard,rrf,50,True,822,50,0,9,0.0,50,0,9,0.0,0,0
standard,rrf,50,True,824,50,1,9,0.1111111111111111,49,0,8,0.0,1,1
standard,rrf,50,True,833,50,1,7,0.14285714285714285,49,0,6,0.0,1,1
standard,rrf,50,True,836,50,0,6,0.0,50,0,6,0.0,0,0
standard,rrf,50,True,912,50,3,5,0.6,49,2,3,0.6666666666666666,1,1
standard,rrf,50,True,932,50,3,7,0.42857142857142855,47,0,2,0.0,3,3
standard,rrf,50,True,935,50,0,7,0.0,50,0,7,0.0,0,0
standard,rrf,50,True,940,50,0,8,0.0,50,0,8,0.0,0,0
standard,rrf,50,True,958,50,1,7,0.14285714285714285,49,0,5,0.0,1,1
standard,rrf,50,True,1077,50,0,7,0.0,50,0,7,0.0,0,0
standard,rrf,50,True,1090,50,1,15,0.06666666666666667,49,0,13,0.0,1,1
standard,rrf,50,True,1098,50,0,8,0.0,50,0,8,0.0,0,0
standard,rrf,50,True,1127,50,3,6,0.5,49,2,5,0.4,1,1
standard,rrf,50,True,1145,50,2,6,0.3333333333333333,48,0,4,0.0,2,2
standard,rrf,50,True,1164,50,0,8,0.0,50,0,7,0.0,0,0
standard,rrf,50,True,1204,50,0,37,0.0,50,0,36,0.0,0,0
standard,rrf,50,True,1263,50,1,8,0.125,49,0,7,0.0,1,1
standard,rrf,50,True,1285,50,1,5,0.2,49,0,4,0.0,1,1
standard,rrf,50,True,1313,50,0,12,0.0,50,0,12,0.0,0,0
standard,rrf,50,True,1323,50,2,5,0.4,48,0,3,0.0,2,2
standard,rrf,50,True,1365,50,0,26,0.0,50,0,26,0.0,0,0
standard,rrf,50,True,1376,50,1,5,0.2,49,0,4,0.0,1,1
standard,rrf,50,True,1382,50,0,10,0.0,50,0,10,0.0,0,0
standard,rrf,50,True,1397,50,4,5,0.8,46,0,1,0.0,4,4
standard,rrf,50,True,1428,50,0,6,0.0,50,0,6,0.0,0,0
standard,rrf,50,True,1440,50,0,5,0.0,50,0,5,0.0,0,0
standard,rrf,50,True,1447,50,2,6,0.3333333333333333,48,0,3,0.0,2,2
standard,rrf,50,True,1467,50,0,5,0.0,50,0,4,0.0,0,0
standard,rrf,50,True,1472,50,2,9,0.2222222222222222,49,1,8,0.125,1,1
standard,rrf,50,True,1494,50,0,15,0.0,50,0,12,0.0,0,0
standard,rrf,50,True,1500,50,1,6,0.16666666666666666,49,0,5,0.0,1,1
standard,rrf,50,True,1503,50,0,6,0.0,50,0,6,0.0,0,0
standard,rrf,50,True,1527,50,2,7,0.2857142857142857,48,0,5,0.0,2,2
standard,rrf,50,True,1530,50,3,7,0.42857142857142855,47,0,4,0.0,3,3
standard,rrf,50,True,1532,50,2,5,0.4,48,0,3,0.0,2,2
standard,rrf,50,True,1540,50,1,31,0.03225806451612903,49,0,25,0.0,1,1
standard,rrf,50,True,1604,50,1,15,0.06666666666666667,50,1,15,0.06666666666666667,0,0
standard,rrf,50,True,1640,50,1,16,0.0625,49,0,15,0.0,1,1
standard,rrf,50,True,1644,50,0,7,0.0,50,0,7,0.0,0,0
standard,rrf,50,True,1661,50,2,6,0.3333333333333333,48,0,4,0.0,2,2
standard,rrf,50,True,1742,50,0,51,0.0,50,0,51,0.0,0,0
standard,rrf,50,True,1750,50,0,8,0.0,50,0,8,0.0,0,0
standard,rrf,50,True,1753,50,0,5,0.0,50,0,4,0.0,0,0
standard,rrf,50,True,1765,50,2,6,0.3333333333333333,48,0,3,0.0,2,2
standard,rrf,50,True,1773,50,2,5,0.4,48,0,3,0.0,2,2
standard,rrf,50,True,1774,50,0,6,0.0,50,0,5,0.0,0,0
standard,rrf,50,True,1824,50,0,13,0.0,50,0,13,0.0,0,0
standard,rrf,50,True,1838,50,0,6,0.0,50,0,6,0.0,0,0
standard,rrf,50,True,1865,50,0,21,0.0,50,0,19,0.0,0,0
standard,rrf,50,True,1881,50,1,7,0.14285714285714285,49,0,6,0.0,1,1
standard,rrf,50,True,1896,50,0,13,0.0,50,0,13,0.0,0,0
standard,rrf,50,True,1920,50,2,5,0.4,48,0,3,0.0,2,2
standard,rrf,50,True,1921,50,0,5,0.0,50,0,4,0.0,0,0
standard,rrf,50,True,1945,50,1,12,0.08333333333333333,50,1,12,0.08333333333333333,0,0
standard,rrf,50,True,1955,50,0,7,0.0,50,0,7,0.0,0,0
standard,rrf,50,True,1967,50,0,5,0.0,50,0,5,0.0,0,0
standard,rrf,50,True,1970,50,0,12,0.0,50,0,12,0.0,0,0
standard,rrf,50,True,1991,50,1,5,0.2,49,0,3,0.0,1,1
standard,rrf,50,True,2016,50,2,30,0.06666666666666667,49,1,29,0.034482758620689655,1,1
standard,rrf,50,True,2031,50,1,19,0.05263157894736842,49,0,18,0.0,1,1
standard,rrf,50,True,2040,50,0,8,0.0,50,0,8,0.0,0,0
standard,rrf,50,True,2050,50,1,16,0.0625,50,1,16,0.0625,0,0
standard,rrf,50,True,2069,50,0,5,0.0,50,0,5,0.0,0,0
standard,rrf,50,True,2096,50,0,6,0.0,50,0,5,0.0,0,0
standard,rrf,50,True,2104,50,0,11,0.0,50,0,11,0.0,0,0
standard,rrf,50,True,2110,50,0,13,0.0,50,0,12,0.0,0,0
standard,rrf,50,True,2126,50,1,15,0.06666666666666667,49,0,14,0.0,1,1
standard,rrf,50,True,2134,50,0,9,0.0,50,0,7,0.0,0,0
standard,rrf,50,True,2174,50,1,12,0.08333333333333333,49,0,11,0.0,1,1
standard,rrf,50,True,2181,50,1,5,0.2,49,0,4,0.0,1,1
standard,rrf,50,True,2183,50,0,11,0.0,50,0,11,0.0,0,0
standard,rrf,50,True,2204,50,1,17,0.058823529411764705,50,1,17,0.058823529411764705,0,0
standard,rrf,50,True,2220,50,0,7,0.0,50,0,6,0.0,0,0
standard,rrf,50,True,2247,50,3,5,0.6,47,0,1,0.0,3,3
standard,rrf,50,True,2271,50,1,6,0.16666666666666666,49,0,5,0.0,1,1
standard,rrf,50,True,2287,50,0,10,0.0,50,0,10,0.0,0,0
standard,rrf,50,True,2316,50,2,8,0.25,49,1,5,0.2,1,1
standard,rrf,50,True,2336,50,4,53,0.07547169811320754,49,3,52,0.057692307692307696,1,1
standard,rrf,50,True,2354,50,1,6,0.16666666666666666,49,0,5,0.0,1,1
standard,rrf,50,True,2412,50,0,9,0.0,50,0,7,0.0,0,0
standard,rrf,50,True,2441,50,0,9,0.0,50,0,9,0.0,0,0
standard,rrf,50,True,2443,50,0,7,0.0,50,0,7,0.0,0,0
standard,rrf,50,True,2481,50,0,13,0.0,50,0,13,0.0,0,0
standard,rrf,50,True,2505,50,0,18,0.0,50,0,18,0.0,0,0
standard,rrf,50,True,2527,50,2,9,0.2222222222222222,50,2,9,0.2222222222222222,0,0
standard,rrf,50,True,2531,50,0,39,0.0,50,0,39,0.0,0,0
standard,rrf,50,True,2569,50,0,5,0.0,50,0,4,0.0,0,0
standard,rrf,50,True,2645,50,2,9,0.2222222222222222,49,1,8,0.125,1,1
standard,rrf,50,True,2652,50,0,31,0.0,50,0,31,0.0,0,0
standard,rrf,50,True,2665,50,0,6,0.0,50,0,6,0.0,0,0
standard,rrf,50,True,2669,50,1,5,0.2,49,0,2,0.0,1,1
standard,rrf,50,True,2675,50,1,15,0.06666666666666667,49,0,13,0.0,1,1
standard,rrf,50,True,2756,50,2,17,0.11764705882352941,48,0,15,0.0,2,2
standard,rrf,50,True,2766,50,1,16,0.0625,50,1,15,0.06666666666666667,0,0
standard,rrf,50,True,2781,50,0,13,0.0,50,0,12,0.0,0,0
standard,rrf,50,True,2782,50,0,7,0.0,50,0,7,0.0,0,0
standard,rrf,50,True,2783,50,1,5,0.2,49,0,4,0.0,1,1
standard,rrf,50,True,2821,50,2,23,0.08695652173913043,49,1,22,0.045454545454545456,1,1
standard,rrf,50,True,2844,50,0,5,0.0,50,0,5,0.0,0,0
standard,rrf,50,True,2862,50,0,9,0.0,50,0,9,0.0,0,0
standard,rrf,50,True,2879,50,0,5,0.0,50,0,2,0.0,0,0
standard,rrf,50,True,2906,50,0,6,0.0,50,0,5,0.0,0,0
standard,rrf,50,True,2923,50,1,5,0.2,50,1,5,0.2,0,0
standard,rrf,50,True,2930,50,1,5,0.2,49,0,4,0.0,1,1
standard,rrf,50,True,2957,50,0,8,0.0,50,0,8,0.0,0,0
standard,rrf,50,True,2988,50,0,6,0.0,50,0,6,0.0,0,0
standard,rrf,50,True,2990,50,0,5,0.0,50,0,4,0.0,0,0
standard,rrf,50,True,3003,50,1,6,0.16666666666666666,49,0,5,0.0,1,1
standard,rrf,50,True,3013,50,1,5,0.2,50,1,5,0.2,0,0
standard,rrf,50,True,3035,50,0,7,0.0,50,0,7,0.0,0,0
standard,rrf,50,True,3059,50,0,9,0.0,50,0,9,0.0,0,0
standard,rrf,50,True,3082,50,1,10,0.1,49,0,8,0.0,1,1
standard,rrf,50,True,3099,50,0,5,0.0,50,0,3,0.0,0,0
standard,rrf,50,True,3118,50,0,14,0.0,50,0,13,0.0,0,0
standard,rrf,50,True,3120,50,0,9,0.0,50,0,8,0.0,0,0
standard,rrf,100,True,42,100,2,13,0.15384615384615385,99,1,12,0.08333333333333333,1,1
standard,rrf,100,True,56,100,1,5,0.2,99,0,4,0.0,1,1
standard,rrf,100,True,69,100,1,6,0.16666666666666666,99,0,5,0.0,1,1
standard,rrf,100,True,70,100,0,7,0.0,100,0,7,0.0,0,0
standard,rrf,100,True,85,100,1,7,0.14285714285714285,99,0,6,0.0,1,1
standard,rrf,100,True,111,100,0,11,0.0,100,0,11,0.0,0,0
standard,rrf,100,True,176,100,2,5,0.4,98,0,2,0.0,2,2
standard,rrf,100,True,209,100,0,5,0.0,100,0,5,0.0,0,0
standard,rrf,100,True,210,100,2,8,0.25,98,0,6,0.0,2,2
standard,rrf,100,True,224,100,2,21,0.09523809523809523,99,1,19,0.05263157894736842,1,1
standard,rrf,100,True,230,100,1,7,0.14285714285714285,100,1,7,0.14285714285714285,0,0
standard,rrf,100,True,304,100,0,8,0.0,100,0,8,0.0,0,0
standard,rrf,100,True,326,100,1,5,0.2,99,0,4,0.0,1,1
standard,rrf,100,True,328,100,2,25,0.08,99,1,23,0.043478260869565216,1,1
standard,rrf,100,True,344,100,0,9,0.0,100,0,8,0.0,0,0
standard,rrf,100,True,370,100,0,7,0.0,100,0,7,0.0,0,0
standard,rrf,100,True,372,100,4,5,0.8,96,0,1,0.0,4,4
standard,rrf,100,True,408,100,3,18,0.16666666666666666,99,2,17,0.11764705882352941,1,1
standard,rrf,100,True,410,100,4,7,0.5714285714285714,99,3,6,0.5,1,1
standard,rrf,100,True,426,100,4,5,0.8,96,0,0,,4,4
standard,rrf,100,True,449,100,0,10,0.0,100,0,10,0.0,0,0
standard,rrf,100,True,451,100,1,8,0.125,99,0,7,0.0,1,1
standard,rrf,100,True,459,100,2,10,0.2,98,0,5,0.0,2,2
standard,rrf,100,True,538,100,2,10,0.2,99,1,8,0.125,1,1
standard,rrf,100,True,555,100,0,5,0.0,100,0,5,0.0,0,0
standard,rrf,100,True,560,100,0,9,0.0,100,0,8,0.0,0,0
standard,rrf,100,True,567,100,1,5,0.2,100,1,5,0.2,0,0
standard,rrf,100,True,581,100,1,5,0.2,100,1,5,0.2,0,0
standard,rrf,100,True,588,100,0,5,0.0,100,0,5,0.0,0,0
standard,rrf,100,True,590,100,1,11,0.09090909090909091,99,0,10,0.0,1,1
standard,rrf,100,True,596,100,3,5,0.6,97,0,2,0.0,3,3
standard,rrf,100,True,599,100,2,6,0.3333333333333333,98,0,3,0.0,2,2
standard,rrf,100,True,605,100,0,10,0.0,100,0,10,0.0,0,0
standard,rrf,100,True,670,100,0,6,0.0,100,0,6,0.0,0,0
standard,rrf,100,True,709,100,0,8,0.0,100,0,8,0.0,0,0
standard,rrf,100,True,743,100,2,5,0.4,99,1,4,0.25,1,1
standard,rrf,100,True,781,100,2,5,0.4,99,1,4,0.25,1,1
standard,rrf,100,True,803,100,1,8,0.125,99,0,7,0.0,1,1
standard,rrf,100,True,805,100,9,19,0.47368421052631576,97,6,16,0.375,3,3
standard,rrf,100,True,810,100,0,5,0.0,100,0,5,0.0,0,0
standard,rrf,100,True,820,100,1,19,0.05263157894736842,100,1,17,0.058823529411764705,0,0
standard,rrf,100,True,822,100,0,9,0.0,100,0,9,0.0,0,0
standard,rrf,100,True,824,100,2,9,0.2222222222222222,99,1,8,0.125,1,1
standard,rrf,100,True,833,100,2,7,0.2857142857142857,99,1,6,0.16666666666666666,1,1
standard,rrf,100,True,836,100,0,6,0.0,100,0,6,0.0,0,0
standard,rrf,100,True,912,100,3,5,0.6,99,2,3,0.6666666666666666,1,1
standard,rrf,100,True,932,100,4,7,0.5714285714285714,96,0,2,0.0,4,4
standard,rrf,100,True,935,100,0,7,0.0,100,0,7,0.0,0,0
standard,rrf,100,True,940,100,1,8,0.125,100,1,8,0.125,0,0
standard,rrf,100,True,958,100,1,7,0.14285714285714285,99,0,5,0.0,1,1
standard,rrf,100,True,1077,100,0,7,0.0,100,0,7,0.0,0,0
standard,rrf,100,True,1090,100,1,15,0.06666666666666667,99,0,13,0.0,1,1
standard,rrf,100,True,1098,100,0,8,0.0,100,0,8,0.0,0,0
standard,rrf,100,True,1127,100,3,6,0.5,99,2,5,0.4,1,1
standard,rrf,100,True,1145,100,3,6,0.5,98,1,4,0.25,2,2
standard,rrf,100,True,1164,100,0,8,0.0,100,0,7,0.0,0,0
standard,rrf,100,True,1204,100,0,37,0.0,100,0,36,0.0,0,0
standard,rrf,100,True,1263,100,1,8,0.125,99,0,7,0.0,1,1
standard,rrf,100,True,1285,100,1,5,0.2,99,0,4,0.0,1,1
standard,rrf,100,True,1313,100,1,12,0.08333333333333333,100,1,12,0.08333333333333333,0,0
standard,rrf,100,True,1323,100,2,5,0.4,98,0,3,0.0,2,2
standard,rrf,100,True,1365,100,0,26,0.0,100,0,26,0.0,0,0
standard,rrf,100,True,1376,100,1,5,0.2,99,0,4,0.0,1,1
standard,rrf,100,True,1382,100,0,10,0.0,100,0,10,0.0,0,0
standard,rrf,100,True,1397,100,4,5,0.8,96,0,1,0.0,4,4
standard,rrf,100,True,1428,100,0,6,0.0,100,0,6,0.0,0,0
standard,rrf,100,True,1440,100,0,5,0.0,100,0,5,0.0,0,0
standard,rrf,100,True,1447,100,2,6,0.3333333333333333,98,0,3,0.0,2,2
standard,rrf,100,True,1467,100,0,5,0.0,100,0,4,0.0,0,0
standard,rrf,100,True,1472,100,2,9,0.2222222222222222,99,1,8,0.125,1,1
standard,rrf,100,True,1494,100,0,15,0.0,100,0,12,0.0,0,0
standard,rrf,100,True,1500,100,1,6,0.16666666666666666,99,0,5,0.0,1,1
standard,rrf,100,True,1503,100,0,6,0.0,100,0,6,0.0,0,0
standard,rrf,100,True,1527,100,2,7,0.2857142857142857,98,0,5,0.0,2,2
standard,rrf,100,True,1530,100,3,7,0.42857142857142855,97,0,4,0.0,3,3
standard,rrf,100,True,1532,100,2,5,0.4,98,0,3,0.0,2,2
standard,rrf,100,True,1540,100,1,31,0.03225806451612903,99,0,25,0.0,1,1
standard,rrf,100,True,1604,100,1,15,0.06666666666666667,100,1,15,0.06666666666666667,0,0
standard,rrf,100,True,1640,100,1,16,0.0625,99,0,15,0.0,1,1
standard,rrf,100,True,1644,100,0,7,0.0,100,0,7,0.0,0,0
standard,rrf,100,True,1661,100,2,6,0.3333333333333333,98,0,4,0.0,2,2
standard,rrf,100,True,1742,100,1,51,0.0196078431372549,100,1,51,0.0196078431372549,0,0
standard,rrf,100,True,1750,100,0,8,0.0,100,0,8,0.0,0,0
standard,rrf,100,True,1753,100,0,5,0.0,100,0,4,0.0,0,0
standard,rrf,100,True,1765,100,4,6,0.6666666666666666,97,1,3,0.3333333333333333,3,3
standard,rrf,100,True,1773,100,2,5,0.4,98,0,3,0.0,2,2
standard,rrf,100,True,1774,100,0,6,0.0,100,0,5,0.0,0,0
standard,rrf,100,True,1824,100,0,13,0.0,100,0,13,0.0,0,0
standard,rrf,100,True,1838,100,0,6,0.0,100,0,6,0.0,0,0
standard,rrf,100,True,1865,100,2,21,0.09523809523809523,98,0,19,0.0,2,2
standard,rrf,100,True,1881,100,1,7,0.14285714285714285,99,0,6,0.0,1,1
standard,rrf,100,True,1896,100,0,13,0.0,100,0,13,0.0,0,0
standard,rrf,100,True,1920,100,2,5,0.4,98,0,3,0.0,2,2
standard,rrf,100,True,1921,100,1,5,0.2,99,0,4,0.0,1,1
standard,rrf,100,True,1945,100,1,12,0.08333333333333333,100,1,12,0.08333333333333333,0,0
standard,rrf,100,True,1955,100,0,7,0.0,100,0,7,0.0,0,0
standard,rrf,100,True,1967,100,0,5,0.0,100,0,5,0.0,0,0
standard,rrf,100,True,1970,100,0,12,0.0,100,0,12,0.0,0,0
standard,rrf,100,True,1991,100,1,5,0.2,99,0,3,0.0,1,1
standard,rrf,100,True,2016,100,2,30,0.06666666666666667,99,1,29,0.034482758620689655,1,1
standard,rrf,100,True,2031,100,2,19,0.10526315789473684,99,1,18,0.05555555555555555,1,1
standard,rrf,100,True,2040,100,0,8,0.0,100,0,8,0.0,0,0
standard,rrf,100,True,2050,100,2,16,0.125,100,2,16,0.125,0,0
standard,rrf,100,True,2069,100,0,5,0.0,100,0,5,0.0,0,0
standard,rrf,100,True,2096,100,0,6,0.0,100,0,5,0.0,0,0
standard,rrf,100,True,2104,100,0,11,0.0,100,0,11,0.0,0,0
standard,rrf,100,True,2110,100,0,13,0.0,100,0,12,0.0,0,0
standard,rrf,100,True,2126,100,1,15,0.06666666666666667,99,0,14,0.0,1,1
standard,rrf,100,True,2134,100,1,9,0.1111111111111111,99,0,7,0.0,1,1
standard,rrf,100,True,2174,100,1,12,0.08333333333333333,99,0,11,0.0,1,1
standard,rrf,100,True,2181,100,1,5,0.2,99,0,4,0.0,1,1
standard,rrf,100,True,2183,100,0,11,0.0,100,0,11,0.0,0,0
standard,rrf,100,True,2204,100,1,17,0.058823529411764705,100,1,17,0.058823529411764705,0,0
standard,rrf,100,True,2220,100,0,7,0.0,100,0,6,0.0,0,0
standard,rrf,100,True,2247,100,3,5,0.6,97,0,1,0.0,3,3
standard,rrf,100,True,2271,100,1,6,0.16666666666666666,99,0,5,0.0,1,1
standard,rrf,100,True,2287,100,0,10,0.0,100,0,10,0.0,0,0
standard,rrf,100,True,2316,100,3,8,0.375,98,1,5,0.2,2,2
standard,rrf,100,True,2336,100,4,53,0.07547169811320754,99,3,52,0.057692307692307696,1,1
standard,rrf,100,True,2354,100,1,6,0.16666666666666666,99,0,5,0.0,1,1
standard,rrf,100,True,2412,100,0,9,0.0,100,0,7,0.0,0,0
standard,rrf,100,True,2441,100,0,9,0.0,100,0,9,0.0,0,0
standard,rrf,100,True,2443,100,0,7,0.0,100,0,7,0.0,0,0
standard,rrf,100,True,2481,100,0,13,0.0,100,0,13,0.0,0,0
standard,rrf,100,True,2505,100,0,18,0.0,100,0,18,0.0,0,0
standard,rrf,100,True,2527,100,2,9,0.2222222222222222,100,2,9,0.2222222222222222,0,0
standard,rrf,100,True,2531,100,0,39,0.0,100,0,39,0.0,0,0
standard,rrf,100,True,2569,100,0,5,0.0,100,0,4,0.0,0,0
standard,rrf,100,True,2645,100,2,9,0.2222222222222222,99,1,8,0.125,1,1
standard,rrf,100,True,2652,100,0,31,0.0,100,0,31,0.0,0,0
standard,rrf,100,True,2665,100,0,6,0.0,100,0,6,0.0,0,0
standard,rrf,100,True,2669,100,2,5,0.4,98,0,2,0.0,2,2
standard,rrf,100,True,2675,100,1,15,0.06666666666666667,99,0,13,0.0,1,1
standard,rrf,100,True,2756,100,2,17,0.11764705882352941,98,0,15,0.0,2,2
standard,rrf,100,True,2766,100,1,16,0.0625,100,1,15,0.06666666666666667,0,0
standard,rrf,100,True,2781,100,0,13,0.0,100,0,12,0.0,0,0
standard,rrf,100,True,2782,100,0,7,0.0,100,0,7,0.0,0,0
standard,rrf,100,True,2783,100,1,5,0.2,99,0,4,0.0,1,1
standard,rrf,100,True,2821,100,3,23,0.13043478260869565,99,2,22,0.09090909090909091,1,1
standard,rrf,100,True,2844,100,0,5,0.0,100,0,5,0.0,0,0
standard,rrf,100,True,2862,100,0,9,0.0,100,0,9,0.0,0,0
standard,rrf,100,True,2879,100,0,5,0.0,100,0,2,0.0,0,0
standard,rrf,100,True,2906,100,0,6,0.0,100,0,5,0.0,0,0
standard,rrf,100,True,2923,100,1,5,0.2,100,1,5,0.2,0,0
standard,rrf,100,True,2930,100,1,5,0.2,99,0,4,0.0,1,1
standard,rrf,100,True,2957,100,0,8,0.0,100,0,8,0.0,0,0
standard,rrf,100,True,2988,100,0,6,0.0,100,0,6,0.0,0,0
standard,rrf,100,True,2990,100,1,5,0.2,99,0,4,0.0,1,1
standard,rrf,100,True,3003,100,1,6,0.16666666666666666,99,0,5,0.0,1,1
standard,rrf,100,True,3013,100,1,5,0.2,100,1,5,0.2,0,0
standard,rrf,100,True,3035,100,0,7,0.0,100,0,7,0.0,0,0
standard,rrf,100,True,3059,100,0,9,0.0,100,0,9,0.0,0,0
standard,rrf,100,True,3082,100,2,10,0.2,99,1,8,0.125,1,1
standard,rrf,100,True,3099,100,2,5,0.4,98,0,3,0.0,2,2
standard,rrf,100,True,3118,100,0,14,0.0,100,0,13,0.0,0,0
standard,rrf,100,True,3120,100,0,9,0.0,100,0,8,0.0,0,0
standard,rrf,200,True,42,200,2,13,0.15384615384615385,199,1,12,0.08333333333333333,1,1
standard,rrf,200,True,56,200,1,5,0.2,199,0,4,0.0,1,1
standard,rrf,200,True,69,200,1,6,0.16666666666666666,199,0,5,0.0,1,1
standard,rrf,200,True,70,200,0,7,0.0,200,0,7,0.0,0,0
standard,rrf,200,True,85,200,2,7,0.2857142857142857,199,1,6,0.16666666666666666,1,1
standard,rrf,200,True,111,200,1,11,0.09090909090909091,200,1,11,0.09090909090909091,0,0
standard,rrf,200,True,176,200,3,5,0.6,197,0,2,0.0,3,3
standard,rrf,200,True,209,200,0,5,0.0,200,0,5,0.0,0,0
standard,rrf,200,True,210,200,2,8,0.25,198,0,6,0.0,2,2
standard,rrf,200,True,224,200,3,21,0.14285714285714285,198,1,19,0.05263157894736842,2,2
standard,rrf,200,True,230,200,1,7,0.14285714285714285,200,1,7,0.14285714285714285,0,0
standard,rrf,200,True,304,200,1,8,0.125,200,1,8,0.125,0,0
standard,rrf,200,True,326,200,1,5,0.2,199,0,4,0.0,1,1
standard,rrf,200,True,328,200,3,25,0.12,199,2,23,0.08695652173913043,1,1
standard,rrf,200,True,344,200,1,9,0.1111111111111111,199,0,8,0.0,1,1
standard,rrf,200,True,370,200,0,7,0.0,200,0,7,0.0,0,0
standard,rrf,200,True,372,200,4,5,0.8,196,0,1,0.0,4,4
standard,rrf,200,True,408,200,4,18,0.2222222222222222,199,3,17,0.17647058823529413,1,1
standard,rrf,200,True,410,200,4,7,0.5714285714285714,199,3,6,0.5,1,1
standard,rrf,200,True,426,200,4,5,0.8,196,0,0,,4,4
standard,rrf,200,True,449,200,0,10,0.0,200,0,10,0.0,0,0
standard,rrf,200,True,451,200,1,8,0.125,199,0,7,0.0,1,1
standard,rrf,200,True,459,200,3,10,0.3,197,0,5,0.0,3,3
standard,rrf,200,True,538,200,3,10,0.3,199,2,8,0.25,1,1
standard,rrf,200,True,555,200,0,5,0.0,200,0,5,0.0,0,0
standard,rrf,200,True,560,200,0,9,0.0,200,0,8,0.0,0,0
standard,rrf,200,True,567,200,1,5,0.2,200,1,5,0.2,0,0
standard,rrf,200,True,581,200,2,5,0.4,200,2,5,0.4,0,0
standard,rrf,200,True,588,200,0,5,0.0,200,0,5,0.0,0,0
standard,rrf,200,True,590,200,1,11,0.09090909090909091,199,0,10,0.0,1,1
standard,rrf,200,True,596,200,3,5,0.6,197,0,2,0.0,3,3
standard,rrf,200,True,599,200,2,6,0.3333333333333333,198,0,3,0.0,2,2
standard,rrf,200,True,605,200,0,10,0.0,200,0,10,0.0,0,0
standard,rrf,200,True,670,200,0,6,0.0,200,0,6,0.0,0,0
standard,rrf,200,True,709,200,0,8,0.0,200,0,8,0.0,0,0
standard,rrf,200,True,743,200,2,5,0.4,199,1,4,0.25,1,1
standard,rrf,200,True,781,200,2,5,0.4,199,1,4,0.25,1,1
standard,rrf,200,True,803,200,1,8,0.125,199,0,7,0.0,1,1
standard,rrf,200,True,805,200,11,19,0.5789473684210527,197,8,16,0.5,3,3
standard,rrf,200,True,810,200,0,5,0.0,200,0,5,0.0,0,0
standard,rrf,200,True,820,200,2,19,0.10526315789473684,200,2,17,0.11764705882352941,0,0
standard,rrf,200,True,822,200,0,9,0.0,200,0,9,0.0,0,0
standard,rrf,200,True,824,200,3,9,0.3333333333333333,199,2,8,0.25,1,1
standard,rrf,200,True,833,200,2,7,0.2857142857142857,199,1,6,0.16666666666666666,1,1
standard,rrf,200,True,836,200,0,6,0.0,200,0,6,0.0,0,0
standard,rrf,200,True,912,200,4,5,0.8,198,2,3,0.6666666666666666,2,2
standard,rrf,200,True,932,200,5,7,0.7142857142857143,196,1,2,0.5,4,4
standard,rrf,200,True,935,200,0,7,0.0,200,0,7,0.0,0,0
standard,rrf,200,True,940,200,1,8,0.125,200,1,8,0.125,0,0
standard,rrf,200,True,958,200,2,7,0.2857142857142857,199,1,5,0.2,1,1
standard,rrf,200,True,1077,200,0,7,0.0,200,0,7,0.0,0,0
standard,rrf,200,True,1090,200,2,15,0.13333333333333333,198,0,13,0.0,2,2
standard,rrf,200,True,1098,200,1,8,0.125,200,1,8,0.125,0,0
standard,rrf,200,True,1127,200,3,6,0.5,199,2,5,0.4,1,1
standard,rrf,200,True,1145,200,3,6,0.5,198,1,4,0.25,2,2
standard,rrf,200,True,1164,200,1,8,0.125,200,1,7,0.14285714285714285,0,0
standard,rrf,200,True,1204,200,0,37,0.0,200,0,36,0.0,0,0
standard,rrf,200,True,1263,200,1,8,0.125,199,0,7,0.0,1,1
standard,rrf,200,True,1285,200,2,5,0.4,199,1,4,0.25,1,1
standard,rrf,200,True,1313,200,1,12,0.08333333333333333,200,1,12,0.08333333333333333,0,0
standard,rrf,200,True,1323,200,2,5,0.4,198,0,3,0.0,2,2
standard,rrf,200,True,1365,200,0,26,0.0,200,0,26,0.0,0,0
standard,rrf,200,True,1376,200,1,5,0.2,199,0,4,0.0,1,1
standard,rrf,200,True,1382,200,0,10,0.0,200,0,10,0.0,0,0
standard,rrf,200,True,1397,200,4,5,0.8,196,0,1,0.0,4,4
standard,rrf,200,True,1428,200,0,6,0.0,200,0,6,0.0,0,0
standard,rrf,200,True,1440,200,0,5,0.0,200,0,5,0.0,0,0
standard,rrf,200,True,1447,200,2,6,0.3333333333333333,198,0,3,0.0,2,2
standard,rrf,200,True,1467,200,0,5,0.0,200,0,4,0.0,0,0
standard,rrf,200,True,1472,200,2,9,0.2222222222222222,199,1,8,0.125,1,1
standard,rrf,200,True,1494,200,0,15,0.0,200,0,12,0.0,0,0
standard,rrf,200,True,1500,200,1,6,0.16666666666666666,199,0,5,0.0,1,1
standard,rrf,200,True,1503,200,2,6,0.3333333333333333,200,2,6,0.3333333333333333,0,0
standard,rrf,200,True,1527,200,2,7,0.2857142857142857,198,0,5,0.0,2,2
standard,rrf,200,True,1530,200,3,7,0.42857142857142855,197,0,4,0.0,3,3
standard,rrf,200,True,1532,200,2,5,0.4,198,0,3,0.0,2,2
standard,rrf,200,True,1540,200,2,31,0.06451612903225806,198,0,25,0.0,2,2
standard,rrf,200,True,1604,200,1,15,0.06666666666666667,200,1,15,0.06666666666666667,0,0
standard,rrf,200,True,1640,200,1,16,0.0625,199,0,15,0.0,1,1
standard,rrf,200,True,1644,200,0,7,0.0,200,0,7,0.0,0,0
standard,rrf,200,True,1661,200,2,6,0.3333333333333333,198,0,4,0.0,2,2
standard,rrf,200,True,1742,200,2,51,0.0392156862745098,200,2,51,0.0392156862745098,0,0
standard,rrf,200,True,1750,200,0,8,0.0,200,0,8,0.0,0,0
standard,rrf,200,True,1753,200,0,5,0.0,200,0,4,0.0,0,0
standard,rrf,200,True,1765,200,4,6,0.6666666666666666,197,1,3,0.3333333333333333,3,3
standard,rrf,200,True,1773,200,2,5,0.4,198,0,3,0.0,2,2
standard,rrf,200,True,1774,200,0,6,0.0,200,0,5,0.0,0,0
standard,rrf,200,True,1824,200,0,13,0.0,200,0,13,0.0,0,0
standard,rrf,200,True,1838,200,0,6,0.0,200,0,6,0.0,0,0
standard,rrf,200,True,1865,200,2,21,0.09523809523809523,198,0,19,0.0,2,2
standard,rrf,200,True,1881,200,1,7,0.14285714285714285,199,0,6,0.0,1,1
standard,rrf,200,True,1896,200,0,13,0.0,200,0,13,0.0,0,0
standard,rrf,200,True,1920,200,2,5,0.4,198,0,3,0.0,2,2
standard,rrf,200,True,1921,200,1,5,0.2,199,0,4,0.0,1,1
standard,rrf,200,True,1945,200,1,12,0.08333333333333333,200,1,12,0.08333333333333333,0,0
standard,rrf,200,True,1955,200,0,7,0.0,200,0,7,0.0,0,0
standard,rrf,200,True,1967,200,0,5,0.0,200,0,5,0.0,0,0
standard,rrf,200,True,1970,200,1,12,0.08333333333333333,200,1,12,0.08333333333333333,0,0
standard,rrf,200,True,1991,200,2,5,0.4,198,0,3,0.0,2,2
standard,rrf,200,True,2016,200,7,30,0.23333333333333334,199,6,29,0.20689655172413793,1,1
standard,rrf,200,True,2031,200,2,19,0.10526315789473684,199,1,18,0.05555555555555555,1,1
standard,rrf,200,True,2040,200,0,8,0.0,200,0,8,0.0,0,0
standard,rrf,200,True,2050,200,4,16,0.25,200,4,16,0.25,0,0
standard,rrf,200,True,2069,200,0,5,0.0,200,0,5,0.0,0,0
standard,rrf,200,True,2096,200,0,6,0.0,200,0,5,0.0,0,0
standard,rrf,200,True,2104,200,0,11,0.0,200,0,11,0.0,0,0
standard,rrf,200,True,2110,200,2,13,0.15384615384615385,200,2,12,0.16666666666666666,0,0
standard,rrf,200,True,2126,200,1,15,0.06666666666666667,199,0,14,0.0,1,1
standard,rrf,200,True,2134,200,1,9,0.1111111111111111,199,0,7,0.0,1,1
standard,rrf,200,True,2174,200,1,12,0.08333333333333333,199,0,11,0.0,1,1
standard,rrf,200,True,2181,200,1,5,0.2,199,0,4,0.0,1,1
standard,rrf,200,True,2183,200,1,11,0.09090909090909091,200,1,11,0.09090909090909091,0,0
standard,rrf,200,True,2204,200,1,17,0.058823529411764705,200,1,17,0.058823529411764705,0,0
standard,rrf,200,True,2220,200,0,7,0.0,200,0,6,0.0,0,0
standard,rrf,200,True,2247,200,3,5,0.6,197,0,1,0.0,3,3
standard,rrf,200,True,2271,200,1,6,0.16666666666666666,199,0,5,0.0,1,1
standard,rrf,200,True,2287,200,0,10,0.0,200,0,10,0.0,0,0
standard,rrf,200,True,2316,200,4,8,0.5,197,1,5,0.2,3,3
standard,rrf,200,True,2336,200,5,53,0.09433962264150944,199,4,52,0.07692307692307693,1,1
standard,rrf,200,True,2354,200,1,6,0.16666666666666666,199,0,5,0.0,1,1
standard,rrf,200,True,2412,200,1,9,0.1111111111111111,199,0,7,0.0,1,1
standard,rrf,200,True,2441,200,0,9,0.0,200,0,9,0.0,0,0
standard,rrf,200,True,2443,200,1,7,0.14285714285714285,200,1,7,0.14285714285714285,0,0
standard,rrf,200,True,2481,200,0,13,0.0,200,0,13,0.0,0,0
standard,rrf,200,True,2505,200,1,18,0.05555555555555555,200,1,18,0.05555555555555555,0,0
standard,rrf,200,True,2527,200,2,9,0.2222222222222222,200,2,9,0.2222222222222222,0,0
standard,rrf,200,True,2531,200,1,39,0.02564102564102564,200,1,39,0.02564102564102564,0,0
standard,rrf,200,True,2569,200,0,5,0.0,200,0,4,0.0,0,0
standard,rrf,200,True,2645,200,2,9,0.2222222222222222,199,1,8,0.125,1,1
standard,rrf,200,True,2652,200,0,31,0.0,200,0,31,0.0,0,0
standard,rrf,200,True,2665,200,0,6,0.0,200,0,6,0.0,0,0
standard,rrf,200,True,2669,200,3,5,0.6,197,0,2,0.0,3,3
standard,rrf,200,True,2675,200,3,15,0.2,198,1,13,0.07692307692307693,2,2
standard,rrf,200,True,2756,200,2,17,0.11764705882352941,198,0,15,0.0,2,2
standard,rrf,200,True,2766,200,1,16,0.0625,200,1,15,0.06666666666666667,0,0
standard,rrf,200,True,2781,200,3,13,0.23076923076923078,200,3,12,0.25,0,0
standard,rrf,200,True,2782,200,0,7,0.0,200,0,7,0.0,0,0
standard,rrf,200,True,2783,200,1,5,0.2,199,0,4,0.0,1,1
standard,rrf,200,True,2821,200,3,23,0.13043478260869565,199,2,22,0.09090909090909091,1,1
standard,rrf,200,True,2844,200,0,5,0.0,200,0,5,0.0,0,0
standard,rrf,200,True,2862,200,0,9,0.0,200,0,9,0.0,0,0
standard,rrf,200,True,2879,200,2,5,0.4,198,0,2,0.0,2,2
standard,rrf,200,True,2906,200,0,6,0.0,200,0,5,0.0,0,0
standard,rrf,200,True,2923,200,1,5,0.2,200,1,5,0.2,0,0
standard,rrf,200,True,2930,200,1,5,0.2,199,0,4,0.0,1,1
standard,rrf,200,True,2957,200,0,8,0.0,200,0,8,0.0,0,0
standard,rrf,200,True,2988,200,0,6,0.0,200,0,6,0.0,0,0
standard,rrf,200,True,2990,200,1,5,0.2,199,0,4,0.0,1,1
standard,rrf,200,True,3003,200,1,6,0.16666666666666666,199,0,5,0.0,1,1
standard,rrf,200,True,3013,200,2,5,0.4,200,2,5,0.4,0,0
standard,rrf,200,True,3035,200,0,7,0.0,200,0,7,0.0,0,0
standard,rrf,200,True,3059,200,0,9,0.0,200,0,9,0.0,0,0
standard,rrf,200,True,3082,200,2,10,0.2,199,1,8,0.125,1,1
standard,rrf,200,True,3099,200,2,5,0.4,198,0,3,0.0,2,2
standard,rrf,200,True,3118,200,1,14,0.07142857142857142,199,0,13,0.0,1,1
standard,rrf,200,True,3120,200,1,9,0.1111111111111111,199,0,8,0.0,1,1
standard,union,10,False,42,20,1,13,0.07692307692307693,19,0,12,0.0,1,1
standard,union,10,False,56,20,1,5,0.2,19,0,4,0.0,1,1
standard,union,10,False,69,20,0,6,0.0,20,0,5,0.0,0,0
standard,union,10,False,70,20,0,7,0.0,20,0,7,0.0,0,0
standard,union,10,False,85,19,1,7,0.14285714285714285,18,0,6,0.0,1,1
standard,union,10,False,111,20,0,11,0.0,20,0,11,0.0,0,0
standard,union,10,False,176,20,2,5,0.4,18,0,2,0.0,2,2
standard,union,10,False,209,20,0,5,0.0,20,0,5,0.0,0,0
standard,union,10,False,210,20,1,8,0.125,19,0,6,0.0,1,1
standard,union,10,False,224,20,1,21,0.047619047619047616,20,1,19,0.05263157894736842,0,0
standard,union,10,False,230,20,1,7,0.14285714285714285,20,1,7,0.14285714285714285,0,0
standard,union,10,False,304,20,0,8,0.0,20,0,8,0.0,0,0
standard,union,10,False,326,20,1,5,0.2,19,0,4,0.0,1,1
standard,union,10,False,328,20,0,25,0.0,20,0,23,0.0,0,0
standard,union,10,False,344,20,0,9,0.0,20,0,8,0.0,0,0
standard,union,10,False,370,20,0,7,0.0,20,0,7,0.0,0,0
standard,union,10,False,372,20,2,5,0.4,18,0,1,0.0,2,2
standard,union,10,False,408,20,0,18,0.0,20,0,17,0.0,0,0
standard,union,10,False,410,20,1,7,0.14285714285714285,19,0,6,0.0,1,1
standard,union,10,False,426,20,1,5,0.2,19,0,0,,1,1
standard,union,10,False,449,20,0,10,0.0,20,0,10,0.0,0,0
standard,union,10,False,451,20,1,8,0.125,19,0,7,0.0,1,1
standard,union,10,False,459,20,0,10,0.0,20,0,5,0.0,0,0
standard,union,10,False,538,20,1,10,0.1,19,0,8,0.0,1,1
standard,union,10,False,555,20,0,5,0.0,20,0,5,0.0,0,0
standard,union,10,False,560,20,0,9,0.0,20,0,8,0.0,0,0
standard,union,10,False,567,20,0,5,0.0,20,0,5,0.0,0,0
standard,union,10,False,581,20,0,5,0.0,20,0,5,0.0,0,0
standard,union,10,False,588,20,0,5,0.0,20,0,5,0.0,0,0
standard,union,10,False,590,20,1,11,0.09090909090909091,19,0,10,0.0,1,1
standard,union,10,False,596,20,2,5,0.4,18,0,2,0.0,2,2
standard,union,10,False,599,20,1,6,0.16666666666666666,19,0,3,0.0,1,1
standard,union,10,False,605,20,0,10,0.0,20,0,10,0.0,0,0
standard,union,10,False,670,20,0,6,0.0,20,0,6,0.0,0,0
standard,union,10,False,709,20,0,8,0.0,20,0,8,0.0,0,0
standard,union,10,False,743,20,0,5,0.0,20,0,4,0.0,0,0
standard,union,10,False,781,20,1,5,0.2,19,0,4,0.0,1,1
standard,union,10,False,803,20,1,8,0.125,19,0,7,0.0,1,1
standard,union,10,False,805,20,6,19,0.3157894736842105,17,3,16,0.1875,3,3
standard,union,10,False,810,20,0,5,0.0,20,0,5,0.0,0,0
standard,union,10,False,820,20,1,19,0.05263157894736842,20,1,17,0.058823529411764705,0,0
standard,union,10,False,822,20,0,9,0.0,20,0,9,0.0,0,0
standard,union,10,False,824,20,1,9,0.1111111111111111,19,0,8,0.0,1,1
standard,union,10,False,833,20,1,7,0.14285714285714285,19,0,6,0.0,1,1
standard,union,10,False,836,20,0,6,0.0,20,0,6,0.0,0,0
standard,union,10,False,912,20,2,5,0.4,19,1,3,0.3333333333333333,1,1
standard,union,10,False,932,19,3,7,0.42857142857142855,16,0,2,0.0,3,3
standard,union,10,False,935,20,0,7,0.0,20,0,7,0.0,0,0
standard,union,10,False,940,20,0,8,0.0,20,0,8,0.0,0,0
standard,union,10,False,958,20,1,7,0.14285714285714285,19,0,5,0.0,1,1
standard,union,10,False,1077,20,0,7,0.0,20,0,7,0.0,0,0
standard,union,10,False,1090,20,1,15,0.06666666666666667,19,0,13,0.0,1,1
standard,union,10,False,1098,20,0,8,0.0,20,0,8,0.0,0,0
standard,union,10,False,1127,20,2,6,0.3333333333333333,19,1,5,0.2,1,1
standard,union,10,False,1145,20,1,6,0.16666666666666666,19,0,4,0.0,1,1
standard,union,10,False,1164,20,0,8,0.0,20,0,7,0.0,0,0
standard,union,10,False,1204,20,0,37,0.0,20,0,36,0.0,0,0
standard,union,10,False,1263,20,0,8,0.0,20,0,7,0.0,0,0
standard,union,10,False,1285,20,0,5,0.0,20,0,4,0.0,0,0
standard,union,10,False,1313,20,0,12,0.0,20,0,12,0.0,0,0
standard,union,10,False,1323,20,0,5,0.0,20,0,3,0.0,0,0
standard,union,10,False,1365,20,0,26,0.0,20,0,26,0.0,0,0
standard,union,10,False,1376,20,1,5,0.2,19,0,4,0.0,1,1
standard,union,10,False,1382,20,0,10,0.0,20,0,10,0.0,0,0
standard,union,10,False,1397,20,3,5,0.6,17,0,1,0.0,3,3
standard,union,10,False,1428,20,0,6,0.0,20,0,6,0.0,0,0
standard,union,10,False,1440,20,0,5,0.0,20,0,5,0.0,0,0
standard,union,10,False,1447,20,2,6,0.3333333333333333,18,0,3,0.0,2,2
standard,union,10,False,1467,20,0,5,0.0,20,0,4,0.0,0,0
standard,union,10,False,1472,20,1,9,0.1111111111111111,20,1,8,0.125,0,0
standard,union,10,False,1494,20,0,15,0.0,20,0,12,0.0,0,0
standard,union,10,False,1500,20,1,6,0.16666666666666666,19,0,5,0.0,1,1
standard,union,10,False,1503,20,0,6,0.0,20,0,6,0.0,0,0
standard,union,10,False,1527,20,1,7,0.14285714285714285,19,0,5,0.0,1,1
standard,union,10,False,1530,20,2,7,0.2857142857142857,18,0,4,0.0,2,2
standard,union,10,False,1532,20,2,5,0.4,18,0,3,0.0,2,2
standard,union,10,False,1540,20,1,31,0.03225806451612903,19,0,25,0.0,1,1
standard,union,10,False,1604,20,0,15,0.0,20,0,15,0.0,0,0
standard,union,10,False,1640,20,1,16,0.0625,19,0,15,0.0,1,1
standard,union,10,False,1644,20,0,7,0.0,20,0,7,0.0,0,0
standard,union,10,False,1661,20,2,6,0.3333333333333333,18,0,4,0.0,2,2
standard,union,10,False,1742,20,0,51,0.0,20,0,51,0.0,0,0
standard,union,10,False,1750,20,0,8,0.0,20,0,8,0.0,0,0
standard,union,10,False,1753,10,0,5,0.0,10,0,4,0.0,0,0
standard,union,10,False,1765,20,1,6,0.16666666666666666,19,0,3,0.0,1,1
standard,union,10,False,1773,20,1,5,0.2,19,0,3,0.0,1,1
standard,union,10,False,1774,20,0,6,0.0,20,0,5,0.0,0,0
standard,union,10,False,1824,20,0,13,0.0,20,0,13,0.0,0,0
standard,union,10,False,1838,20,0,6,0.0,20,0,6,0.0,0,0
standard,union,10,False,1865,20,0,21,0.0,20,0,19,0.0,0,0
standard,union,10,False,1881,20,1,7,0.14285714285714285,19,0,6,0.0,1,1
standard,union,10,False,1896,20,0,13,0.0,20,0,13,0.0,0,0
standard,union,10,False,1920,20,1,5,0.2,19,0,3,0.0,1,1
standard,union,10,False,1921,20,0,5,0.0,20,0,4,0.0,0,0
standard,union,10,False,1945,20,1,12,0.08333333333333333,20,1,12,0.08333333333333333,0,0
standard,union,10,False,1955,20,0,7,0.0,20,0,7,0.0,0,0
standard,union,10,False,1967,20,0,5,0.0,20,0,5,0.0,0,0
standard,union,10,False,1970,20,0,12,0.0,20,0,12,0.0,0,0
standard,union,10,False,1991,20,1,5,0.2,19,0,3,0.0,1,1
standard,union,10,False,2016,20,1,30,0.03333333333333333,19,0,29,0.0,1,1
standard,union,10,False,2031,20,1,19,0.05263157894736842,19,0,18,0.0,1,1
standard,union,10,False,2040,20,0,8,0.0,20,0,8,0.0,0,0
standard,union,10,False,2050,20,1,16,0.0625,20,1,16,0.0625,0,0
standard,union,10,False,2069,20,0,5,0.0,20,0,5,0.0,0,0
standard,union,10,False,2096,20,0,6,0.0,20,0,5,0.0,0,0
standard,union,10,False,2104,20,0,11,0.0,20,0,11,0.0,0,0
standard,union,10,False,2110,20,0,13,0.0,20,0,12,0.0,0,0
standard,union,10,False,2126,20,1,15,0.06666666666666667,19,0,14,0.0,1,1
standard,union,10,False,2134,20,0,9,0.0,20,0,7,0.0,0,0
standard,union,10,False,2174,20,1,12,0.08333333333333333,19,0,11,0.0,1,1
standard,union,10,False,2181,20,1,5,0.2,19,0,4,0.0,1,1
standard,union,10,False,2183,20,0,11,0.0,20,0,11,0.0,0,0
standard,union,10,False,2204,20,1,17,0.058823529411764705,20,1,17,0.058823529411764705,0,0
standard,union,10,False,2220,20,0,7,0.0,20,0,6,0.0,0,0
standard,union,10,False,2247,20,2,5,0.4,18,0,1,0.0,2,2
standard,union,10,False,2271,20,1,6,0.16666666666666666,19,0,5,0.0,1,1
standard,union,10,False,2287,20,0,10,0.0,20,0,10,0.0,0,0
standard,union,10,False,2316,20,1,8,0.125,19,0,5,0.0,1,1
standard,union,10,False,2336,20,1,53,0.018867924528301886,20,1,52,0.019230769230769232,0,0
standard,union,10,False,2354,20,1,6,0.16666666666666666,19,0,5,0.0,1,1
standard,union,10,False,2412,20,0,9,0.0,20,0,7,0.0,0,0
standard,union,10,False,2441,20,0,9,0.0,20,0,9,0.0,0,0
standard,union,10,False,2443,20,0,7,0.0,20,0,7,0.0,0,0
standard,union,10,False,2481,20,0,13,0.0,20,0,13,0.0,0,0
standard,union,10,False,2505,20,0,18,0.0,20,0,18,0.0,0,0
standard,union,10,False,2527,20,1,9,0.1111111111111111,20,1,9,0.1111111111111111,0,0
standard,union,10,False,2531,20,0,39,0.0,20,0,39,0.0,0,0
standard,union,10,False,2569,20,0,5,0.0,20,0,4,0.0,0,0
standard,union,10,False,2645,20,2,9,0.2222222222222222,19,1,8,0.125,1,1
standard,union,10,False,2652,20,0,31,0.0,20,0,31,0.0,0,0
standard,union,10,False,2665,20,0,6,0.0,20,0,6,0.0,0,0
standard,union,10,False,2669,20,1,5,0.2,19,0,2,0.0,1,1
standard,union,10,False,2675,20,1,15,0.06666666666666667,19,0,13,0.0,1,1
standard,union,10,False,2756,20,2,17,0.11764705882352941,18,0,15,0.0,2,2
standard,union,10,False,2766,20,1,16,0.0625,20,1,15,0.06666666666666667,0,0
standard,union,10,False,2781,20,0,13,0.0,20,0,12,0.0,0,0
standard,union,10,False,2782,20,0,7,0.0,20,0,7,0.0,0,0
standard,union,10,False,2783,20,1,5,0.2,19,0,4,0.0,1,1
standard,union,10,False,2821,20,0,23,0.0,20,0,22,0.0,0,0
standard,union,10,False,2844,20,0,5,0.0,20,0,5,0.0,0,0
standard,union,10,False,2862,20,0,9,0.0,20,0,9,0.0,0,0
standard,union,10,False,2879,20,0,5,0.0,20,0,2,0.0,0,0
standard,union,10,False,2906,20,0,6,0.0,20,0,5,0.0,0,0
standard,union,10,False,2923,20,0,5,0.0,20,0,5,0.0,0,0
standard,union,10,False,2930,20,1,5,0.2,19,0,4,0.0,1,1
standard,union,10,False,2957,20,0,8,0.0,20,0,8,0.0,0,0
standard,union,10,False,2988,20,0,6,0.0,20,0,6,0.0,0,0
standard,union,10,False,2990,20,0,5,0.0,20,0,4,0.0,0,0
standard,union,10,False,3003,20,1,6,0.16666666666666666,19,0,5,0.0,1,1
standard,union,10,False,3013,20,1,5,0.2,20,1,5,0.2,0,0
standard,union,10,False,3035,20,0,7,0.0,20,0,7,0.0,0,0
standard,union,10,False,3059,20,0,9,0.0,20,0,9,0.0,0,0
standard,union,10,False,3082,20,0,10,0.0,20,0,8,0.0,0,0
standard,union,10,False,3099,20,0,5,0.0,20,0,3,0.0,0,0
standard,union,10,False,3118,20,0,14,0.0,20,0,13,0.0,0,0
standard,union,10,False,3120,20,0,9,0.0,20,0,8,0.0,0,0
standard,union,50,False,42,100,2,13,0.15384615384615385,99,1,12,0.08333333333333333,1,1
standard,union,50,False,56,99,1,5,0.2,98,0,4,0.0,1,1
standard,union,50,False,69,99,1,6,0.16666666666666666,98,0,5,0.0,1,1
standard,union,50,False,70,100,0,7,0.0,100,0,7,0.0,0,0
standard,union,50,False,85,99,1,7,0.14285714285714285,98,0,6,0.0,1,1
standard,union,50,False,111,100,0,11,0.0,100,0,11,0.0,0,0
standard,union,50,False,176,99,2,5,0.4,97,0,2,0.0,2,2
standard,union,50,False,209,100,0,5,0.0,100,0,5,0.0,0,0
standard,union,50,False,210,99,2,8,0.25,97,0,6,0.0,2,2
standard,union,50,False,224,99,2,21,0.09523809523809523,98,1,19,0.05263157894736842,1,1
standard,union,50,False,230,100,1,7,0.14285714285714285,100,1,7,0.14285714285714285,0,0
standard,union,50,False,304,100,0,8,0.0,100,0,8,0.0,0,0
standard,union,50,False,326,100,1,5,0.2,99,0,4,0.0,1,1
standard,union,50,False,328,100,2,25,0.08,99,1,23,0.043478260869565216,1,1
standard,union,50,False,344,99,0,9,0.0,99,0,8,0.0,0,0
standard,union,50,False,370,100,0,7,0.0,100,0,7,0.0,0,0
standard,union,50,False,372,99,4,5,0.8,95,0,1,0.0,4,4
standard,union,50,False,408,100,3,18,0.16666666666666666,99,2,17,0.11764705882352941,1,1
standard,union,50,False,410,99,4,7,0.5714285714285714,98,3,6,0.5,1,1
standard,union,50,False,426,98,4,5,0.8,94,0,0,,4,4
standard,union,50,False,449,100,0,10,0.0,100,0,10,0.0,0,0
standard,union,50,False,451,100,1,8,0.125,99,0,7,0.0,1,1
standard,union,50,False,459,100,1,10,0.1,99,0,5,0.0,1,1
standard,union,50,False,538,100,2,10,0.2,99,1,8,0.125,1,1
standard,union,50,False,555,100,0,5,0.0,100,0,5,0.0,0,0
standard,union,50,False,560,100,0,9,0.0,100,0,8,0.0,0,0
standard,union,50,False,567,100,1,5,0.2,100,1,5,0.2,0,0
standard,union,50,False,581,100,1,5,0.2,100,1,5,0.2,0,0
standard,union,50,False,588,100,0,5,0.0,100,0,5,0.0,0,0
standard,union,50,False,590,99,1,11,0.09090909090909091,98,0,10,0.0,1,1
standard,union,50,False,596,100,3,5,0.6,97,0,2,0.0,3,3
standard,union,50,False,599,100,2,6,0.3333333333333333,98,0,3,0.0,2,2
standard,union,50,False,605,100,0,10,0.0,100,0,10,0.0,0,0
standard,union,50,False,670,100,0,6,0.0,100,0,6,0.0,0,0
standard,union,50,False,709,100,0,8,0.0,100,0,8,0.0,0,0
standard,union,50,False,743,99,2,5,0.4,98,1,4,0.25,1,1
standard,union,50,False,781,100,2,5,0.4,99,1,4,0.25,1,1
standard,union,50,False,803,100,1,8,0.125,99,0,7,0.0,1,1
standard,union,50,False,805,100,9,19,0.47368421052631576,97,6,16,0.375,3,3
standard,union,50,False,810,100,0,5,0.0,100,0,5,0.0,0,0
standard,union,50,False,820,100,1,19,0.05263157894736842,100,1,17,0.058823529411764705,0,0
standard,union,50,False,822,100,0,9,0.0,100,0,9,0.0,0,0
standard,union,50,False,824,100,3,9,0.3333333333333333,99,2,8,0.25,1,1
standard,union,50,False,833,100,2,7,0.2857142857142857,99,1,6,0.16666666666666666,1,1
standard,union,50,False,836,100,0,6,0.0,100,0,6,0.0,0,0
standard,union,50,False,912,99,3,5,0.6,98,2,3,0.6666666666666666,1,1
standard,union,50,False,932,96,4,7,0.5714285714285714,92,0,2,0.0,4,4
standard,union,50,False,935,99,0,7,0.0,99,0,7,0.0,0,0
standard,union,50,False,940,100,1,8,0.125,100,1,8,0.125,0,0
standard,union,50,False,958,100,1,7,0.14285714285714285,99,0,5,0.0,1,1
standard,union,50,False,1077,100,0,7,0.0,100,0,7,0.0,0,0
standard,union,50,False,1090,100,1,15,0.06666666666666667,99,0,13,0.0,1,1
standard,union,50,False,1098,100,0,8,0.0,100,0,8,0.0,0,0
standard,union,50,False,1127,99,3,6,0.5,98,2,5,0.4,1,1
standard,union,50,False,1145,99,3,6,0.5,97,1,4,0.25,2,2
standard,union,50,False,1164,100,0,8,0.0,100,0,7,0.0,0,0
standard,union,50,False,1204,100,0,37,0.0,100,0,36,0.0,0,0
standard,union,50,False,1263,100,1,8,0.125,99,0,7,0.0,1,1
standard,union,50,False,1285,100,1,5,0.2,99,0,4,0.0,1,1
standard,union,50,False,1313,100,1,12,0.08333333333333333,100,1,12,0.08333333333333333,0,0
standard,union,50,False,1323,99,2,5,0.4,97,0,3,0.0,2,2
standard,union,50,False,1365,100,0,26,0.0,100,0,26,0.0,0,0
standard,union,50,False,1376,100,1,5,0.2,99,0,4,0.0,1,1
standard,union,50,False,1382,100,0,10,0.0,100,0,10,0.0,0,0
standard,union,50,False,1397,99,4,5,0.8,95,0,1,0.0,4,4
standard,union,50,False,1428,100,0,6,0.0,100,0,6,0.0,0,0
standard,union,50,False,1440,100,0,5,0.0,100,0,5,0.0,0,0
standard,union,50,False,1447,100,2,6,0.3333333333333333,98,0,3,0.0,2,2
standard,union,50,False,1467,100,0,5,0.0,100,0,4,0.0,0,0
standard,union,50,False,1472,100,2,9,0.2222222222222222,99,1,8,0.125,1,1
standard,union,50,False,1494,100,0,15,0.0,100,0,12,0.0,0,0
standard,union,50,False,1500,100,1,6,0.16666666666666666,99,0,5,0.0,1,1
standard,union,50,False,1503,100,0,6,0.0,100,0,6,0.0,0,0
standard,union,50,False,1527,100,1,7,0.14285714285714285,99,0,5,0.0,1,1
standard,union,50,False,1530,100,3,7,0.42857142857142855,97,0,4,0.0,3,3
standard,union,50,False,1532,100,2,5,0.4,98,0,3,0.0,2,2
standard,union,50,False,1540,100,1,31,0.03225806451612903,99,0,25,0.0,1,1
standard,union,50,False,1604,100,1,15,0.06666666666666667,100,1,15,0.06666666666666667,0,0
standard,union,50,False,1640,100,1,16,0.0625,99,0,15,0.0,1,1
standard,union,50,False,1644,100,0,7,0.0,100,0,7,0.0,0,0
standard,union,50,False,1661,100,2,6,0.3333333333333333,98,0,4,0.0,2,2
standard,union,50,False,1742,100,1,51,0.0196078431372549,100,1,51,0.0196078431372549,0,0
standard,union,50,False,1750,100,0,8,0.0,100,0,8,0.0,0,0
standard,union,50,False,1753,50,0,5,0.0,50,0,4,0.0,0,0
standard,union,50,False,1765,100,4,6,0.6666666666666666,97,1,3,0.3333333333333333,3,3
standard,union,50,False,1773,100,2,5,0.4,98,0,3,0.0,2,2
standard,union,50,False,1774,100,0,6,0.0,100,0,5,0.0,0,0
standard,union,50,False,1824,100,0,13,0.0,100,0,13,0.0,0,0
standard,union,50,False,1838,100,0,6,0.0,100,0,6,0.0,0,0
standard,union,50,False,1865,100,2,21,0.09523809523809523,98,0,19,0.0,2,2
standard,union,50,False,1881,100,1,7,0.14285714285714285,99,0,6,0.0,1,1
standard,union,50,False,1896,100,0,13,0.0,100,0,13,0.0,0,0
standard,union,50,False,1920,100,2,5,0.4,98,0,3,0.0,2,2
standard,union,50,False,1921,100,1,5,0.2,99,0,4,0.0,1,1
standard,union,50,False,1945,99,1,12,0.08333333333333333,99,1,12,0.08333333333333333,0,0
standard,union,50,False,1955,100,0,7,0.0,100,0,7,0.0,0,0
standard,union,50,False,1967,100,0,5,0.0,100,0,5,0.0,0,0
standard,union,50,False,1970,100,0,12,0.0,100,0,12,0.0,0,0
standard,union,50,False,1991,100,1,5,0.2,99,0,3,0.0,1,1
standard,union,50,False,2016,100,2,30,0.06666666666666667,99,1,29,0.034482758620689655,1,1
standard,union,50,False,2031,100,2,19,0.10526315789473684,99,1,18,0.05555555555555555,1,1
standard,union,50,False,2040,100,0,8,0.0,100,0,8,0.0,0,0
standard,union,50,False,2050,100,2,16,0.125,100,2,16,0.125,0,0
standard,union,50,False,2069,99,0,5,0.0,99,0,5,0.0,0,0
standard,union,50,False,2096,100,0,6,0.0,100,0,5,0.0,0,0
standard,union,50,False,2104,100,0,11,0.0,100,0,11,0.0,0,0
standard,union,50,False,2110,100,0,13,0.0,100,0,12,0.0,0,0
standard,union,50,False,2126,100,1,15,0.06666666666666667,99,0,14,0.0,1,1
standard,union,50,False,2134,100,1,9,0.1111111111111111,99,0,7,0.0,1,1
standard,union,50,False,2174,100,1,12,0.08333333333333333,99,0,11,0.0,1,1
standard,union,50,False,2181,99,1,5,0.2,98,0,4,0.0,1,1
standard,union,50,False,2183,100,0,11,0.0,100,0,11,0.0,0,0
standard,union,50,False,2204,100,1,17,0.058823529411764705,100,1,17,0.058823529411764705,0,0
standard,union,50,False,2220,99,0,7,0.0,99,0,6,0.0,0,0
standard,union,50,False,2247,100,3,5,0.6,97,0,1,0.0,3,3
standard,union,50,False,2271,100,1,6,0.16666666666666666,99,0,5,0.0,1,1
standard,union,50,False,2287,99,0,10,0.0,99,0,10,0.0,0,0
standard,union,50,False,2316,100,3,8,0.375,98,1,5,0.2,2,2
standard,union,50,False,2336,100,4,53,0.07547169811320754,99,3,52,0.057692307692307696,1,1
standard,union,50,False,2354,100,1,6,0.16666666666666666,99,0,5,0.0,1,1
standard,union,50,False,2412,100,0,9,0.0,100,0,7,0.0,0,0
standard,union,50,False,2441,100,0,9,0.0,100,0,9,0.0,0,0
standard,union,50,False,2443,100,0,7,0.0,100,0,7,0.0,0,0
standard,union,50,False,2481,100,0,13,0.0,100,0,13,0.0,0,0
standard,union,50,False,2505,100,0,18,0.0,100,0,18,0.0,0,0
standard,union,50,False,2527,100,2,9,0.2222222222222222,100,2,9,0.2222222222222222,0,0
standard,union,50,False,2531,98,0,39,0.0,98,0,39,0.0,0,0
standard,union,50,False,2569,100,0,5,0.0,100,0,4,0.0,0,0
standard,union,50,False,2645,100,2,9,0.2222222222222222,99,1,8,0.125,1,1
standard,union,50,False,2652,100,0,31,0.0,100,0,31,0.0,0,0
standard,union,50,False,2665,100,0,6,0.0,100,0,6,0.0,0,0
standard,union,50,False,2669,100,2,5,0.4,98,0,2,0.0,2,2
standard,union,50,False,2675,100,1,15,0.06666666666666667,99,0,13,0.0,1,1
standard,union,50,False,2756,100,2,17,0.11764705882352941,98,0,15,0.0,2,2
standard,union,50,False,2766,100,1,16,0.0625,100,1,15,0.06666666666666667,0,0
standard,union,50,False,2781,100,0,13,0.0,100,0,12,0.0,0,0
standard,union,50,False,2782,100,0,7,0.0,100,0,7,0.0,0,0
standard,union,50,False,2783,100,1,5,0.2,99,0,4,0.0,1,1
standard,union,50,False,2821,100,3,23,0.13043478260869565,99,2,22,0.09090909090909091,1,1
standard,union,50,False,2844,100,0,5,0.0,100,0,5,0.0,0,0
standard,union,50,False,2862,100,0,9,0.0,100,0,9,0.0,0,0
standard,union,50,False,2879,100,0,5,0.0,100,0,2,0.0,0,0
standard,union,50,False,2906,100,0,6,0.0,100,0,5,0.0,0,0
standard,union,50,False,2923,100,1,5,0.2,100,1,5,0.2,0,0
standard,union,50,False,2930,100,1,5,0.2,99,0,4,0.0,1,1
standard,union,50,False,2957,100,0,8,0.0,100,0,8,0.0,0,0
standard,union,50,False,2988,100,0,6,0.0,100,0,6,0.0,0,0
standard,union,50,False,2990,100,1,5,0.2,99,0,4,0.0,1,1
standard,union,50,False,3003,100,1,6,0.16666666666666666,99,0,5,0.0,1,1
standard,union,50,False,3013,100,1,5,0.2,100,1,5,0.2,0,0
standard,union,50,False,3035,100,0,7,0.0,100,0,7,0.0,0,0
standard,union,50,False,3059,100,0,9,0.0,100,0,9,0.0,0,0
standard,union,50,False,3082,99,2,10,0.2,98,1,8,0.125,1,1
standard,union,50,False,3099,100,2,5,0.4,98,0,3,0.0,2,2
standard,union,50,False,3118,100,0,14,0.0,100,0,13,0.0,0,0
standard,union,50,False,3120,100,0,9,0.0,100,0,8,0.0,0,0
standard,union,100,False,42,199,2,13,0.15384615384615385,198,1,12,0.08333333333333333,1,1
standard,union,100,False,56,198,1,5,0.2,197,0,4,0.0,1,1
standard,union,100,False,69,198,1,6,0.16666666666666666,197,0,5,0.0,1,1
standard,union,100,False,70,200,0,7,0.0,200,0,7,0.0,0,0
standard,union,100,False,85,199,2,7,0.2857142857142857,198,1,6,0.16666666666666666,1,1
standard,union,100,False,111,199,1,11,0.09090909090909091,199,1,11,0.09090909090909091,0,0
standard,union,100,False,176,194,3,5,0.6,191,0,2,0.0,3,3
standard,union,100,False,209,200,0,5,0.0,200,0,5,0.0,0,0
standard,union,100,False,210,195,2,8,0.25,193,0,6,0.0,2,2
standard,union,100,False,224,198,3,21,0.14285714285714285,196,1,19,0.05263157894736842,2,2
standard,union,100,False,230,200,1,7,0.14285714285714285,200,1,7,0.14285714285714285,0,0
standard,union,100,False,304,200,1,8,0.125,200,1,8,0.125,0,0
standard,union,100,False,326,200,1,5,0.2,199,0,4,0.0,1,1
standard,union,100,False,328,200,3,25,0.12,199,2,23,0.08695652173913043,1,1
standard,union,100,False,344,199,1,9,0.1111111111111111,198,0,8,0.0,1,1
standard,union,100,False,370,200,0,7,0.0,200,0,7,0.0,0,0
standard,union,100,False,372,197,4,5,0.8,193,0,1,0.0,4,4
standard,union,100,False,408,199,4,18,0.2222222222222222,198,3,17,0.17647058823529413,1,1
standard,union,100,False,410,198,4,7,0.5714285714285714,197,3,6,0.5,1,1
standard,union,100,False,426,194,4,5,0.8,190,0,0,,4,4
standard,union,100,False,449,200,0,10,0.0,200,0,10,0.0,0,0
standard,union,100,False,451,199,1,8,0.125,198,0,7,0.0,1,1
standard,union,100,False,459,199,2,10,0.2,197,0,5,0.0,2,2
standard,union,100,False,538,198,3,10,0.3,197,2,8,0.25,1,1
standard,union,100,False,555,200,0,5,0.0,200,0,5,0.0,0,0
standard,union,100,False,560,200,0,9,0.0,200,0,8,0.0,0,0
standard,union,100,False,567,200,1,5,0.2,200,1,5,0.2,0,0
standard,union,100,False,581,199,2,5,0.4,199,2,5,0.4,0,0
standard,union,100,False,588,200,0,5,0.0,200,0,5,0.0,0,0
standard,union,100,False,590,198,1,11,0.09090909090909091,197,0,10,0.0,1,1
standard,union,100,False,596,200,3,5,0.6,197,0,2,0.0,3,3
standard,union,100,False,599,199,2,6,0.3333333333333333,197,0,3,0.0,2,2
standard,union,100,False,605,199,0,10,0.0,199,0,10,0.0,0,0
standard,union,100,False,670,200,0,6,0.0,200,0,6,0.0,0,0
standard,union,100,False,709,200,0,8,0.0,200,0,8,0.0,0,0
standard,union,100,False,743,198,2,5,0.4,197,1,4,0.25,1,1
standard,union,100,False,781,199,2,5,0.4,198,1,4,0.25,1,1
standard,union,100,False,803,200,1,8,0.125,199,0,7,0.0,1,1
standard,union,100,False,805,200,11,19,0.5789473684210527,197,8,16,0.5,3,3
standard,union,100,False,810,198,0,5,0.0,198,0,5,0.0,0,0
standard,union,100,False,820,199,2,19,0.10526315789473684,199,2,17,0.11764705882352941,0,0
standard,union,100,False,822,200,0,9,0.0,200,0,9,0.0,0,0
standard,union,100,False,824,199,3,9,0.3333333333333333,198,2,8,0.25,1,1
standard,union,100,False,833,200,2,7,0.2857142857142857,199,1,6,0.16666666666666666,1,1
standard,union,100,False,836,200,0,6,0.0,200,0,6,0.0,0,0
standard,union,100,False,912,198,4,5,0.8,196,2,3,0.6666666666666666,2,2
standard,union,100,False,932,195,4,7,0.5714285714285714,191,0,2,0.0,4,4
standard,union,100,False,935,196,0,7,0.0,196,0,7,0.0,0,0
standard,union,100,False,940,200,1,8,0.125,200,1,8,0.125,0,0
standard,union,100,False,958,199,2,7,0.2857142857142857,198,1,5,0.2,1,1
standard,union,100,False,1077,200,0,7,0.0,200,0,7,0.0,0,0
standard,union,100,False,1090,199,2,15,0.13333333333333333,197,0,13,0.0,2,2
standard,union,100,False,1098,199,1,8,0.125,199,1,8,0.125,0,0
standard,union,100,False,1127,198,3,6,0.5,197,2,5,0.4,1,1
standard,union,100,False,1145,198,3,6,0.5,196,1,4,0.25,2,2
standard,union,100,False,1164,200,1,8,0.125,200,1,7,0.14285714285714285,0,0
standard,union,100,False,1204,199,0,37,0.0,199,0,36,0.0,0,0
standard,union,100,False,1263,200,1,8,0.125,199,0,7,0.0,1,1
standard,union,100,False,1285,200,2,5,0.4,199,1,4,0.25,1,1
standard,union,100,False,1313,200,1,12,0.08333333333333333,200,1,12,0.08333333333333333,0,0
standard,union,100,False,1323,198,2,5,0.4,196,0,3,0.0,2,2
standard,union,100,False,1365,200,0,26,0.0,200,0,26,0.0,0,0
standard,union,100,False,1376,200,1,5,0.2,199,0,4,0.0,1,1
standard,union,100,False,1382,200,0,10,0.0,200,0,10,0.0,0,0
standard,union,100,False,1397,192,4,5,0.8,188,0,1,0.0,4,4
standard,union,100,False,1428,199,0,6,0.0,199,0,6,0.0,0,0
standard,union,100,False,1440,200,0,5,0.0,200,0,5,0.0,0,0
standard,union,100,False,1447,200,2,6,0.3333333333333333,198,0,3,0.0,2,2
standard,union,100,False,1467,200,0,5,0.0,200,0,4,0.0,0,0
standard,union,100,False,1472,199,2,9,0.2222222222222222,198,1,8,0.125,1,1
standard,union,100,False,1494,200,0,15,0.0,200,0,12,0.0,0,0
standard,union,100,False,1500,200,1,6,0.16666666666666666,199,0,5,0.0,1,1
standard,union,100,False,1503,200,3,6,0.5,200,3,6,0.5,0,0
standard,union,100,False,1527,200,2,7,0.2857142857142857,198,0,5,0.0,2,2
standard,union,100,False,1530,200,3,7,0.42857142857142855,197,0,4,0.0,3,3
standard,union,100,False,1532,199,2,5,0.4,197,0,3,0.0,2,2
standard,union,100,False,1540,198,2,31,0.06451612903225806,196,0,25,0.0,2,2
standard,union,100,False,1604,200,1,15,0.06666666666666667,200,1,15,0.06666666666666667,0,0
standard,union,100,False,1640,200,1,16,0.0625,199,0,15,0.0,1,1
standard,union,100,False,1644,200,0,7,0.0,200,0,7,0.0,0,0
standard,union,100,False,1661,200,2,6,0.3333333333333333,198,0,4,0.0,2,2
standard,union,100,False,1742,200,2,51,0.0392156862745098,200,2,51,0.0392156862745098,0,0
standard,union,100,False,1750,199,0,8,0.0,199,0,8,0.0,0,0
standard,union,100,False,1753,100,0,5,0.0,100,0,4,0.0,0,0
standard,union,100,False,1765,199,4,6,0.6666666666666666,196,1,3,0.3333333333333333,3,3
standard,union,100,False,1773,199,2,5,0.4,197,0,3,0.0,2,2
standard,union,100,False,1774,200,0,6,0.0,200,0,5,0.0,0,0
standard,union,100,False,1824,200,0,13,0.0,200,0,13,0.0,0,0
standard,union,100,False,1838,200,0,6,0.0,200,0,6,0.0,0,0
standard,union,100,False,1865,200,2,21,0.09523809523809523,198,0,19,0.0,2,2
standard,union,100,False,1881,200,1,7,0.14285714285714285,199,0,6,0.0,1,1
standard,union,100,False,1896,200,0,13,0.0,200,0,13,0.0,0,0
standard,union,100,False,1920,200,2,5,0.4,198,0,3,0.0,2,2
standard,union,100,False,1921,199,1,5,0.2,198,0,4,0.0,1,1
standard,union,100,False,1945,198,1,12,0.08333333333333333,198,1,12,0.08333333333333333,0,0
standard,union,100,False,1955,200,0,7,0.0,200,0,7,0.0,0,0
standard,union,100,False,1967,200,0,5,0.0,200,0,5,0.0,0,0
standard,union,100,False,1970,200,1,12,0.08333333333333333,200,1,12,0.08333333333333333,0,0
standard,union,100,False,1991,200,2,5,0.4,198,0,3,0.0,2,2
standard,union,100,False,2016,200,7,30,0.23333333333333334,199,6,29,0.20689655172413793,1,1
standard,union,100,False,2031,199,2,19,0.10526315789473684,198,1,18,0.05555555555555555,1,1
standard,union,100,False,2040,200,0,8,0.0,200,0,8,0.0,0,0
standard,union,100,False,2050,200,4,16,0.25,200,4,16,0.25,0,0
standard,union,100,False,2069,199,0,5,0.0,199,0,5,0.0,0,0
standard,union,100,False,2096,198,0,6,0.0,198,0,5,0.0,0,0
standard,union,100,False,2104,200,0,11,0.0,200,0,11,0.0,0,0
standard,union,100,False,2110,200,2,13,0.15384615384615385,200,2,12,0.16666666666666666,0,0
standard,union,100,False,2126,200,1,15,0.06666666666666667,199,0,14,0.0,1,1
standard,union,100,False,2134,197,1,9,0.1111111111111111,196,0,7,0.0,1,1
standard,union,100,False,2174,200,1,12,0.08333333333333333,199,0,11,0.0,1,1
standard,union,100,False,2181,198,1,5,0.2,197,0,4,0.0,1,1
standard,union,100,False,2183,200,1,11,0.09090909090909091,200,1,11,0.09090909090909091,0,0
standard,union,100,False,2204,199,1,17,0.058823529411764705,199,1,17,0.058823529411764705,0,0
standard,union,100,False,2220,198,0,7,0.0,198,0,6,0.0,0,0
standard,union,100,False,2247,200,3,5,0.6,197,0,1,0.0,3,3
standard,union,100,False,2271,200,1,6,0.16666666666666666,199,0,5,0.0,1,1
standard,union,100,False,2287,198,0,10,0.0,198,0,10,0.0,0,0
standard,union,100,False,2316,200,4,8,0.5,197,1,5,0.2,3,3
standard,union,100,False,2336,195,5,53,0.09433962264150944,194,4,52,0.07692307692307693,1,1
standard,union,100,False,2354,199,1,6,0.16666666666666666,198,0,5,0.0,1,1
standard,union,100,False,2412,200,1,9,0.1111111111111111,199,0,7,0.0,1,1
standard,union,100,False,2441,200,0,9,0.0,200,0,9,0.0,0,0
standard,union,100,False,2443,199,1,7,0.14285714285714285,199,1,7,0.14285714285714285,0,0
standard,union,100,False,2481,197,0,13,0.0,197,0,13,0.0,0,0
standard,union,100,False,2505,200,1,18,0.05555555555555555,200,1,18,0.05555555555555555,0,0
standard,union,100,False,2527,199,2,9,0.2222222222222222,199,2,9,0.2222222222222222,0,0
standard,union,100,False,2531,198,1,39,0.02564102564102564,198,1,39,0.02564102564102564,0,0
standard,union,100,False,2569,199,0,5,0.0,199,0,4,0.0,0,0
standard,union,100,False,2645,200,2,9,0.2222222222222222,199,1,8,0.125,1,1
standard,union,100,False,2652,200,0,31,0.0,200,0,31,0.0,0,0
standard,union,100,False,2665,199,0,6,0.0,199,0,6,0.0,0,0
standard,union,100,False,2669,200,3,5,0.6,197,0,2,0.0,3,3
standard,union,100,False,2675,200,3,15,0.2,198,1,13,0.07692307692307693,2,2
standard,union,100,False,2756,199,2,17,0.11764705882352941,197,0,15,0.0,2,2
standard,union,100,False,2766,199,1,16,0.0625,199,1,15,0.06666666666666667,0,0
standard,union,100,False,2781,200,3,13,0.23076923076923078,200,3,12,0.25,0,0
standard,union,100,False,2782,199,0,7,0.0,199,0,7,0.0,0,0
standard,union,100,False,2783,200,1,5,0.2,199,0,4,0.0,1,1
standard,union,100,False,2821,198,3,23,0.13043478260869565,197,2,22,0.09090909090909091,1,1
standard,union,100,False,2844,200,0,5,0.0,200,0,5,0.0,0,0
standard,union,100,False,2862,200,0,9,0.0,200,0,9,0.0,0,0
standard,union,100,False,2879,198,2,5,0.4,196,0,2,0.0,2,2
standard,union,100,False,2906,200,0,6,0.0,200,0,5,0.0,0,0
standard,union,100,False,2923,199,1,5,0.2,199,1,5,0.2,0,0
standard,union,100,False,2930,199,1,5,0.2,198,0,4,0.0,1,1
standard,union,100,False,2957,200,0,8,0.0,200,0,8,0.0,0,0
standard,union,100,False,2988,200,0,6,0.0,200,0,6,0.0,0,0
standard,union,100,False,2990,200,1,5,0.2,199,0,4,0.0,1,1
standard,union,100,False,3003,200,1,6,0.16666666666666666,199,0,5,0.0,1,1
standard,union,100,False,3013,199,2,5,0.4,199,2,5,0.4,0,0
standard,union,100,False,3035,200,0,7,0.0,200,0,7,0.0,0,0
standard,union,100,False,3059,199,0,9,0.0,199,0,9,0.0,0,0
standard,union,100,False,3082,199,2,10,0.2,198,1,8,0.125,1,1
standard,union,100,False,3099,200,2,5,0.4,198,0,3,0.0,2,2
standard,union,100,False,3118,200,1,14,0.07142857142857142,199,0,13,0.0,1,1
standard,union,100,False,3120,199,1,9,0.1111111111111111,198,0,8,0.0,1,1
standard,union,200,False,42,398,4,13,0.3076923076923077,397,3,12,0.25,1,1
standard,union,200,False,56,391,1,5,0.2,390,0,4,0.0,1,1
standard,union,200,False,69,393,1,6,0.16666666666666666,392,0,5,0.0,1,1
standard,union,200,False,70,400,0,7,0.0,400,0,7,0.0,0,0
standard,union,200,False,85,397,3,7,0.42857142857142855,396,2,6,0.3333333333333333,1,1
standard,union,200,False,111,397,1,11,0.09090909090909091,397,1,11,0.09090909090909091,0,0
standard,union,200,False,176,392,3,5,0.6,389,0,2,0.0,3,3
standard,union,200,False,209,398,1,5,0.2,398,1,5,0.2,0,0
standard,union,200,False,210,392,2,8,0.25,390,0,6,0.0,2,2
standard,union,200,False,224,394,4,21,0.19047619047619047,392,2,19,0.10526315789473684,2,2
standard,union,200,False,230,399,1,7,0.14285714285714285,399,1,7,0.14285714285714285,0,0
standard,union,200,False,304,399,1,8,0.125,399,1,8,0.125,0,0
standard,union,200,False,326,399,1,5,0.2,398,0,4,0.0,1,1
standard,union,200,False,328,399,6,25,0.24,397,4,23,0.17391304347826086,2,2
standard,union,200,False,344,397,2,9,0.2222222222222222,396,1,8,0.125,1,1
standard,union,200,False,370,397,0,7,0.0,397,0,7,0.0,0,0
standard,union,200,False,372,394,4,5,0.8,390,0,1,0.0,4,4
standard,union,200,False,408,399,4,18,0.2222222222222222,398,3,17,0.17647058823529413,1,1
standard,union,200,False,410,396,5,7,0.7142857142857143,395,4,6,0.6666666666666666,1,1
standard,union,200,False,426,386,4,5,0.8,382,0,0,,4,4
standard,union,200,False,449,399,1,10,0.1,399,1,10,0.1,0,0
standard,union,200,False,451,399,1,8,0.125,398,0,7,0.0,1,1
standard,union,200,False,459,391,3,10,0.3,388,0,5,0.0,3,3
standard,union,200,False,538,395,3,10,0.3,394,2,8,0.25,1,1
standard,union,200,False,555,399,0,5,0.0,399,0,5,0.0,0,0
standard,union,200,False,560,397,1,9,0.1111111111111111,396,0,8,0.0,1,1
standard,union,200,False,567,398,2,5,0.4,398,2,5,0.4,0,0
standard,union,200,False,581,394,2,5,0.4,394,2,5,0.4,0,0
standard,union,200,False,588,399,0,5,0.0,399,0,5,0.0,0,0
standard,union,200,False,590,396,1,11,0.09090909090909091,395,0,10,0.0,1,1
standard,union,200,False,596,397,3,5,0.6,394,0,2,0.0,3,3
standard,union,200,False,599,396,2,6,0.3333333333333333,394,0,3,0.0,2,2
standard,union,200,False,605,399,0,10,0.0,399,0,10,0.0,0,0
standard,union,200,False,670,400,0,6,0.0,400,0,6,0.0,0,0
standard,union,200,False,709,399,0,8,0.0,399,0,8,0.0,0,0
standard,union,200,False,743,395,3,5,0.6,394,2,4,0.5,1,1
standard,union,200,False,781,396,2,5,0.4,395,1,4,0.25,1,1
standard,union,200,False,803,396,1,8,0.125,395,0,7,0.0,1,1
standard,union,200,False,805,396,14,19,0.7368421052631579,393,11,16,0.6875,3,3
standard,union,200,False,810,396,0,5,0.0,396,0,5,0.0,0,0
standard,union,200,False,820,396,2,19,0.10526315789473684,396,2,17,0.11764705882352941,0,0
standard,union,200,False,822,398,0,9,0.0,398,0,9,0.0,0,0
standard,union,200,False,824,393,3,9,0.3333333333333333,392,2,8,0.25,1,1
standard,union,200,False,833,397,2,7,0.2857142857142857,396,1,6,0.16666666666666666,1,1
standard,union,200,False,836,397,0,6,0.0,397,0,6,0.0,0,0
standard,union,200,False,912,395,4,5,0.8,393,2,3,0.6666666666666666,2,2
standard,union,200,False,932,389,6,7,0.8571428571428571,384,1,2,0.5,5,5
standard,union,200,False,935,389,1,7,0.14285714285714285,389,1,7,0.14285714285714285,0,0
standard,union,200,False,940,398,1,8,0.125,398,1,8,0.125,0,0
standard,union,200,False,958,397,2,7,0.2857142857142857,396,1,5,0.2,1,1
standard,union,200,False,1077,398,1,7,0.14285714285714285,398,1,7,0.14285714285714285,0,0
standard,union,200,False,1090,396,4,15,0.26666666666666666,394,2,13,0.15384615384615385,2,2
standard,union,200,False,1098,397,1,8,0.125,397,1,8,0.125,0,0
standard,union,200,False,1127,395,5,6,0.8333333333333334,394,4,5,0.8,1,1
standard,union,200,False,1145,396,3,6,0.5,394,1,4,0.25,2,2
standard,union,200,False,1164,396,1,8,0.125,396,1,7,0.14285714285714285,0,0
standard,union,200,False,1204,398,0,37,0.0,398,0,36,0.0,0,0
standard,union,200,False,1263,398,2,8,0.25,397,1,7,0.14285714285714285,1,1
standard,union,200,False,1285,396,4,5,0.8,395,3,4,0.75,1,1
standard,union,200,False,1313,390,2,12,0.16666666666666666,390,2,12,0.16666666666666666,0,0
standard,union,200,False,1323,395,2,5,0.4,393,0,3,0.0,2,2
standard,union,200,False,1365,400,0,26,0.0,400,0,26,0.0,0,0
standard,union,200,False,1376,394,2,5,0.4,393,1,4,0.25,1,1
standard,union,200,False,1382,399,0,10,0.0,399,0,10,0.0,0,0
standard,union,200,False,1397,388,4,5,0.8,384,0,1,0.0,4,4
standard,union,200,False,1428,395,0,6,0.0,395,0,6,0.0,0,0
standard,union,200,False,1440,399,0,5,0.0,399,0,5,0.0,0,0
standard,union,200,False,1447,400,3,6,0.5,397,0,3,0.0,3,3
standard,union,200,False,1467,398,1,5,0.2,397,0,4,0.0,1,1
standard,union,200,False,1472,398,4,9,0.4444444444444444,397,3,8,0.375,1,1
standard,union,200,False,1494,398,0,15,0.0,398,0,12,0.0,0,0
standard,union,200,False,1500,397,1,6,0.16666666666666666,396,0,5,0.0,1,1
standard,union,200,False,1503,398,3,6,0.5,398,3,6,0.5,0,0
standard,union,200,False,1527,398,2,7,0.2857142857142857,396,0,5,0.0,2,2
standard,union,200,False,1530,397,3,7,0.42857142857142855,394,0,4,0.0,3,3
standard,union,200,False,1532,396,2,5,0.4,394,0,3,0.0,2,2
standard,union,200,False,1540,394,3,31,0.0967741935483871,391,0,25,0.0,3,3
standard,union,200,False,1604,400,1,15,0.06666666666666667,400,1,15,0.06666666666666667,0,0
standard,union,200,False,1640,399,1,16,0.0625,398,0,15,0.0,1,1
standard,union,200,False,1644,397,0,7,0.0,397,0,7,0.0,0,0
standard,union,200,False,1661,398,2,6,0.3333333333333333,396,0,4,0.0,2,2
standard,union,200,False,1742,398,4,51,0.0784313725490196,398,4,51,0.0784313725490196,0,0
standard,union,200,False,1750,395,1,8,0.125,395,1,8,0.125,0,0
standard,union,200,False,1753,200,0,5,0.0,200,0,4,0.0,0,0
standard,union,200,False,1765,395,4,6,0.6666666666666666,392,1,3,0.3333333333333333,3,3
standard,union,200,False,1773,398,2,5,0.4,396,0,3,0.0,2,2
standard,union,200,False,1774,397,0,6,0.0,397,0,5,0.0,0,0
standard,union,200,False,1824,399,1,13,0.07692307692307693,399,1,13,0.07692307692307693,0,0
standard,union,200,False,1838,397,0,6,0.0,397,0,6,0.0,0,0
standard,union,200,False,1865,393,4,21,0.19047619047619047,391,2,19,0.10526315789473684,2,2
standard,union,200,False,1881,396,1,7,0.14285714285714285,395,0,6,0.0,1,1
standard,union,200,False,1896,398,0,13,0.0,398,0,13,0.0,0,0
standard,union,200,False,1920,399,2,5,0.4,397,0,3,0.0,2,2
standard,union,200,False,1921,396,1,5,0.2,395,0,4,0.0,1,1
standard,union,200,False,1945,394,1,12,0.08333333333333333,394,1,12,0.08333333333333333,0,0
standard,union,200,False,1955,395,0,7,0.0,395,0,7,0.0,0,0
standard,union,200,False,1967,399,0,5,0.0,399,0,5,0.0,0,0
standard,union,200,False,1970,397,1,12,0.08333333333333333,397,1,12,0.08333333333333333,0,0
standard,union,200,False,1991,398,2,5,0.4,396,0,3,0.0,2,2
standard,union,200,False,2016,396,10,30,0.3333333333333333,395,9,29,0.3103448275862069,1,1
standard,union,200,False,2031,398,2,19,0.10526315789473684,397,1,18,0.05555555555555555,1,1
standard,union,200,False,2040,400,1,8,0.125,400,1,8,0.125,0,0
standard,union,200,False,2050,398,4,16,0.25,398,4,16,0.25,0,0
standard,union,200,False,2069,394,0,5,0.0,394,0,5,0.0,0,0
standard,union,200,False,2096,397,1,6,0.16666666666666666,397,1,5,0.2,0,0
standard,union,200,False,2104,399,0,11,0.0,399,0,11,0.0,0,0
standard,union,200,False,2110,399,2,13,0.15384615384615385,399,2,12,0.16666666666666666,0,0
standard,union,200,False,2126,399,3,15,0.2,398,2,14,0.14285714285714285,1,1
standard,union,200,False,2134,392,2,9,0.2222222222222222,391,1,7,0.14285714285714285,1,1
standard,union,200,False,2174,397,1,12,0.08333333333333333,396,0,11,0.0,1,1
standard,union,200,False,2181,395,1,5,0.2,394,0,4,0.0,1,1
standard,union,200,False,2183,399,1,11,0.09090909090909091,399,1,11,0.09090909090909091,0,0
standard,union,200,False,2204,396,1,17,0.058823529411764705,396,1,17,0.058823529411764705,0,0
standard,union,200,False,2220,394,0,7,0.0,394,0,6,0.0,0,0
standard,union,200,False,2247,400,3,5,0.6,397,0,1,0.0,3,3
standard,union,200,False,2271,398,1,6,0.16666666666666666,397,0,5,0.0,1,1
standard,union,200,False,2287,394,0,10,0.0,394,0,10,0.0,0,0
standard,union,200,False,2316,400,5,8,0.625,397,2,5,0.4,3,3
standard,union,200,False,2336,389,6,53,0.11320754716981132,388,5,52,0.09615384615384616,1,1
standard,union,200,False,2354,396,1,6,0.16666666666666666,395,0,5,0.0,1,1
standard,union,200,False,2412,400,2,9,0.2222222222222222,399,1,7,0.14285714285714285,1,1
standard,union,200,False,2441,395,1,9,0.1111111111111111,395,1,9,0.1111111111111111,0,0
standard,union,200,False,2443,399,2,7,0.2857142857142857,399,2,7,0.2857142857142857,0,0
standard,union,200,False,2481,388,0,13,0.0,388,0,13,0.0,0,0
standard,union,200,False,2505,395,5,18,0.2777777777777778,395,5,18,0.2777777777777778,0,0
standard,union,200,False,2527,395,4,9,0.4444444444444444,395,4,9,0.4444444444444444,0,0
standard,union,200,False,2531,397,3,39,0.07692307692307693,397,3,39,0.07692307692307693,0,0
standard,union,200,False,2569,398,0,5,0.0,398,0,4,0.0,0,0
standard,union,200,False,2645,397,3,9,0.3333333333333333,396,2,8,0.25,1,1
standard,union,200,False,2652,397,0,31,0.0,397,0,31,0.0,0,0
standard,union,200,False,2665,393,0,6,0.0,393,0,6,0.0,0,0
standard,union,200,False,2669,397,3,5,0.6,394,0,2,0.0,3,3
standard,union,200,False,2675,399,3,15,0.2,397,1,13,0.07692307692307693,2,2
standard,union,200,False,2756,397,2,17,0.11764705882352941,395,0,15,0.0,2,2
standard,union,200,False,2766,399,1,16,0.0625,399,1,15,0.06666666666666667,0,0
standard,union,200,False,2781,398,4,13,0.3076923076923077,398,4,12,0.3333333333333333,0,0
standard,union,200,False,2782,397,0,7,0.0,397,0,7,0.0,0,0
standard,union,200,False,2783,399,2,5,0.4,398,1,4,0.25,1,1
standard,union,200,False,2821,397,4,23,0.17391304347826086,396,3,22,0.13636363636363635,1,1
standard,union,200,False,2844,400,0,5,0.0,400,0,5,0.0,0,0
standard,union,200,False,2862,400,0,9,0.0,400,0,9,0.0,0,0
standard,union,200,False,2879,397,2,5,0.4,395,0,2,0.0,2,2
standard,union,200,False,2906,400,1,6,0.16666666666666666,399,0,5,0.0,1,1
standard,union,200,False,2923,395,1,5,0.2,395,1,5,0.2,0,0
standard,union,200,False,2930,394,1,5,0.2,393,0,4,0.0,1,1
standard,union,200,False,2957,399,0,8,0.0,399,0,8,0.0,0,0
standard,union,200,False,2988,400,0,6,0.0,400,0,6,0.0,0,0
standard,union,200,False,2990,400,1,5,0.2,399,0,4,0.0,1,1
standard,union,200,False,3003,398,1,6,0.16666666666666666,397,0,5,0.0,1,1
standard,union,200,False,3013,395,2,5,0.4,395,2,5,0.4,0,0
standard,union,200,False,3035,399,0,7,0.0,399,0,7,0.0,0,0
standard,union,200,False,3059,396,2,9,0.2222222222222222,396,2,9,0.2222222222222222,0,0
standard,union,200,False,3082,395,2,10,0.2,394,1,8,0.125,1,1
standard,union,200,False,3099,398,2,5,0.4,396,0,3,0.0,2,2
standard,union,200,False,3118,400,1,14,0.07142857142857142,399,0,13,0.0,1,1
standard,union,200,False,3120,396,1,9,0.1111111111111111,395,0,8,0.0,1,1
exclude_source_asin,semantic,10,True,42,10,0,13,0.0,10,0,12,0.0,0,0
exclude_source_asin,semantic,10,True,56,10,0,5,0.0,10,0,4,0.0,0,0
exclude_source_asin,semantic,10,True,69,10,0,6,0.0,10,0,5,0.0,0,0
exclude_source_asin,semantic,10,True,70,10,0,7,0.0,10,0,7,0.0,0,0
exclude_source_asin,semantic,10,True,85,10,0,7,0.0,10,0,6,0.0,0,0
exclude_source_asin,semantic,10,True,111,10,0,11,0.0,10,0,11,0.0,0,0
exclude_source_asin,semantic,10,True,176,10,0,5,0.0,10,0,2,0.0,0,0
exclude_source_asin,semantic,10,True,209,10,0,5,0.0,10,0,5,0.0,0,0
exclude_source_asin,semantic,10,True,210,10,0,8,0.0,10,0,6,0.0,0,0
exclude_source_asin,semantic,10,True,224,10,0,21,0.0,10,0,19,0.0,0,0
exclude_source_asin,semantic,10,True,230,10,0,7,0.0,10,0,7,0.0,0,0
exclude_source_asin,semantic,10,True,304,10,0,8,0.0,10,0,8,0.0,0,0
exclude_source_asin,semantic,10,True,326,10,0,5,0.0,10,0,4,0.0,0,0
exclude_source_asin,semantic,10,True,328,10,0,25,0.0,10,0,23,0.0,0,0
exclude_source_asin,semantic,10,True,344,10,0,9,0.0,10,0,8,0.0,0,0
exclude_source_asin,semantic,10,True,370,10,0,7,0.0,10,0,7,0.0,0,0
exclude_source_asin,semantic,10,True,372,10,0,5,0.0,10,0,1,0.0,0,0
exclude_source_asin,semantic,10,True,408,10,0,18,0.0,10,0,17,0.0,0,0
exclude_source_asin,semantic,10,True,410,10,0,7,0.0,10,0,6,0.0,0,0
exclude_source_asin,semantic,10,True,426,10,0,5,0.0,10,0,0,,0,0
exclude_source_asin,semantic,10,True,449,10,0,10,0.0,10,0,10,0.0,0,0
exclude_source_asin,semantic,10,True,451,10,0,8,0.0,10,0,7,0.0,0,0
exclude_source_asin,semantic,10,True,459,10,0,10,0.0,10,0,5,0.0,0,0
exclude_source_asin,semantic,10,True,538,10,0,10,0.0,10,0,8,0.0,0,0
exclude_source_asin,semantic,10,True,555,10,0,5,0.0,10,0,5,0.0,0,0
exclude_source_asin,semantic,10,True,560,10,0,9,0.0,10,0,8,0.0,0,0
exclude_source_asin,semantic,10,True,567,10,0,5,0.0,10,0,5,0.0,0,0
exclude_source_asin,semantic,10,True,581,10,0,5,0.0,10,0,5,0.0,0,0
exclude_source_asin,semantic,10,True,588,10,0,5,0.0,10,0,5,0.0,0,0
exclude_source_asin,semantic,10,True,590,10,0,11,0.0,10,0,10,0.0,0,0
exclude_source_asin,semantic,10,True,596,10,0,5,0.0,10,0,2,0.0,0,0
exclude_source_asin,semantic,10,True,599,10,0,6,0.0,10,0,3,0.0,0,0
exclude_source_asin,semantic,10,True,605,10,0,10,0.0,10,0,10,0.0,0,0
exclude_source_asin,semantic,10,True,670,10,0,6,0.0,10,0,6,0.0,0,0
exclude_source_asin,semantic,10,True,709,10,0,8,0.0,10,0,8,0.0,0,0
exclude_source_asin,semantic,10,True,743,10,0,5,0.0,10,0,4,0.0,0,0
exclude_source_asin,semantic,10,True,781,10,0,5,0.0,10,0,4,0.0,0,0
exclude_source_asin,semantic,10,True,803,10,0,8,0.0,10,0,7,0.0,0,0
exclude_source_asin,semantic,10,True,805,10,0,19,0.0,10,0,16,0.0,0,0
exclude_source_asin,semantic,10,True,810,10,0,5,0.0,10,0,5,0.0,0,0
exclude_source_asin,semantic,10,True,820,10,0,19,0.0,10,0,17,0.0,0,0
exclude_source_asin,semantic,10,True,822,10,0,9,0.0,10,0,9,0.0,0,0
exclude_source_asin,semantic,10,True,824,10,0,9,0.0,10,0,8,0.0,0,0
exclude_source_asin,semantic,10,True,833,10,0,7,0.0,10,0,6,0.0,0,0
exclude_source_asin,semantic,10,True,836,10,0,6,0.0,10,0,6,0.0,0,0
exclude_source_asin,semantic,10,True,912,10,0,5,0.0,10,0,3,0.0,0,0
exclude_source_asin,semantic,10,True,932,10,0,7,0.0,10,0,2,0.0,0,0
exclude_source_asin,semantic,10,True,935,10,0,7,0.0,10,0,7,0.0,0,0
exclude_source_asin,semantic,10,True,940,10,0,8,0.0,10,0,8,0.0,0,0
exclude_source_asin,semantic,10,True,958,10,0,7,0.0,10,0,5,0.0,0,0
exclude_source_asin,semantic,10,True,1077,10,0,7,0.0,10,0,7,0.0,0,0
exclude_source_asin,semantic,10,True,1090,10,0,15,0.0,10,0,13,0.0,0,0
exclude_source_asin,semantic,10,True,1098,10,0,8,0.0,10,0,8,0.0,0,0
exclude_source_asin,semantic,10,True,1127,10,0,6,0.0,10,0,5,0.0,0,0
exclude_source_asin,semantic,10,True,1145,10,0,6,0.0,10,0,4,0.0,0,0
exclude_source_asin,semantic,10,True,1164,10,0,8,0.0,10,0,7,0.0,0,0
exclude_source_asin,semantic,10,True,1204,10,0,37,0.0,10,0,36,0.0,0,0
exclude_source_asin,semantic,10,True,1263,10,0,8,0.0,10,0,7,0.0,0,0
exclude_source_asin,semantic,10,True,1285,10,0,5,0.0,10,0,4,0.0,0,0
exclude_source_asin,semantic,10,True,1313,10,0,12,0.0,10,0,12,0.0,0,0
exclude_source_asin,semantic,10,True,1323,10,0,5,0.0,10,0,3,0.0,0,0
exclude_source_asin,semantic,10,True,1365,10,0,26,0.0,10,0,26,0.0,0,0
exclude_source_asin,semantic,10,True,1376,10,0,5,0.0,10,0,4,0.0,0,0
exclude_source_asin,semantic,10,True,1382,10,0,10,0.0,10,0,10,0.0,0,0
exclude_source_asin,semantic,10,True,1397,10,0,5,0.0,10,0,1,0.0,0,0
exclude_source_asin,semantic,10,True,1428,10,0,6,0.0,10,0,6,0.0,0,0
exclude_source_asin,semantic,10,True,1440,10,0,5,0.0,10,0,5,0.0,0,0
exclude_source_asin,semantic,10,True,1447,10,0,6,0.0,10,0,3,0.0,0,0
exclude_source_asin,semantic,10,True,1467,10,0,5,0.0,10,0,4,0.0,0,0
exclude_source_asin,semantic,10,True,1472,10,0,9,0.0,10,0,8,0.0,0,0
exclude_source_asin,semantic,10,True,1494,10,0,15,0.0,10,0,12,0.0,0,0
exclude_source_asin,semantic,10,True,1500,10,0,6,0.0,10,0,5,0.0,0,0
exclude_source_asin,semantic,10,True,1503,10,0,6,0.0,10,0,6,0.0,0,0
exclude_source_asin,semantic,10,True,1527,10,0,7,0.0,10,0,5,0.0,0,0
exclude_source_asin,semantic,10,True,1530,10,0,7,0.0,10,0,4,0.0,0,0
exclude_source_asin,semantic,10,True,1532,10,0,5,0.0,10,0,3,0.0,0,0
exclude_source_asin,semantic,10,True,1540,10,0,31,0.0,10,0,25,0.0,0,0
exclude_source_asin,semantic,10,True,1604,10,0,15,0.0,10,0,15,0.0,0,0
exclude_source_asin,semantic,10,True,1640,10,0,16,0.0,10,0,15,0.0,0,0
exclude_source_asin,semantic,10,True,1644,10,0,7,0.0,10,0,7,0.0,0,0
exclude_source_asin,semantic,10,True,1661,10,0,6,0.0,10,0,4,0.0,0,0
exclude_source_asin,semantic,10,True,1742,10,0,51,0.0,10,0,51,0.0,0,0
exclude_source_asin,semantic,10,True,1750,10,0,8,0.0,10,0,8,0.0,0,0
exclude_source_asin,semantic,10,True,1753,0,0,5,0.0,0,0,4,0.0,0,0
exclude_source_asin,semantic,10,True,1765,10,0,6,0.0,10,0,3,0.0,0,0
exclude_source_asin,semantic,10,True,1773,10,0,5,0.0,10,0,3,0.0,0,0
exclude_source_asin,semantic,10,True,1774,10,0,6,0.0,10,0,5,0.0,0,0
exclude_source_asin,semantic,10,True,1824,10,0,13,0.0,10,0,13,0.0,0,0
exclude_source_asin,semantic,10,True,1838,10,0,6,0.0,10,0,6,0.0,0,0
exclude_source_asin,semantic,10,True,1865,10,0,21,0.0,10,0,19,0.0,0,0
exclude_source_asin,semantic,10,True,1881,10,0,7,0.0,10,0,6,0.0,0,0
exclude_source_asin,semantic,10,True,1896,10,0,13,0.0,10,0,13,0.0,0,0
exclude_source_asin,semantic,10,True,1920,10,0,5,0.0,10,0,3,0.0,0,0
exclude_source_asin,semantic,10,True,1921,10,0,5,0.0,10,0,4,0.0,0,0
exclude_source_asin,semantic,10,True,1945,10,0,12,0.0,10,0,12,0.0,0,0
exclude_source_asin,semantic,10,True,1955,10,0,7,0.0,10,0,7,0.0,0,0
exclude_source_asin,semantic,10,True,1967,10,0,5,0.0,10,0,5,0.0,0,0
exclude_source_asin,semantic,10,True,1970,10,0,12,0.0,10,0,12,0.0,0,0
exclude_source_asin,semantic,10,True,1991,10,0,5,0.0,10,0,3,0.0,0,0
exclude_source_asin,semantic,10,True,2016,10,0,30,0.0,10,0,29,0.0,0,0
exclude_source_asin,semantic,10,True,2031,10,0,19,0.0,10,0,18,0.0,0,0
exclude_source_asin,semantic,10,True,2040,10,0,8,0.0,10,0,8,0.0,0,0
exclude_source_asin,semantic,10,True,2050,10,0,16,0.0,10,0,16,0.0,0,0
exclude_source_asin,semantic,10,True,2069,10,0,5,0.0,10,0,5,0.0,0,0
exclude_source_asin,semantic,10,True,2096,10,0,6,0.0,10,0,5,0.0,0,0
exclude_source_asin,semantic,10,True,2104,10,0,11,0.0,10,0,11,0.0,0,0
exclude_source_asin,semantic,10,True,2110,10,0,13,0.0,10,0,12,0.0,0,0
exclude_source_asin,semantic,10,True,2126,10,0,15,0.0,10,0,14,0.0,0,0
exclude_source_asin,semantic,10,True,2134,10,0,9,0.0,10,0,7,0.0,0,0
exclude_source_asin,semantic,10,True,2174,10,0,12,0.0,10,0,11,0.0,0,0
exclude_source_asin,semantic,10,True,2181,10,0,5,0.0,10,0,4,0.0,0,0
exclude_source_asin,semantic,10,True,2183,10,0,11,0.0,10,0,11,0.0,0,0
exclude_source_asin,semantic,10,True,2204,10,0,17,0.0,10,0,17,0.0,0,0
exclude_source_asin,semantic,10,True,2220,10,0,7,0.0,10,0,6,0.0,0,0
exclude_source_asin,semantic,10,True,2247,10,0,5,0.0,10,0,1,0.0,0,0
exclude_source_asin,semantic,10,True,2271,10,0,6,0.0,10,0,5,0.0,0,0
exclude_source_asin,semantic,10,True,2287,10,0,10,0.0,10,0,10,0.0,0,0
exclude_source_asin,semantic,10,True,2316,10,0,8,0.0,10,0,5,0.0,0,0
exclude_source_asin,semantic,10,True,2336,10,0,53,0.0,10,0,52,0.0,0,0
exclude_source_asin,semantic,10,True,2354,10,0,6,0.0,10,0,5,0.0,0,0
exclude_source_asin,semantic,10,True,2412,10,0,9,0.0,10,0,7,0.0,0,0
exclude_source_asin,semantic,10,True,2441,10,0,9,0.0,10,0,9,0.0,0,0
exclude_source_asin,semantic,10,True,2443,10,0,7,0.0,10,0,7,0.0,0,0
exclude_source_asin,semantic,10,True,2481,10,0,13,0.0,10,0,13,0.0,0,0
exclude_source_asin,semantic,10,True,2505,10,0,18,0.0,10,0,18,0.0,0,0
exclude_source_asin,semantic,10,True,2527,10,0,9,0.0,10,0,9,0.0,0,0
exclude_source_asin,semantic,10,True,2531,10,0,39,0.0,10,0,39,0.0,0,0
exclude_source_asin,semantic,10,True,2569,10,0,5,0.0,10,0,4,0.0,0,0
exclude_source_asin,semantic,10,True,2645,10,0,9,0.0,10,0,8,0.0,0,0
exclude_source_asin,semantic,10,True,2652,10,0,31,0.0,10,0,31,0.0,0,0
exclude_source_asin,semantic,10,True,2665,10,0,6,0.0,10,0,6,0.0,0,0
exclude_source_asin,semantic,10,True,2669,10,0,5,0.0,10,0,2,0.0,0,0
exclude_source_asin,semantic,10,True,2675,10,0,15,0.0,10,0,13,0.0,0,0
exclude_source_asin,semantic,10,True,2756,10,0,17,0.0,10,0,15,0.0,0,0
exclude_source_asin,semantic,10,True,2766,10,0,16,0.0,10,0,15,0.0,0,0
exclude_source_asin,semantic,10,True,2781,10,0,13,0.0,10,0,12,0.0,0,0
exclude_source_asin,semantic,10,True,2782,10,0,7,0.0,10,0,7,0.0,0,0
exclude_source_asin,semantic,10,True,2783,10,0,5,0.0,10,0,4,0.0,0,0
exclude_source_asin,semantic,10,True,2821,10,0,23,0.0,10,0,22,0.0,0,0
exclude_source_asin,semantic,10,True,2844,10,0,5,0.0,10,0,5,0.0,0,0
exclude_source_asin,semantic,10,True,2862,10,0,9,0.0,10,0,9,0.0,0,0
exclude_source_asin,semantic,10,True,2879,10,0,5,0.0,10,0,2,0.0,0,0
exclude_source_asin,semantic,10,True,2906,10,0,6,0.0,10,0,5,0.0,0,0
exclude_source_asin,semantic,10,True,2923,10,0,5,0.0,10,0,5,0.0,0,0
exclude_source_asin,semantic,10,True,2930,10,0,5,0.0,10,0,4,0.0,0,0
exclude_source_asin,semantic,10,True,2957,10,0,8,0.0,10,0,8,0.0,0,0
exclude_source_asin,semantic,10,True,2988,10,0,6,0.0,10,0,6,0.0,0,0
exclude_source_asin,semantic,10,True,2990,10,0,5,0.0,10,0,4,0.0,0,0
exclude_source_asin,semantic,10,True,3003,10,0,6,0.0,10,0,5,0.0,0,0
exclude_source_asin,semantic,10,True,3013,10,0,5,0.0,10,0,5,0.0,0,0
exclude_source_asin,semantic,10,True,3035,10,0,7,0.0,10,0,7,0.0,0,0
exclude_source_asin,semantic,10,True,3059,10,0,9,0.0,10,0,9,0.0,0,0
exclude_source_asin,semantic,10,True,3082,10,0,10,0.0,10,0,8,0.0,0,0
exclude_source_asin,semantic,10,True,3099,10,0,5,0.0,10,0,3,0.0,0,0
exclude_source_asin,semantic,10,True,3118,10,0,14,0.0,10,0,13,0.0,0,0
exclude_source_asin,semantic,10,True,3120,10,0,9,0.0,10,0,8,0.0,0,0
exclude_source_asin,semantic,50,True,42,50,0,13,0.0,50,0,12,0.0,0,0
exclude_source_asin,semantic,50,True,56,50,0,5,0.0,50,0,4,0.0,0,0
exclude_source_asin,semantic,50,True,69,50,0,6,0.0,50,0,5,0.0,0,0
exclude_source_asin,semantic,50,True,70,50,0,7,0.0,50,0,7,0.0,0,0
exclude_source_asin,semantic,50,True,85,50,0,7,0.0,50,0,6,0.0,0,0
exclude_source_asin,semantic,50,True,111,50,0,11,0.0,50,0,11,0.0,0,0
exclude_source_asin,semantic,50,True,176,50,0,5,0.0,50,0,2,0.0,0,0
exclude_source_asin,semantic,50,True,209,50,0,5,0.0,50,0,5,0.0,0,0
exclude_source_asin,semantic,50,True,210,50,0,8,0.0,50,0,6,0.0,0,0
exclude_source_asin,semantic,50,True,224,50,0,21,0.0,50,0,19,0.0,0,0
exclude_source_asin,semantic,50,True,230,50,0,7,0.0,50,0,7,0.0,0,0
exclude_source_asin,semantic,50,True,304,50,0,8,0.0,50,0,8,0.0,0,0
exclude_source_asin,semantic,50,True,326,50,0,5,0.0,50,0,4,0.0,0,0
exclude_source_asin,semantic,50,True,328,50,0,25,0.0,50,0,23,0.0,0,0
exclude_source_asin,semantic,50,True,344,50,0,9,0.0,50,0,8,0.0,0,0
exclude_source_asin,semantic,50,True,370,50,0,7,0.0,50,0,7,0.0,0,0
exclude_source_asin,semantic,50,True,372,50,0,5,0.0,50,0,1,0.0,0,0
exclude_source_asin,semantic,50,True,408,50,0,18,0.0,50,0,17,0.0,0,0
exclude_source_asin,semantic,50,True,410,50,0,7,0.0,50,0,6,0.0,0,0
exclude_source_asin,semantic,50,True,426,50,0,5,0.0,50,0,0,,0,0
exclude_source_asin,semantic,50,True,449,50,0,10,0.0,50,0,10,0.0,0,0
exclude_source_asin,semantic,50,True,451,50,0,8,0.0,50,0,7,0.0,0,0
exclude_source_asin,semantic,50,True,459,50,0,10,0.0,50,0,5,0.0,0,0
exclude_source_asin,semantic,50,True,538,50,0,10,0.0,50,0,8,0.0,0,0
exclude_source_asin,semantic,50,True,555,50,0,5,0.0,50,0,5,0.0,0,0
exclude_source_asin,semantic,50,True,560,50,0,9,0.0,50,0,8,0.0,0,0
exclude_source_asin,semantic,50,True,567,50,0,5,0.0,50,0,5,0.0,0,0
exclude_source_asin,semantic,50,True,581,50,0,5,0.0,50,0,5,0.0,0,0
exclude_source_asin,semantic,50,True,588,50,0,5,0.0,50,0,5,0.0,0,0
exclude_source_asin,semantic,50,True,590,50,0,11,0.0,50,0,10,0.0,0,0
exclude_source_asin,semantic,50,True,596,50,0,5,0.0,50,0,2,0.0,0,0
exclude_source_asin,semantic,50,True,599,50,0,6,0.0,50,0,3,0.0,0,0
exclude_source_asin,semantic,50,True,605,50,0,10,0.0,50,0,10,0.0,0,0
exclude_source_asin,semantic,50,True,670,50,0,6,0.0,50,0,6,0.0,0,0
exclude_source_asin,semantic,50,True,709,50,0,8,0.0,50,0,8,0.0,0,0
exclude_source_asin,semantic,50,True,743,50,0,5,0.0,50,0,4,0.0,0,0
exclude_source_asin,semantic,50,True,781,50,1,5,0.2,50,1,4,0.25,0,0
exclude_source_asin,semantic,50,True,803,50,0,8,0.0,50,0,7,0.0,0,0
exclude_source_asin,semantic,50,True,805,50,0,19,0.0,50,0,16,0.0,0,0
exclude_source_asin,semantic,50,True,810,50,0,5,0.0,50,0,5,0.0,0,0
exclude_source_asin,semantic,50,True,820,50,0,19,0.0,50,0,17,0.0,0,0
exclude_source_asin,semantic,50,True,822,50,0,9,0.0,50,0,9,0.0,0,0
exclude_source_asin,semantic,50,True,824,50,0,9,0.0,50,0,8,0.0,0,0
exclude_source_asin,semantic,50,True,833,50,0,7,0.0,50,0,6,0.0,0,0
exclude_source_asin,semantic,50,True,836,50,0,6,0.0,50,0,6,0.0,0,0
exclude_source_asin,semantic,50,True,912,50,0,5,0.0,50,0,3,0.0,0,0
exclude_source_asin,semantic,50,True,932,50,0,7,0.0,50,0,2,0.0,0,0
exclude_source_asin,semantic,50,True,935,50,0,7,0.0,50,0,7,0.0,0,0
exclude_source_asin,semantic,50,True,940,50,0,8,0.0,50,0,8,0.0,0,0
exclude_source_asin,semantic,50,True,958,50,0,7,0.0,50,0,5,0.0,0,0
exclude_source_asin,semantic,50,True,1077,50,0,7,0.0,50,0,7,0.0,0,0
exclude_source_asin,semantic,50,True,1090,50,0,15,0.0,50,0,13,0.0,0,0
exclude_source_asin,semantic,50,True,1098,50,0,8,0.0,50,0,8,0.0,0,0
exclude_source_asin,semantic,50,True,1127,50,0,6,0.0,50,0,5,0.0,0,0
exclude_source_asin,semantic,50,True,1145,50,1,6,0.16666666666666666,50,1,4,0.25,0,0
exclude_source_asin,semantic,50,True,1164,50,0,8,0.0,50,0,7,0.0,0,0
exclude_source_asin,semantic,50,True,1204,50,0,37,0.0,50,0,36,0.0,0,0
exclude_source_asin,semantic,50,True,1263,50,0,8,0.0,50,0,7,0.0,0,0
exclude_source_asin,semantic,50,True,1285,50,0,5,0.0,50,0,4,0.0,0,0
exclude_source_asin,semantic,50,True,1313,50,0,12,0.0,50,0,12,0.0,0,0
exclude_source_asin,semantic,50,True,1323,50,0,5,0.0,50,0,3,0.0,0,0
exclude_source_asin,semantic,50,True,1365,50,0,26,0.0,50,0,26,0.0,0,0
exclude_source_asin,semantic,50,True,1376,50,0,5,0.0,50,0,4,0.0,0,0
exclude_source_asin,semantic,50,True,1382,50,0,10,0.0,50,0,10,0.0,0,0
exclude_source_asin,semantic,50,True,1397,50,0,5,0.0,50,0,1,0.0,0,0
exclude_source_asin,semantic,50,True,1428,50,0,6,0.0,50,0,6,0.0,0,0
exclude_source_asin,semantic,50,True,1440,50,0,5,0.0,50,0,5,0.0,0,0
exclude_source_asin,semantic,50,True,1447,50,0,6,0.0,50,0,3,0.0,0,0
exclude_source_asin,semantic,50,True,1467,50,0,5,0.0,50,0,4,0.0,0,0
exclude_source_asin,semantic,50,True,1472,50,0,9,0.0,50,0,8,0.0,0,0
exclude_source_asin,semantic,50,True,1494,50,0,15,0.0,50,0,12,0.0,0,0
exclude_source_asin,semantic,50,True,1500,50,0,6,0.0,50,0,5,0.0,0,0
exclude_source_asin,semantic,50,True,1503,50,0,6,0.0,50,0,6,0.0,0,0
exclude_source_asin,semantic,50,True,1527,50,0,7,0.0,50,0,5,0.0,0,0
exclude_source_asin,semantic,50,True,1530,50,0,7,0.0,50,0,4,0.0,0,0
exclude_source_asin,semantic,50,True,1532,50,0,5,0.0,50,0,3,0.0,0,0
exclude_source_asin,semantic,50,True,1540,50,0,31,0.0,50,0,25,0.0,0,0
exclude_source_asin,semantic,50,True,1604,50,0,15,0.0,50,0,15,0.0,0,0
exclude_source_asin,semantic,50,True,1640,50,0,16,0.0,50,0,15,0.0,0,0
exclude_source_asin,semantic,50,True,1644,50,0,7,0.0,50,0,7,0.0,0,0
exclude_source_asin,semantic,50,True,1661,50,0,6,0.0,50,0,4,0.0,0,0
exclude_source_asin,semantic,50,True,1742,50,0,51,0.0,50,0,51,0.0,0,0
exclude_source_asin,semantic,50,True,1750,50,0,8,0.0,50,0,8,0.0,0,0
exclude_source_asin,semantic,50,True,1753,0,0,5,0.0,0,0,4,0.0,0,0
exclude_source_asin,semantic,50,True,1765,50,0,6,0.0,50,0,3,0.0,0,0
exclude_source_asin,semantic,50,True,1773,50,0,5,0.0,50,0,3,0.0,0,0
exclude_source_asin,semantic,50,True,1774,50,0,6,0.0,50,0,5,0.0,0,0
exclude_source_asin,semantic,50,True,1824,50,0,13,0.0,50,0,13,0.0,0,0
exclude_source_asin,semantic,50,True,1838,50,0,6,0.0,50,0,6,0.0,0,0
exclude_source_asin,semantic,50,True,1865,50,0,21,0.0,50,0,19,0.0,0,0
exclude_source_asin,semantic,50,True,1881,50,0,7,0.0,50,0,6,0.0,0,0
exclude_source_asin,semantic,50,True,1896,50,0,13,0.0,50,0,13,0.0,0,0
exclude_source_asin,semantic,50,True,1920,50,0,5,0.0,50,0,3,0.0,0,0
exclude_source_asin,semantic,50,True,1921,50,0,5,0.0,50,0,4,0.0,0,0
exclude_source_asin,semantic,50,True,1945,50,0,12,0.0,50,0,12,0.0,0,0
exclude_source_asin,semantic,50,True,1955,50,0,7,0.0,50,0,7,0.0,0,0
exclude_source_asin,semantic,50,True,1967,50,0,5,0.0,50,0,5,0.0,0,0
exclude_source_asin,semantic,50,True,1970,50,0,12,0.0,50,0,12,0.0,0,0
exclude_source_asin,semantic,50,True,1991,50,0,5,0.0,50,0,3,0.0,0,0
exclude_source_asin,semantic,50,True,2016,50,0,30,0.0,50,0,29,0.0,0,0
exclude_source_asin,semantic,50,True,2031,50,0,19,0.0,50,0,18,0.0,0,0
exclude_source_asin,semantic,50,True,2040,50,0,8,0.0,50,0,8,0.0,0,0
exclude_source_asin,semantic,50,True,2050,50,0,16,0.0,50,0,16,0.0,0,0
exclude_source_asin,semantic,50,True,2069,50,0,5,0.0,50,0,5,0.0,0,0
exclude_source_asin,semantic,50,True,2096,50,0,6,0.0,50,0,5,0.0,0,0
exclude_source_asin,semantic,50,True,2104,50,0,11,0.0,50,0,11,0.0,0,0
exclude_source_asin,semantic,50,True,2110,50,0,13,0.0,50,0,12,0.0,0,0
exclude_source_asin,semantic,50,True,2126,50,0,15,0.0,50,0,14,0.0,0,0
exclude_source_asin,semantic,50,True,2134,50,0,9,0.0,50,0,7,0.0,0,0
exclude_source_asin,semantic,50,True,2174,50,0,12,0.0,50,0,11,0.0,0,0
exclude_source_asin,semantic,50,True,2181,50,0,5,0.0,50,0,4,0.0,0,0
exclude_source_asin,semantic,50,True,2183,50,0,11,0.0,50,0,11,0.0,0,0
exclude_source_asin,semantic,50,True,2204,50,0,17,0.0,50,0,17,0.0,0,0
exclude_source_asin,semantic,50,True,2220,50,0,7,0.0,50,0,6,0.0,0,0
exclude_source_asin,semantic,50,True,2247,50,0,5,0.0,50,0,1,0.0,0,0
exclude_source_asin,semantic,50,True,2271,50,0,6,0.0,50,0,5,0.0,0,0
exclude_source_asin,semantic,50,True,2287,50,0,10,0.0,50,0,10,0.0,0,0
exclude_source_asin,semantic,50,True,2316,50,1,8,0.125,50,1,5,0.2,0,0
exclude_source_asin,semantic,50,True,2336,50,0,53,0.0,50,0,52,0.0,0,0
exclude_source_asin,semantic,50,True,2354,50,0,6,0.0,50,0,5,0.0,0,0
exclude_source_asin,semantic,50,True,2412,50,0,9,0.0,50,0,7,0.0,0,0
exclude_source_asin,semantic,50,True,2441,50,0,9,0.0,50,0,9,0.0,0,0
exclude_source_asin,semantic,50,True,2443,50,0,7,0.0,50,0,7,0.0,0,0
exclude_source_asin,semantic,50,True,2481,50,0,13,0.0,50,0,13,0.0,0,0
exclude_source_asin,semantic,50,True,2505,50,0,18,0.0,50,0,18,0.0,0,0
exclude_source_asin,semantic,50,True,2527,50,0,9,0.0,50,0,9,0.0,0,0
exclude_source_asin,semantic,50,True,2531,50,0,39,0.0,50,0,39,0.0,0,0
exclude_source_asin,semantic,50,True,2569,50,0,5,0.0,50,0,4,0.0,0,0
exclude_source_asin,semantic,50,True,2645,50,0,9,0.0,50,0,8,0.0,0,0
exclude_source_asin,semantic,50,True,2652,50,0,31,0.0,50,0,31,0.0,0,0
exclude_source_asin,semantic,50,True,2665,50,0,6,0.0,50,0,6,0.0,0,0
exclude_source_asin,semantic,50,True,2669,50,0,5,0.0,50,0,2,0.0,0,0
exclude_source_asin,semantic,50,True,2675,50,0,15,0.0,50,0,13,0.0,0,0
exclude_source_asin,semantic,50,True,2756,50,0,17,0.0,50,0,15,0.0,0,0
exclude_source_asin,semantic,50,True,2766,50,0,16,0.0,50,0,15,0.0,0,0
exclude_source_asin,semantic,50,True,2781,50,0,13,0.0,50,0,12,0.0,0,0
exclude_source_asin,semantic,50,True,2782,50,0,7,0.0,50,0,7,0.0,0,0
exclude_source_asin,semantic,50,True,2783,50,0,5,0.0,50,0,4,0.0,0,0
exclude_source_asin,semantic,50,True,2821,50,0,23,0.0,50,0,22,0.0,0,0
exclude_source_asin,semantic,50,True,2844,50,0,5,0.0,50,0,5,0.0,0,0
exclude_source_asin,semantic,50,True,2862,50,0,9,0.0,50,0,9,0.0,0,0
exclude_source_asin,semantic,50,True,2879,50,0,5,0.0,50,0,2,0.0,0,0
exclude_source_asin,semantic,50,True,2906,50,0,6,0.0,50,0,5,0.0,0,0
exclude_source_asin,semantic,50,True,2923,50,0,5,0.0,50,0,5,0.0,0,0
exclude_source_asin,semantic,50,True,2930,50,0,5,0.0,50,0,4,0.0,0,0
exclude_source_asin,semantic,50,True,2957,50,0,8,0.0,50,0,8,0.0,0,0
exclude_source_asin,semantic,50,True,2988,50,0,6,0.0,50,0,6,0.0,0,0
exclude_source_asin,semantic,50,True,2990,50,0,5,0.0,50,0,4,0.0,0,0
exclude_source_asin,semantic,50,True,3003,50,0,6,0.0,50,0,5,0.0,0,0
exclude_source_asin,semantic,50,True,3013,50,0,5,0.0,50,0,5,0.0,0,0
exclude_source_asin,semantic,50,True,3035,50,0,7,0.0,50,0,7,0.0,0,0
exclude_source_asin,semantic,50,True,3059,50,0,9,0.0,50,0,9,0.0,0,0
exclude_source_asin,semantic,50,True,3082,50,0,10,0.0,50,0,8,0.0,0,0
exclude_source_asin,semantic,50,True,3099,50,0,5,0.0,50,0,3,0.0,0,0
exclude_source_asin,semantic,50,True,3118,50,0,14,0.0,50,0,13,0.0,0,0
exclude_source_asin,semantic,50,True,3120,50,0,9,0.0,50,0,8,0.0,0,0
exclude_source_asin,semantic,100,True,42,100,0,13,0.0,100,0,12,0.0,0,0
exclude_source_asin,semantic,100,True,56,100,0,5,0.0,100,0,4,0.0,0,0
exclude_source_asin,semantic,100,True,69,100,0,6,0.0,100,0,5,0.0,0,0
exclude_source_asin,semantic,100,True,70,100,0,7,0.0,100,0,7,0.0,0,0
exclude_source_asin,semantic,100,True,85,100,0,7,0.0,100,0,6,0.0,0,0
exclude_source_asin,semantic,100,True,111,100,0,11,0.0,100,0,11,0.0,0,0
exclude_source_asin,semantic,100,True,176,100,0,5,0.0,100,0,2,0.0,0,0
exclude_source_asin,semantic,100,True,209,100,0,5,0.0,100,0,5,0.0,0,0
exclude_source_asin,semantic,100,True,210,100,0,8,0.0,100,0,6,0.0,0,0
exclude_source_asin,semantic,100,True,224,100,0,21,0.0,100,0,19,0.0,0,0
exclude_source_asin,semantic,100,True,230,100,0,7,0.0,100,0,7,0.0,0,0
exclude_source_asin,semantic,100,True,304,100,0,8,0.0,100,0,8,0.0,0,0
exclude_source_asin,semantic,100,True,326,100,0,5,0.0,100,0,4,0.0,0,0
exclude_source_asin,semantic,100,True,328,100,0,25,0.0,100,0,23,0.0,0,0
exclude_source_asin,semantic,100,True,344,100,0,9,0.0,100,0,8,0.0,0,0
exclude_source_asin,semantic,100,True,370,100,0,7,0.0,100,0,7,0.0,0,0
exclude_source_asin,semantic,100,True,372,100,0,5,0.0,100,0,1,0.0,0,0
exclude_source_asin,semantic,100,True,408,100,0,18,0.0,100,0,17,0.0,0,0
exclude_source_asin,semantic,100,True,410,100,0,7,0.0,100,0,6,0.0,0,0
exclude_source_asin,semantic,100,True,426,100,0,5,0.0,100,0,0,,0,0
exclude_source_asin,semantic,100,True,449,100,0,10,0.0,100,0,10,0.0,0,0
exclude_source_asin,semantic,100,True,451,100,0,8,0.0,100,0,7,0.0,0,0
exclude_source_asin,semantic,100,True,459,100,0,10,0.0,100,0,5,0.0,0,0
exclude_source_asin,semantic,100,True,538,100,0,10,0.0,100,0,8,0.0,0,0
exclude_source_asin,semantic,100,True,555,100,0,5,0.0,100,0,5,0.0,0,0
exclude_source_asin,semantic,100,True,560,100,0,9,0.0,100,0,8,0.0,0,0
exclude_source_asin,semantic,100,True,567,100,0,5,0.0,100,0,5,0.0,0,0
exclude_source_asin,semantic,100,True,581,100,0,5,0.0,100,0,5,0.0,0,0
exclude_source_asin,semantic,100,True,588,100,0,5,0.0,100,0,5,0.0,0,0
exclude_source_asin,semantic,100,True,590,100,0,11,0.0,100,0,10,0.0,0,0
exclude_source_asin,semantic,100,True,596,100,0,5,0.0,100,0,2,0.0,0,0
exclude_source_asin,semantic,100,True,599,100,0,6,0.0,100,0,3,0.0,0,0
exclude_source_asin,semantic,100,True,605,100,0,10,0.0,100,0,10,0.0,0,0
exclude_source_asin,semantic,100,True,670,100,0,6,0.0,100,0,6,0.0,0,0
exclude_source_asin,semantic,100,True,709,100,0,8,0.0,100,0,8,0.0,0,0
exclude_source_asin,semantic,100,True,743,100,0,5,0.0,100,0,4,0.0,0,0
exclude_source_asin,semantic,100,True,781,100,1,5,0.2,100,1,4,0.25,0,0
exclude_source_asin,semantic,100,True,803,100,0,8,0.0,100,0,7,0.0,0,0
exclude_source_asin,semantic,100,True,805,100,0,19,0.0,100,0,16,0.0,0,0
exclude_source_asin,semantic,100,True,810,100,0,5,0.0,100,0,5,0.0,0,0
exclude_source_asin,semantic,100,True,820,100,0,19,0.0,100,0,17,0.0,0,0
exclude_source_asin,semantic,100,True,822,100,0,9,0.0,100,0,9,0.0,0,0
exclude_source_asin,semantic,100,True,824,100,0,9,0.0,100,0,8,0.0,0,0
exclude_source_asin,semantic,100,True,833,100,0,7,0.0,100,0,6,0.0,0,0
exclude_source_asin,semantic,100,True,836,100,0,6,0.0,100,0,6,0.0,0,0
exclude_source_asin,semantic,100,True,912,100,0,5,0.0,100,0,3,0.0,0,0
exclude_source_asin,semantic,100,True,932,100,0,7,0.0,100,0,2,0.0,0,0
exclude_source_asin,semantic,100,True,935,100,0,7,0.0,100,0,7,0.0,0,0
exclude_source_asin,semantic,100,True,940,100,0,8,0.0,100,0,8,0.0,0,0
exclude_source_asin,semantic,100,True,958,100,0,7,0.0,100,0,5,0.0,0,0
exclude_source_asin,semantic,100,True,1077,100,0,7,0.0,100,0,7,0.0,0,0
exclude_source_asin,semantic,100,True,1090,100,0,15,0.0,100,0,13,0.0,0,0
exclude_source_asin,semantic,100,True,1098,100,0,8,0.0,100,0,8,0.0,0,0
exclude_source_asin,semantic,100,True,1127,100,0,6,0.0,100,0,5,0.0,0,0
exclude_source_asin,semantic,100,True,1145,100,1,6,0.16666666666666666,100,1,4,0.25,0,0
exclude_source_asin,semantic,100,True,1164,100,0,8,0.0,100,0,7,0.0,0,0
exclude_source_asin,semantic,100,True,1204,100,0,37,0.0,100,0,36,0.0,0,0
exclude_source_asin,semantic,100,True,1263,100,0,8,0.0,100,0,7,0.0,0,0
exclude_source_asin,semantic,100,True,1285,100,0,5,0.0,100,0,4,0.0,0,0
exclude_source_asin,semantic,100,True,1313,100,0,12,0.0,100,0,12,0.0,0,0
exclude_source_asin,semantic,100,True,1323,100,0,5,0.0,100,0,3,0.0,0,0
exclude_source_asin,semantic,100,True,1365,100,0,26,0.0,100,0,26,0.0,0,0
exclude_source_asin,semantic,100,True,1376,100,0,5,0.0,100,0,4,0.0,0,0
exclude_source_asin,semantic,100,True,1382,100,0,10,0.0,100,0,10,0.0,0,0
exclude_source_asin,semantic,100,True,1397,100,0,5,0.0,100,0,1,0.0,0,0
exclude_source_asin,semantic,100,True,1428,100,0,6,0.0,100,0,6,0.0,0,0
exclude_source_asin,semantic,100,True,1440,100,0,5,0.0,100,0,5,0.0,0,0
exclude_source_asin,semantic,100,True,1447,100,0,6,0.0,100,0,3,0.0,0,0
exclude_source_asin,semantic,100,True,1467,100,0,5,0.0,100,0,4,0.0,0,0
exclude_source_asin,semantic,100,True,1472,100,0,9,0.0,100,0,8,0.0,0,0
exclude_source_asin,semantic,100,True,1494,100,0,15,0.0,100,0,12,0.0,0,0
exclude_source_asin,semantic,100,True,1500,100,0,6,0.0,100,0,5,0.0,0,0
exclude_source_asin,semantic,100,True,1503,100,0,6,0.0,100,0,6,0.0,0,0
exclude_source_asin,semantic,100,True,1527,100,0,7,0.0,100,0,5,0.0,0,0
exclude_source_asin,semantic,100,True,1530,100,0,7,0.0,100,0,4,0.0,0,0
exclude_source_asin,semantic,100,True,1532,100,0,5,0.0,100,0,3,0.0,0,0
exclude_source_asin,semantic,100,True,1540,100,0,31,0.0,100,0,25,0.0,0,0
exclude_source_asin,semantic,100,True,1604,100,0,15,0.0,100,0,15,0.0,0,0
exclude_source_asin,semantic,100,True,1640,100,0,16,0.0,100,0,15,0.0,0,0
exclude_source_asin,semantic,100,True,1644,100,0,7,0.0,100,0,7,0.0,0,0
exclude_source_asin,semantic,100,True,1661,100,0,6,0.0,100,0,4,0.0,0,0
exclude_source_asin,semantic,100,True,1742,100,0,51,0.0,100,0,51,0.0,0,0
exclude_source_asin,semantic,100,True,1750,100,0,8,0.0,100,0,8,0.0,0,0
exclude_source_asin,semantic,100,True,1753,0,0,5,0.0,0,0,4,0.0,0,0
exclude_source_asin,semantic,100,True,1765,100,0,6,0.0,100,0,3,0.0,0,0
exclude_source_asin,semantic,100,True,1773,100,0,5,0.0,100,0,3,0.0,0,0
exclude_source_asin,semantic,100,True,1774,100,0,6,0.0,100,0,5,0.0,0,0
exclude_source_asin,semantic,100,True,1824,100,0,13,0.0,100,0,13,0.0,0,0
exclude_source_asin,semantic,100,True,1838,100,0,6,0.0,100,0,6,0.0,0,0
exclude_source_asin,semantic,100,True,1865,100,0,21,0.0,100,0,19,0.0,0,0
exclude_source_asin,semantic,100,True,1881,100,0,7,0.0,100,0,6,0.0,0,0
exclude_source_asin,semantic,100,True,1896,100,0,13,0.0,100,0,13,0.0,0,0
exclude_source_asin,semantic,100,True,1920,100,0,5,0.0,100,0,3,0.0,0,0
exclude_source_asin,semantic,100,True,1921,100,0,5,0.0,100,0,4,0.0,0,0
exclude_source_asin,semantic,100,True,1945,100,0,12,0.0,100,0,12,0.0,0,0
exclude_source_asin,semantic,100,True,1955,100,0,7,0.0,100,0,7,0.0,0,0
exclude_source_asin,semantic,100,True,1967,100,0,5,0.0,100,0,5,0.0,0,0
exclude_source_asin,semantic,100,True,1970,100,0,12,0.0,100,0,12,0.0,0,0
exclude_source_asin,semantic,100,True,1991,100,0,5,0.0,100,0,3,0.0,0,0
exclude_source_asin,semantic,100,True,2016,100,0,30,0.0,100,0,29,0.0,0,0
exclude_source_asin,semantic,100,True,2031,100,0,19,0.0,100,0,18,0.0,0,0
exclude_source_asin,semantic,100,True,2040,100,0,8,0.0,100,0,8,0.0,0,0
exclude_source_asin,semantic,100,True,2050,100,0,16,0.0,100,0,16,0.0,0,0
exclude_source_asin,semantic,100,True,2069,100,0,5,0.0,100,0,5,0.0,0,0
exclude_source_asin,semantic,100,True,2096,100,0,6,0.0,100,0,5,0.0,0,0
exclude_source_asin,semantic,100,True,2104,100,0,11,0.0,100,0,11,0.0,0,0
exclude_source_asin,semantic,100,True,2110,100,0,13,0.0,100,0,12,0.0,0,0
exclude_source_asin,semantic,100,True,2126,100,0,15,0.0,100,0,14,0.0,0,0
exclude_source_asin,semantic,100,True,2134,100,0,9,0.0,100,0,7,0.0,0,0
exclude_source_asin,semantic,100,True,2174,100,0,12,0.0,100,0,11,0.0,0,0
exclude_source_asin,semantic,100,True,2181,100,0,5,0.0,100,0,4,0.0,0,0
exclude_source_asin,semantic,100,True,2183,100,0,11,0.0,100,0,11,0.0,0,0
exclude_source_asin,semantic,100,True,2204,100,0,17,0.0,100,0,17,0.0,0,0
exclude_source_asin,semantic,100,True,2220,100,0,7,0.0,100,0,6,0.0,0,0
exclude_source_asin,semantic,100,True,2247,100,0,5,0.0,100,0,1,0.0,0,0
exclude_source_asin,semantic,100,True,2271,100,0,6,0.0,100,0,5,0.0,0,0
exclude_source_asin,semantic,100,True,2287,100,0,10,0.0,100,0,10,0.0,0,0
exclude_source_asin,semantic,100,True,2316,100,1,8,0.125,100,1,5,0.2,0,0
exclude_source_asin,semantic,100,True,2336,100,0,53,0.0,100,0,52,0.0,0,0
exclude_source_asin,semantic,100,True,2354,100,0,6,0.0,100,0,5,0.0,0,0
exclude_source_asin,semantic,100,True,2412,100,0,9,0.0,100,0,7,0.0,0,0
exclude_source_asin,semantic,100,True,2441,100,0,9,0.0,100,0,9,0.0,0,0
exclude_source_asin,semantic,100,True,2443,100,0,7,0.0,100,0,7,0.0,0,0
exclude_source_asin,semantic,100,True,2481,100,0,13,0.0,100,0,13,0.0,0,0
exclude_source_asin,semantic,100,True,2505,100,0,18,0.0,100,0,18,0.0,0,0
exclude_source_asin,semantic,100,True,2527,100,0,9,0.0,100,0,9,0.0,0,0
exclude_source_asin,semantic,100,True,2531,100,0,39,0.0,100,0,39,0.0,0,0
exclude_source_asin,semantic,100,True,2569,100,0,5,0.0,100,0,4,0.0,0,0
exclude_source_asin,semantic,100,True,2645,100,0,9,0.0,100,0,8,0.0,0,0
exclude_source_asin,semantic,100,True,2652,100,0,31,0.0,100,0,31,0.0,0,0
exclude_source_asin,semantic,100,True,2665,100,0,6,0.0,100,0,6,0.0,0,0
exclude_source_asin,semantic,100,True,2669,100,0,5,0.0,100,0,2,0.0,0,0
exclude_source_asin,semantic,100,True,2675,100,0,15,0.0,100,0,13,0.0,0,0
exclude_source_asin,semantic,100,True,2756,100,0,17,0.0,100,0,15,0.0,0,0
exclude_source_asin,semantic,100,True,2766,100,0,16,0.0,100,0,15,0.0,0,0
exclude_source_asin,semantic,100,True,2781,100,0,13,0.0,100,0,12,0.0,0,0
exclude_source_asin,semantic,100,True,2782,100,0,7,0.0,100,0,7,0.0,0,0
exclude_source_asin,semantic,100,True,2783,100,0,5,0.0,100,0,4,0.0,0,0
exclude_source_asin,semantic,100,True,2821,100,0,23,0.0,100,0,22,0.0,0,0
exclude_source_asin,semantic,100,True,2844,100,0,5,0.0,100,0,5,0.0,0,0
exclude_source_asin,semantic,100,True,2862,100,0,9,0.0,100,0,9,0.0,0,0
exclude_source_asin,semantic,100,True,2879,100,0,5,0.0,100,0,2,0.0,0,0
exclude_source_asin,semantic,100,True,2906,100,0,6,0.0,100,0,5,0.0,0,0
exclude_source_asin,semantic,100,True,2923,100,0,5,0.0,100,0,5,0.0,0,0
exclude_source_asin,semantic,100,True,2930,100,0,5,0.0,100,0,4,0.0,0,0
exclude_source_asin,semantic,100,True,2957,100,0,8,0.0,100,0,8,0.0,0,0
exclude_source_asin,semantic,100,True,2988,100,0,6,0.0,100,0,6,0.0,0,0
exclude_source_asin,semantic,100,True,2990,100,0,5,0.0,100,0,4,0.0,0,0
exclude_source_asin,semantic,100,True,3003,100,0,6,0.0,100,0,5,0.0,0,0
exclude_source_asin,semantic,100,True,3013,100,0,5,0.0,100,0,5,0.0,0,0
exclude_source_asin,semantic,100,True,3035,100,0,7,0.0,100,0,7,0.0,0,0
exclude_source_asin,semantic,100,True,3059,100,0,9,0.0,100,0,9,0.0,0,0
exclude_source_asin,semantic,100,True,3082,100,0,10,0.0,100,0,8,0.0,0,0
exclude_source_asin,semantic,100,True,3099,100,0,5,0.0,100,0,3,0.0,0,0
exclude_source_asin,semantic,100,True,3118,100,0,14,0.0,100,0,13,0.0,0,0
exclude_source_asin,semantic,100,True,3120,100,0,9,0.0,100,0,8,0.0,0,0
exclude_source_asin,semantic,200,True,42,200,0,13,0.0,200,0,12,0.0,0,0
exclude_source_asin,semantic,200,True,56,200,0,5,0.0,200,0,4,0.0,0,0
exclude_source_asin,semantic,200,True,69,200,0,6,0.0,200,0,5,0.0,0,0
exclude_source_asin,semantic,200,True,70,200,0,7,0.0,200,0,7,0.0,0,0
exclude_source_asin,semantic,200,True,85,200,0,7,0.0,200,0,6,0.0,0,0
exclude_source_asin,semantic,200,True,111,200,0,11,0.0,200,0,11,0.0,0,0
exclude_source_asin,semantic,200,True,176,200,0,5,0.0,200,0,2,0.0,0,0
exclude_source_asin,semantic,200,True,209,200,0,5,0.0,200,0,5,0.0,0,0
exclude_source_asin,semantic,200,True,210,200,0,8,0.0,200,0,6,0.0,0,0
exclude_source_asin,semantic,200,True,224,200,0,21,0.0,200,0,19,0.0,0,0
exclude_source_asin,semantic,200,True,230,200,0,7,0.0,200,0,7,0.0,0,0
exclude_source_asin,semantic,200,True,304,200,0,8,0.0,200,0,8,0.0,0,0
exclude_source_asin,semantic,200,True,326,200,0,5,0.0,200,0,4,0.0,0,0
exclude_source_asin,semantic,200,True,328,200,0,25,0.0,200,0,23,0.0,0,0
exclude_source_asin,semantic,200,True,344,200,0,9,0.0,200,0,8,0.0,0,0
exclude_source_asin,semantic,200,True,370,200,0,7,0.0,200,0,7,0.0,0,0
exclude_source_asin,semantic,200,True,372,200,0,5,0.0,200,0,1,0.0,0,0
exclude_source_asin,semantic,200,True,408,200,0,18,0.0,200,0,17,0.0,0,0
exclude_source_asin,semantic,200,True,410,200,0,7,0.0,200,0,6,0.0,0,0
exclude_source_asin,semantic,200,True,426,200,0,5,0.0,200,0,0,,0,0
exclude_source_asin,semantic,200,True,449,200,0,10,0.0,200,0,10,0.0,0,0
exclude_source_asin,semantic,200,True,451,200,0,8,0.0,200,0,7,0.0,0,0
exclude_source_asin,semantic,200,True,459,200,0,10,0.0,200,0,5,0.0,0,0
exclude_source_asin,semantic,200,True,538,200,0,10,0.0,200,0,8,0.0,0,0
exclude_source_asin,semantic,200,True,555,200,0,5,0.0,200,0,5,0.0,0,0
exclude_source_asin,semantic,200,True,560,200,0,9,0.0,200,0,8,0.0,0,0
exclude_source_asin,semantic,200,True,567,200,0,5,0.0,200,0,5,0.0,0,0
exclude_source_asin,semantic,200,True,581,200,0,5,0.0,200,0,5,0.0,0,0
exclude_source_asin,semantic,200,True,588,200,0,5,0.0,200,0,5,0.0,0,0
exclude_source_asin,semantic,200,True,590,200,0,11,0.0,200,0,10,0.0,0,0
exclude_source_asin,semantic,200,True,596,200,0,5,0.0,200,0,2,0.0,0,0
exclude_source_asin,semantic,200,True,599,200,0,6,0.0,200,0,3,0.0,0,0
exclude_source_asin,semantic,200,True,605,200,0,10,0.0,200,0,10,0.0,0,0
exclude_source_asin,semantic,200,True,670,200,0,6,0.0,200,0,6,0.0,0,0
exclude_source_asin,semantic,200,True,709,200,0,8,0.0,200,0,8,0.0,0,0
exclude_source_asin,semantic,200,True,743,200,0,5,0.0,200,0,4,0.0,0,0
exclude_source_asin,semantic,200,True,781,200,1,5,0.2,200,1,4,0.25,0,0
exclude_source_asin,semantic,200,True,803,200,0,8,0.0,200,0,7,0.0,0,0
exclude_source_asin,semantic,200,True,805,200,0,19,0.0,200,0,16,0.0,0,0
exclude_source_asin,semantic,200,True,810,200,0,5,0.0,200,0,5,0.0,0,0
exclude_source_asin,semantic,200,True,820,200,0,19,0.0,200,0,17,0.0,0,0
exclude_source_asin,semantic,200,True,822,200,0,9,0.0,200,0,9,0.0,0,0
exclude_source_asin,semantic,200,True,824,200,0,9,0.0,200,0,8,0.0,0,0
exclude_source_asin,semantic,200,True,833,200,0,7,0.0,200,0,6,0.0,0,0
exclude_source_asin,semantic,200,True,836,200,0,6,0.0,200,0,6,0.0,0,0
exclude_source_asin,semantic,200,True,912,200,0,5,0.0,200,0,3,0.0,0,0
exclude_source_asin,semantic,200,True,932,200,1,7,0.14285714285714285,200,1,2,0.5,0,0
exclude_source_asin,semantic,200,True,935,200,0,7,0.0,200,0,7,0.0,0,0
exclude_source_asin,semantic,200,True,940,200,0,8,0.0,200,0,8,0.0,0,0
exclude_source_asin,semantic,200,True,958,200,0,7,0.0,200,0,5,0.0,0,0
exclude_source_asin,semantic,200,True,1077,200,0,7,0.0,200,0,7,0.0,0,0
exclude_source_asin,semantic,200,True,1090,200,0,15,0.0,200,0,13,0.0,0,0
exclude_source_asin,semantic,200,True,1098,200,0,8,0.0,200,0,8,0.0,0,0
exclude_source_asin,semantic,200,True,1127,200,0,6,0.0,200,0,5,0.0,0,0
exclude_source_asin,semantic,200,True,1145,200,1,6,0.16666666666666666,200,1,4,0.25,0,0
exclude_source_asin,semantic,200,True,1164,200,0,8,0.0,200,0,7,0.0,0,0
exclude_source_asin,semantic,200,True,1204,200,0,37,0.0,200,0,36,0.0,0,0
exclude_source_asin,semantic,200,True,1263,200,1,8,0.125,200,1,7,0.14285714285714285,0,0
exclude_source_asin,semantic,200,True,1285,200,0,5,0.0,200,0,4,0.0,0,0
exclude_source_asin,semantic,200,True,1313,200,0,12,0.0,200,0,12,0.0,0,0
exclude_source_asin,semantic,200,True,1323,200,0,5,0.0,200,0,3,0.0,0,0
exclude_source_asin,semantic,200,True,1365,200,0,26,0.0,200,0,26,0.0,0,0
exclude_source_asin,semantic,200,True,1376,200,0,5,0.0,200,0,4,0.0,0,0
exclude_source_asin,semantic,200,True,1382,200,0,10,0.0,200,0,10,0.0,0,0
exclude_source_asin,semantic,200,True,1397,200,0,5,0.0,200,0,1,0.0,0,0
exclude_source_asin,semantic,200,True,1428,200,0,6,0.0,200,0,6,0.0,0,0
exclude_source_asin,semantic,200,True,1440,200,0,5,0.0,200,0,5,0.0,0,0
exclude_source_asin,semantic,200,True,1447,200,0,6,0.0,200,0,3,0.0,0,0
exclude_source_asin,semantic,200,True,1467,200,0,5,0.0,200,0,4,0.0,0,0
exclude_source_asin,semantic,200,True,1472,200,0,9,0.0,200,0,8,0.0,0,0
exclude_source_asin,semantic,200,True,1494,200,0,15,0.0,200,0,12,0.0,0,0
exclude_source_asin,semantic,200,True,1500,200,0,6,0.0,200,0,5,0.0,0,0
exclude_source_asin,semantic,200,True,1503,200,0,6,0.0,200,0,6,0.0,0,0
exclude_source_asin,semantic,200,True,1527,200,0,7,0.0,200,0,5,0.0,0,0
exclude_source_asin,semantic,200,True,1530,200,0,7,0.0,200,0,4,0.0,0,0
exclude_source_asin,semantic,200,True,1532,200,0,5,0.0,200,0,3,0.0,0,0
exclude_source_asin,semantic,200,True,1540,200,0,31,0.0,200,0,25,0.0,0,0
exclude_source_asin,semantic,200,True,1604,200,0,15,0.0,200,0,15,0.0,0,0
exclude_source_asin,semantic,200,True,1640,200,0,16,0.0,200,0,15,0.0,0,0
exclude_source_asin,semantic,200,True,1644,200,0,7,0.0,200,0,7,0.0,0,0
exclude_source_asin,semantic,200,True,1661,200,0,6,0.0,200,0,4,0.0,0,0
exclude_source_asin,semantic,200,True,1742,200,0,51,0.0,200,0,51,0.0,0,0
exclude_source_asin,semantic,200,True,1750,200,0,8,0.0,200,0,8,0.0,0,0
exclude_source_asin,semantic,200,True,1753,0,0,5,0.0,0,0,4,0.0,0,0
exclude_source_asin,semantic,200,True,1765,200,0,6,0.0,200,0,3,0.0,0,0
exclude_source_asin,semantic,200,True,1773,200,0,5,0.0,200,0,3,0.0,0,0
exclude_source_asin,semantic,200,True,1774,200,0,6,0.0,200,0,5,0.0,0,0
exclude_source_asin,semantic,200,True,1824,200,0,13,0.0,200,0,13,0.0,0,0
exclude_source_asin,semantic,200,True,1838,200,0,6,0.0,200,0,6,0.0,0,0
exclude_source_asin,semantic,200,True,1865,200,0,21,0.0,200,0,19,0.0,0,0
exclude_source_asin,semantic,200,True,1881,200,0,7,0.0,200,0,6,0.0,0,0
exclude_source_asin,semantic,200,True,1896,200,0,13,0.0,200,0,13,0.0,0,0
exclude_source_asin,semantic,200,True,1920,200,0,5,0.0,200,0,3,0.0,0,0
exclude_source_asin,semantic,200,True,1921,200,0,5,0.0,200,0,4,0.0,0,0
exclude_source_asin,semantic,200,True,1945,200,0,12,0.0,200,0,12,0.0,0,0
exclude_source_asin,semantic,200,True,1955,200,0,7,0.0,200,0,7,0.0,0,0
exclude_source_asin,semantic,200,True,1967,200,0,5,0.0,200,0,5,0.0,0,0
exclude_source_asin,semantic,200,True,1970,200,0,12,0.0,200,0,12,0.0,0,0
exclude_source_asin,semantic,200,True,1991,200,0,5,0.0,200,0,3,0.0,0,0
exclude_source_asin,semantic,200,True,2016,200,0,30,0.0,200,0,29,0.0,0,0
exclude_source_asin,semantic,200,True,2031,200,0,19,0.0,200,0,18,0.0,0,0
exclude_source_asin,semantic,200,True,2040,200,0,8,0.0,200,0,8,0.0,0,0
exclude_source_asin,semantic,200,True,2050,200,0,16,0.0,200,0,16,0.0,0,0
exclude_source_asin,semantic,200,True,2069,200,0,5,0.0,200,0,5,0.0,0,0
exclude_source_asin,semantic,200,True,2096,200,0,6,0.0,200,0,5,0.0,0,0
exclude_source_asin,semantic,200,True,2104,200,0,11,0.0,200,0,11,0.0,0,0
exclude_source_asin,semantic,200,True,2110,200,0,13,0.0,200,0,12,0.0,0,0
exclude_source_asin,semantic,200,True,2126,200,1,15,0.06666666666666667,200,1,14,0.07142857142857142,0,0
exclude_source_asin,semantic,200,True,2134,200,0,9,0.0,200,0,7,0.0,0,0
exclude_source_asin,semantic,200,True,2174,200,0,12,0.0,200,0,11,0.0,0,0
exclude_source_asin,semantic,200,True,2181,200,0,5,0.0,200,0,4,0.0,0,0
exclude_source_asin,semantic,200,True,2183,200,0,11,0.0,200,0,11,0.0,0,0
exclude_source_asin,semantic,200,True,2204,200,0,17,0.0,200,0,17,0.0,0,0
exclude_source_asin,semantic,200,True,2220,200,0,7,0.0,200,0,6,0.0,0,0
exclude_source_asin,semantic,200,True,2247,200,0,5,0.0,200,0,1,0.0,0,0
exclude_source_asin,semantic,200,True,2271,200,0,6,0.0,200,0,5,0.0,0,0
exclude_source_asin,semantic,200,True,2287,200,0,10,0.0,200,0,10,0.0,0,0
exclude_source_asin,semantic,200,True,2316,200,2,8,0.25,200,2,5,0.4,0,0
exclude_source_asin,semantic,200,True,2336,200,0,53,0.0,200,0,52,0.0,0,0
exclude_source_asin,semantic,200,True,2354,200,0,6,0.0,200,0,5,0.0,0,0
exclude_source_asin,semantic,200,True,2412,200,0,9,0.0,200,0,7,0.0,0,0
exclude_source_asin,semantic,200,True,2441,200,0,9,0.0,200,0,9,0.0,0,0
exclude_source_asin,semantic,200,True,2443,200,0,7,0.0,200,0,7,0.0,0,0
exclude_source_asin,semantic,200,True,2481,200,0,13,0.0,200,0,13,0.0,0,0
exclude_source_asin,semantic,200,True,2505,200,2,18,0.1111111111111111,200,2,18,0.1111111111111111,0,0
exclude_source_asin,semantic,200,True,2527,200,0,9,0.0,200,0,9,0.0,0,0
exclude_source_asin,semantic,200,True,2531,200,0,39,0.0,200,0,39,0.0,0,0
exclude_source_asin,semantic,200,True,2569,200,0,5,0.0,200,0,4,0.0,0,0
exclude_source_asin,semantic,200,True,2645,200,0,9,0.0,200,0,8,0.0,0,0
exclude_source_asin,semantic,200,True,2652,200,0,31,0.0,200,0,31,0.0,0,0
exclude_source_asin,semantic,200,True,2665,200,0,6,0.0,200,0,6,0.0,0,0
exclude_source_asin,semantic,200,True,2669,200,0,5,0.0,200,0,2,0.0,0,0
exclude_source_asin,semantic,200,True,2675,200,0,15,0.0,200,0,13,0.0,0,0
exclude_source_asin,semantic,200,True,2756,200,0,17,0.0,200,0,15,0.0,0,0
exclude_source_asin,semantic,200,True,2766,200,0,16,0.0,200,0,15,0.0,0,0
exclude_source_asin,semantic,200,True,2781,200,0,13,0.0,200,0,12,0.0,0,0
exclude_source_asin,semantic,200,True,2782,200,0,7,0.0,200,0,7,0.0,0,0
exclude_source_asin,semantic,200,True,2783,200,0,5,0.0,200,0,4,0.0,0,0
exclude_source_asin,semantic,200,True,2821,200,0,23,0.0,200,0,22,0.0,0,0
exclude_source_asin,semantic,200,True,2844,200,0,5,0.0,200,0,5,0.0,0,0
exclude_source_asin,semantic,200,True,2862,200,0,9,0.0,200,0,9,0.0,0,0
exclude_source_asin,semantic,200,True,2879,200,0,5,0.0,200,0,2,0.0,0,0
exclude_source_asin,semantic,200,True,2906,200,0,6,0.0,200,0,5,0.0,0,0
exclude_source_asin,semantic,200,True,2923,200,0,5,0.0,200,0,5,0.0,0,0
exclude_source_asin,semantic,200,True,2930,200,0,5,0.0,200,0,4,0.0,0,0
exclude_source_asin,semantic,200,True,2957,200,0,8,0.0,200,0,8,0.0,0,0
exclude_source_asin,semantic,200,True,2988,200,0,6,0.0,200,0,6,0.0,0,0
exclude_source_asin,semantic,200,True,2990,200,0,5,0.0,200,0,4,0.0,0,0
exclude_source_asin,semantic,200,True,3003,200,0,6,0.0,200,0,5,0.0,0,0
exclude_source_asin,semantic,200,True,3013,200,0,5,0.0,200,0,5,0.0,0,0
exclude_source_asin,semantic,200,True,3035,200,0,7,0.0,200,0,7,0.0,0,0
exclude_source_asin,semantic,200,True,3059,200,0,9,0.0,200,0,9,0.0,0,0
exclude_source_asin,semantic,200,True,3082,200,0,10,0.0,200,0,8,0.0,0,0
exclude_source_asin,semantic,200,True,3099,200,0,5,0.0,200,0,3,0.0,0,0
exclude_source_asin,semantic,200,True,3118,200,0,14,0.0,200,0,13,0.0,0,0
exclude_source_asin,semantic,200,True,3120,200,0,9,0.0,200,0,8,0.0,0,0
exclude_source_asin,g,10,True,42,10,0,13,0.0,10,0,12,0.0,0,0
exclude_source_asin,g,10,True,56,10,0,5,0.0,10,0,4,0.0,0,0
exclude_source_asin,g,10,True,69,10,0,6,0.0,10,0,5,0.0,0,0
exclude_source_asin,g,10,True,70,10,0,7,0.0,10,0,7,0.0,0,0
exclude_source_asin,g,10,True,85,10,0,7,0.0,10,0,6,0.0,0,0
exclude_source_asin,g,10,True,111,10,0,11,0.0,10,0,11,0.0,0,0
exclude_source_asin,g,10,True,176,10,0,5,0.0,10,0,2,0.0,0,0
exclude_source_asin,g,10,True,209,10,0,5,0.0,10,0,5,0.0,0,0
exclude_source_asin,g,10,True,210,10,0,8,0.0,10,0,6,0.0,0,0
exclude_source_asin,g,10,True,224,10,1,21,0.047619047619047616,10,1,19,0.05263157894736842,0,0
exclude_source_asin,g,10,True,230,10,1,7,0.14285714285714285,10,1,7,0.14285714285714285,0,0
exclude_source_asin,g,10,True,304,10,0,8,0.0,10,0,8,0.0,0,0
exclude_source_asin,g,10,True,326,10,0,5,0.0,10,0,4,0.0,0,0
exclude_source_asin,g,10,True,328,10,0,25,0.0,10,0,23,0.0,0,0
exclude_source_asin,g,10,True,344,10,0,9,0.0,10,0,8,0.0,0,0
exclude_source_asin,g,10,True,370,10,0,7,0.0,10,0,7,0.0,0,0
exclude_source_asin,g,10,True,372,10,0,5,0.0,10,0,1,0.0,0,0
exclude_source_asin,g,10,True,408,10,0,18,0.0,10,0,17,0.0,0,0
exclude_source_asin,g,10,True,410,10,1,7,0.14285714285714285,10,1,6,0.16666666666666666,0,0
exclude_source_asin,g,10,True,426,10,0,5,0.0,10,0,0,,0,0
exclude_source_asin,g,10,True,449,10,0,10,0.0,10,0,10,0.0,0,0
exclude_source_asin,g,10,True,451,10,0,8,0.0,10,0,7,0.0,0,0
exclude_source_asin,g,10,True,459,10,0,10,0.0,10,0,5,0.0,0,0
exclude_source_asin,g,10,True,538,10,0,10,0.0,10,0,8,0.0,0,0
exclude_source_asin,g,10,True,555,10,0,5,0.0,10,0,5,0.0,0,0
exclude_source_asin,g,10,True,560,10,0,9,0.0,10,0,8,0.0,0,0
exclude_source_asin,g,10,True,567,10,0,5,0.0,10,0,5,0.0,0,0
exclude_source_asin,g,10,True,581,10,0,5,0.0,10,0,5,0.0,0,0
exclude_source_asin,g,10,True,588,10,0,5,0.0,10,0,5,0.0,0,0
exclude_source_asin,g,10,True,590,10,0,11,0.0,10,0,10,0.0,0,0
exclude_source_asin,g,10,True,596,10,0,5,0.0,10,0,2,0.0,0,0
exclude_source_asin,g,10,True,599,10,0,6,0.0,10,0,3,0.0,0,0
exclude_source_asin,g,10,True,605,10,0,10,0.0,10,0,10,0.0,0,0
exclude_source_asin,g,10,True,670,10,0,6,0.0,10,0,6,0.0,0,0
exclude_source_asin,g,10,True,709,10,0,8,0.0,10,0,8,0.0,0,0
exclude_source_asin,g,10,True,743,10,0,5,0.0,10,0,4,0.0,0,0
exclude_source_asin,g,10,True,781,10,0,5,0.0,10,0,4,0.0,0,0
exclude_source_asin,g,10,True,803,10,0,8,0.0,10,0,7,0.0,0,0
exclude_source_asin,g,10,True,805,10,3,19,0.15789473684210525,10,3,16,0.1875,0,0
exclude_source_asin,g,10,True,810,10,0,5,0.0,10,0,5,0.0,0,0
exclude_source_asin,g,10,True,820,10,1,19,0.05263157894736842,10,1,17,0.058823529411764705,0,0
exclude_source_asin,g,10,True,822,10,0,9,0.0,10,0,9,0.0,0,0
exclude_source_asin,g,10,True,824,10,0,9,0.0,10,0,8,0.0,0,0
exclude_source_asin,g,10,True,833,10,0,7,0.0,10,0,6,0.0,0,0
exclude_source_asin,g,10,True,836,10,0,6,0.0,10,0,6,0.0,0,0
exclude_source_asin,g,10,True,912,10,1,5,0.2,10,1,3,0.3333333333333333,0,0
exclude_source_asin,g,10,True,932,10,0,7,0.0,10,0,2,0.0,0,0
exclude_source_asin,g,10,True,935,10,0,7,0.0,10,0,7,0.0,0,0
exclude_source_asin,g,10,True,940,10,0,8,0.0,10,0,8,0.0,0,0
exclude_source_asin,g,10,True,958,10,0,7,0.0,10,0,5,0.0,0,0
exclude_source_asin,g,10,True,1077,10,0,7,0.0,10,0,7,0.0,0,0
exclude_source_asin,g,10,True,1090,10,0,15,0.0,10,0,13,0.0,0,0
exclude_source_asin,g,10,True,1098,10,0,8,0.0,10,0,8,0.0,0,0
exclude_source_asin,g,10,True,1127,10,1,6,0.16666666666666666,10,1,5,0.2,0,0
exclude_source_asin,g,10,True,1145,10,0,6,0.0,10,0,4,0.0,0,0
exclude_source_asin,g,10,True,1164,10,0,8,0.0,10,0,7,0.0,0,0
exclude_source_asin,g,10,True,1204,10,0,37,0.0,10,0,36,0.0,0,0
exclude_source_asin,g,10,True,1263,10,0,8,0.0,10,0,7,0.0,0,0
exclude_source_asin,g,10,True,1285,10,0,5,0.0,10,0,4,0.0,0,0
exclude_source_asin,g,10,True,1313,10,0,12,0.0,10,0,12,0.0,0,0
exclude_source_asin,g,10,True,1323,10,0,5,0.0,10,0,3,0.0,0,0
exclude_source_asin,g,10,True,1365,10,0,26,0.0,10,0,26,0.0,0,0
exclude_source_asin,g,10,True,1376,10,0,5,0.0,10,0,4,0.0,0,0
exclude_source_asin,g,10,True,1382,10,0,10,0.0,10,0,10,0.0,0,0
exclude_source_asin,g,10,True,1397,10,0,5,0.0,10,0,1,0.0,0,0
exclude_source_asin,g,10,True,1428,10,0,6,0.0,10,0,6,0.0,0,0
exclude_source_asin,g,10,True,1440,10,0,5,0.0,10,0,5,0.0,0,0
exclude_source_asin,g,10,True,1447,10,0,6,0.0,10,0,3,0.0,0,0
exclude_source_asin,g,10,True,1467,10,0,5,0.0,10,0,4,0.0,0,0
exclude_source_asin,g,10,True,1472,10,1,9,0.1111111111111111,10,1,8,0.125,0,0
exclude_source_asin,g,10,True,1494,10,0,15,0.0,10,0,12,0.0,0,0
exclude_source_asin,g,10,True,1500,10,0,6,0.0,10,0,5,0.0,0,0
exclude_source_asin,g,10,True,1503,10,0,6,0.0,10,0,6,0.0,0,0
exclude_source_asin,g,10,True,1527,10,0,7,0.0,10,0,5,0.0,0,0
exclude_source_asin,g,10,True,1530,10,0,7,0.0,10,0,4,0.0,0,0
exclude_source_asin,g,10,True,1532,10,0,5,0.0,10,0,3,0.0,0,0
exclude_source_asin,g,10,True,1540,10,0,31,0.0,10,0,25,0.0,0,0
exclude_source_asin,g,10,True,1604,10,0,15,0.0,10,0,15,0.0,0,0
exclude_source_asin,g,10,True,1640,10,0,16,0.0,10,0,15,0.0,0,0
exclude_source_asin,g,10,True,1644,10,0,7,0.0,10,0,7,0.0,0,0
exclude_source_asin,g,10,True,1661,10,0,6,0.0,10,0,4,0.0,0,0
exclude_source_asin,g,10,True,1742,10,0,51,0.0,10,0,51,0.0,0,0
exclude_source_asin,g,10,True,1750,10,0,8,0.0,10,0,8,0.0,0,0
exclude_source_asin,g,10,True,1753,10,0,5,0.0,10,0,4,0.0,0,0
exclude_source_asin,g,10,True,1765,10,0,6,0.0,10,0,3,0.0,0,0
exclude_source_asin,g,10,True,1773,10,0,5,0.0,10,0,3,0.0,0,0
exclude_source_asin,g,10,True,1774,10,0,6,0.0,10,0,5,0.0,0,0
exclude_source_asin,g,10,True,1824,10,0,13,0.0,10,0,13,0.0,0,0
exclude_source_asin,g,10,True,1838,10,0,6,0.0,10,0,6,0.0,0,0
exclude_source_asin,g,10,True,1865,10,0,21,0.0,10,0,19,0.0,0,0
exclude_source_asin,g,10,True,1881,10,0,7,0.0,10,0,6,0.0,0,0
exclude_source_asin,g,10,True,1896,10,0,13,0.0,10,0,13,0.0,0,0
exclude_source_asin,g,10,True,1920,10,0,5,0.0,10,0,3,0.0,0,0
exclude_source_asin,g,10,True,1921,10,0,5,0.0,10,0,4,0.0,0,0
exclude_source_asin,g,10,True,1945,10,1,12,0.08333333333333333,10,1,12,0.08333333333333333,0,0
exclude_source_asin,g,10,True,1955,10,0,7,0.0,10,0,7,0.0,0,0
exclude_source_asin,g,10,True,1967,10,0,5,0.0,10,0,5,0.0,0,0
exclude_source_asin,g,10,True,1970,10,0,12,0.0,10,0,12,0.0,0,0
exclude_source_asin,g,10,True,1991,10,0,5,0.0,10,0,3,0.0,0,0
exclude_source_asin,g,10,True,2016,10,0,30,0.0,10,0,29,0.0,0,0
exclude_source_asin,g,10,True,2031,10,0,19,0.0,10,0,18,0.0,0,0
exclude_source_asin,g,10,True,2040,10,0,8,0.0,10,0,8,0.0,0,0
exclude_source_asin,g,10,True,2050,10,1,16,0.0625,10,1,16,0.0625,0,0
exclude_source_asin,g,10,True,2069,10,0,5,0.0,10,0,5,0.0,0,0
exclude_source_asin,g,10,True,2096,10,0,6,0.0,10,0,5,0.0,0,0
exclude_source_asin,g,10,True,2104,10,0,11,0.0,10,0,11,0.0,0,0
exclude_source_asin,g,10,True,2110,10,0,13,0.0,10,0,12,0.0,0,0
exclude_source_asin,g,10,True,2126,10,0,15,0.0,10,0,14,0.0,0,0
exclude_source_asin,g,10,True,2134,10,0,9,0.0,10,0,7,0.0,0,0
exclude_source_asin,g,10,True,2174,10,0,12,0.0,10,0,11,0.0,0,0
exclude_source_asin,g,10,True,2181,10,0,5,0.0,10,0,4,0.0,0,0
exclude_source_asin,g,10,True,2183,10,0,11,0.0,10,0,11,0.0,0,0
exclude_source_asin,g,10,True,2204,10,1,17,0.058823529411764705,10,1,17,0.058823529411764705,0,0
exclude_source_asin,g,10,True,2220,10,0,7,0.0,10,0,6,0.0,0,0
exclude_source_asin,g,10,True,2247,10,0,5,0.0,10,0,1,0.0,0,0
exclude_source_asin,g,10,True,2271,10,0,6,0.0,10,0,5,0.0,0,0
exclude_source_asin,g,10,True,2287,10,0,10,0.0,10,0,10,0.0,0,0
exclude_source_asin,g,10,True,2316,10,0,8,0.0,10,0,5,0.0,0,0
exclude_source_asin,g,10,True,2336,10,1,53,0.018867924528301886,10,1,52,0.019230769230769232,0,0
exclude_source_asin,g,10,True,2354,10,0,6,0.0,10,0,5,0.0,0,0
exclude_source_asin,g,10,True,2412,10,0,9,0.0,10,0,7,0.0,0,0
exclude_source_asin,g,10,True,2441,10,0,9,0.0,10,0,9,0.0,0,0
exclude_source_asin,g,10,True,2443,10,0,7,0.0,10,0,7,0.0,0,0
exclude_source_asin,g,10,True,2481,10,0,13,0.0,10,0,13,0.0,0,0
exclude_source_asin,g,10,True,2505,10,0,18,0.0,10,0,18,0.0,0,0
exclude_source_asin,g,10,True,2527,10,1,9,0.1111111111111111,10,1,9,0.1111111111111111,0,0
exclude_source_asin,g,10,True,2531,10,0,39,0.0,10,0,39,0.0,0,0
exclude_source_asin,g,10,True,2569,10,0,5,0.0,10,0,4,0.0,0,0
exclude_source_asin,g,10,True,2645,10,1,9,0.1111111111111111,10,1,8,0.125,0,0
exclude_source_asin,g,10,True,2652,10,0,31,0.0,10,0,31,0.0,0,0
exclude_source_asin,g,10,True,2665,10,0,6,0.0,10,0,6,0.0,0,0
exclude_source_asin,g,10,True,2669,10,0,5,0.0,10,0,2,0.0,0,0
exclude_source_asin,g,10,True,2675,10,0,15,0.0,10,0,13,0.0,0,0
exclude_source_asin,g,10,True,2756,10,0,17,0.0,10,0,15,0.0,0,0
exclude_source_asin,g,10,True,2766,10,1,16,0.0625,10,1,15,0.06666666666666667,0,0
exclude_source_asin,g,10,True,2781,10,0,13,0.0,10,0,12,0.0,0,0
exclude_source_asin,g,10,True,2782,10,0,7,0.0,10,0,7,0.0,0,0
exclude_source_asin,g,10,True,2783,10,0,5,0.0,10,0,4,0.0,0,0
exclude_source_asin,g,10,True,2821,10,0,23,0.0,10,0,22,0.0,0,0
exclude_source_asin,g,10,True,2844,10,0,5,0.0,10,0,5,0.0,0,0
exclude_source_asin,g,10,True,2862,10,0,9,0.0,10,0,9,0.0,0,0
exclude_source_asin,g,10,True,2879,10,0,5,0.0,10,0,2,0.0,0,0
exclude_source_asin,g,10,True,2906,10,0,6,0.0,10,0,5,0.0,0,0
exclude_source_asin,g,10,True,2923,10,0,5,0.0,10,0,5,0.0,0,0
exclude_source_asin,g,10,True,2930,10,0,5,0.0,10,0,4,0.0,0,0
exclude_source_asin,g,10,True,2957,10,0,8,0.0,10,0,8,0.0,0,0
exclude_source_asin,g,10,True,2988,10,0,6,0.0,10,0,6,0.0,0,0
exclude_source_asin,g,10,True,2990,10,0,5,0.0,10,0,4,0.0,0,0
exclude_source_asin,g,10,True,3003,10,0,6,0.0,10,0,5,0.0,0,0
exclude_source_asin,g,10,True,3013,10,1,5,0.2,10,1,5,0.2,0,0
exclude_source_asin,g,10,True,3035,10,0,7,0.0,10,0,7,0.0,0,0
exclude_source_asin,g,10,True,3059,10,0,9,0.0,10,0,9,0.0,0,0
exclude_source_asin,g,10,True,3082,10,0,10,0.0,10,0,8,0.0,0,0
exclude_source_asin,g,10,True,3099,10,0,5,0.0,10,0,3,0.0,0,0
exclude_source_asin,g,10,True,3118,10,0,14,0.0,10,0,13,0.0,0,0
exclude_source_asin,g,10,True,3120,10,0,9,0.0,10,0,8,0.0,0,0
exclude_source_asin,g,50,True,42,50,1,13,0.07692307692307693,50,1,12,0.08333333333333333,0,0
exclude_source_asin,g,50,True,56,50,0,5,0.0,50,0,4,0.0,0,0
exclude_source_asin,g,50,True,69,50,0,6,0.0,50,0,5,0.0,0,0
exclude_source_asin,g,50,True,70,50,0,7,0.0,50,0,7,0.0,0,0
exclude_source_asin,g,50,True,85,50,0,7,0.0,50,0,6,0.0,0,0
exclude_source_asin,g,50,True,111,50,0,11,0.0,50,0,11,0.0,0,0
exclude_source_asin,g,50,True,176,50,0,5,0.0,50,0,2,0.0,0,0
exclude_source_asin,g,50,True,209,50,0,5,0.0,50,0,5,0.0,0,0
exclude_source_asin,g,50,True,210,50,0,8,0.0,50,0,6,0.0,0,0
exclude_source_asin,g,50,True,224,50,1,21,0.047619047619047616,50,1,19,0.05263157894736842,0,0
exclude_source_asin,g,50,True,230,50,1,7,0.14285714285714285,50,1,7,0.14285714285714285,0,0
exclude_source_asin,g,50,True,304,50,0,8,0.0,50,0,8,0.0,0,0
exclude_source_asin,g,50,True,326,50,0,5,0.0,50,0,4,0.0,0,0
exclude_source_asin,g,50,True,328,50,1,25,0.04,50,1,23,0.043478260869565216,0,0
exclude_source_asin,g,50,True,344,50,0,9,0.0,50,0,8,0.0,0,0
exclude_source_asin,g,50,True,370,50,0,7,0.0,50,0,7,0.0,0,0
exclude_source_asin,g,50,True,372,50,0,5,0.0,50,0,1,0.0,0,0
exclude_source_asin,g,50,True,408,50,2,18,0.1111111111111111,50,2,17,0.11764705882352941,0,0
exclude_source_asin,g,50,True,410,50,3,7,0.42857142857142855,50,3,6,0.5,0,0
exclude_source_asin,g,50,True,426,50,0,5,0.0,50,0,0,,0,0
exclude_source_asin,g,50,True,449,50,0,10,0.0,50,0,10,0.0,0,0
exclude_source_asin,g,50,True,451,50,0,8,0.0,50,0,7,0.0,0,0
exclude_source_asin,g,50,True,459,50,0,10,0.0,50,0,5,0.0,0,0
exclude_source_asin,g,50,True,538,50,1,10,0.1,50,1,8,0.125,0,0
exclude_source_asin,g,50,True,555,50,0,5,0.0,50,0,5,0.0,0,0
exclude_source_asin,g,50,True,560,50,0,9,0.0,50,0,8,0.0,0,0
exclude_source_asin,g,50,True,567,50,1,5,0.2,50,1,5,0.2,0,0
exclude_source_asin,g,50,True,581,50,1,5,0.2,50,1,5,0.2,0,0
exclude_source_asin,g,50,True,588,50,0,5,0.0,50,0,5,0.0,0,0
exclude_source_asin,g,50,True,590,50,0,11,0.0,50,0,10,0.0,0,0
exclude_source_asin,g,50,True,596,50,0,5,0.0,50,0,2,0.0,0,0
exclude_source_asin,g,50,True,599,50,0,6,0.0,50,0,3,0.0,0,0
exclude_source_asin,g,50,True,605,50,0,10,0.0,50,0,10,0.0,0,0
exclude_source_asin,g,50,True,670,50,0,6,0.0,50,0,6,0.0,0,0
exclude_source_asin,g,50,True,709,50,0,8,0.0,50,0,8,0.0,0,0
exclude_source_asin,g,50,True,743,50,1,5,0.2,50,1,4,0.25,0,0
exclude_source_asin,g,50,True,781,50,0,5,0.0,50,0,4,0.0,0,0
exclude_source_asin,g,50,True,803,50,0,8,0.0,50,0,7,0.0,0,0
exclude_source_asin,g,50,True,805,50,6,19,0.3157894736842105,50,6,16,0.375,0,0
exclude_source_asin,g,50,True,810,50,0,5,0.0,50,0,5,0.0,0,0
exclude_source_asin,g,50,True,820,50,1,19,0.05263157894736842,50,1,17,0.058823529411764705,0,0
exclude_source_asin,g,50,True,822,50,0,9,0.0,50,0,9,0.0,0,0
exclude_source_asin,g,50,True,824,50,2,9,0.2222222222222222,50,2,8,0.25,0,0
exclude_source_asin,g,50,True,833,50,1,7,0.14285714285714285,50,1,6,0.16666666666666666,0,0
exclude_source_asin,g,50,True,836,50,0,6,0.0,50,0,6,0.0,0,0
exclude_source_asin,g,50,True,912,50,2,5,0.4,50,2,3,0.6666666666666666,0,0
exclude_source_asin,g,50,True,932,50,0,7,0.0,50,0,2,0.0,0,0
exclude_source_asin,g,50,True,935,50,0,7,0.0,50,0,7,0.0,0,0
exclude_source_asin,g,50,True,940,50,1,8,0.125,50,1,8,0.125,0,0
exclude_source_asin,g,50,True,958,50,0,7,0.0,50,0,5,0.0,0,0
exclude_source_asin,g,50,True,1077,50,0,7,0.0,50,0,7,0.0,0,0
exclude_source_asin,g,50,True,1090,50,0,15,0.0,50,0,13,0.0,0,0
exclude_source_asin,g,50,True,1098,50,0,8,0.0,50,0,8,0.0,0,0
exclude_source_asin,g,50,True,1127,50,2,6,0.3333333333333333,50,2,5,0.4,0,0
exclude_source_asin,g,50,True,1145,50,0,6,0.0,50,0,4,0.0,0,0
exclude_source_asin,g,50,True,1164,50,0,8,0.0,50,0,7,0.0,0,0
exclude_source_asin,g,50,True,1204,50,0,37,0.0,50,0,36,0.0,0,0
exclude_source_asin,g,50,True,1263,50,0,8,0.0,50,0,7,0.0,0,0
exclude_source_asin,g,50,True,1285,50,0,5,0.0,50,0,4,0.0,0,0
exclude_source_asin,g,50,True,1313,50,1,12,0.08333333333333333,50,1,12,0.08333333333333333,0,0
exclude_source_asin,g,50,True,1323,50,0,5,0.0,50,0,3,0.0,0,0
exclude_source_asin,g,50,True,1365,50,0,26,0.0,50,0,26,0.0,0,0
exclude_source_asin,g,50,True,1376,50,0,5,0.0,50,0,4,0.0,0,0
exclude_source_asin,g,50,True,1382,50,0,10,0.0,50,0,10,0.0,0,0
exclude_source_asin,g,50,True,1397,50,0,5,0.0,50,0,1,0.0,0,0
exclude_source_asin,g,50,True,1428,50,0,6,0.0,50,0,6,0.0,0,0
exclude_source_asin,g,50,True,1440,50,0,5,0.0,50,0,5,0.0,0,0
exclude_source_asin,g,50,True,1447,50,0,6,0.0,50,0,3,0.0,0,0
exclude_source_asin,g,50,True,1467,50,0,5,0.0,50,0,4,0.0,0,0
exclude_source_asin,g,50,True,1472,50,1,9,0.1111111111111111,50,1,8,0.125,0,0
exclude_source_asin,g,50,True,1494,50,0,15,0.0,50,0,12,0.0,0,0
exclude_source_asin,g,50,True,1500,50,0,6,0.0,50,0,5,0.0,0,0
exclude_source_asin,g,50,True,1503,50,0,6,0.0,50,0,6,0.0,0,0
exclude_source_asin,g,50,True,1527,50,0,7,0.0,50,0,5,0.0,0,0
exclude_source_asin,g,50,True,1530,50,0,7,0.0,50,0,4,0.0,0,0
exclude_source_asin,g,50,True,1532,50,0,5,0.0,50,0,3,0.0,0,0
exclude_source_asin,g,50,True,1540,50,0,31,0.0,50,0,25,0.0,0,0
exclude_source_asin,g,50,True,1604,50,1,15,0.06666666666666667,50,1,15,0.06666666666666667,0,0
exclude_source_asin,g,50,True,1640,50,0,16,0.0,50,0,15,0.0,0,0
exclude_source_asin,g,50,True,1644,50,0,7,0.0,50,0,7,0.0,0,0
exclude_source_asin,g,50,True,1661,50,0,6,0.0,50,0,4,0.0,0,0
exclude_source_asin,g,50,True,1742,50,1,51,0.0196078431372549,50,1,51,0.0196078431372549,0,0
exclude_source_asin,g,50,True,1750,50,0,8,0.0,50,0,8,0.0,0,0
exclude_source_asin,g,50,True,1753,50,0,5,0.0,50,0,4,0.0,0,0
exclude_source_asin,g,50,True,1765,50,1,6,0.16666666666666666,50,1,3,0.3333333333333333,0,0
exclude_source_asin,g,50,True,1773,50,0,5,0.0,50,0,3,0.0,0,0
exclude_source_asin,g,50,True,1774,50,0,6,0.0,50,0,5,0.0,0,0
exclude_source_asin,g,50,True,1824,50,0,13,0.0,50,0,13,0.0,0,0
exclude_source_asin,g,50,True,1838,50,0,6,0.0,50,0,6,0.0,0,0
exclude_source_asin,g,50,True,1865,50,0,21,0.0,50,0,19,0.0,0,0
exclude_source_asin,g,50,True,1881,50,0,7,0.0,50,0,6,0.0,0,0
exclude_source_asin,g,50,True,1896,50,0,13,0.0,50,0,13,0.0,0,0
exclude_source_asin,g,50,True,1920,50,0,5,0.0,50,0,3,0.0,0,0
exclude_source_asin,g,50,True,1921,50,0,5,0.0,50,0,4,0.0,0,0
exclude_source_asin,g,50,True,1945,50,1,12,0.08333333333333333,50,1,12,0.08333333333333333,0,0
exclude_source_asin,g,50,True,1955,50,0,7,0.0,50,0,7,0.0,0,0
exclude_source_asin,g,50,True,1967,50,0,5,0.0,50,0,5,0.0,0,0
exclude_source_asin,g,50,True,1970,50,0,12,0.0,50,0,12,0.0,0,0
exclude_source_asin,g,50,True,1991,50,0,5,0.0,50,0,3,0.0,0,0
exclude_source_asin,g,50,True,2016,50,1,30,0.03333333333333333,50,1,29,0.034482758620689655,0,0
exclude_source_asin,g,50,True,2031,50,1,19,0.05263157894736842,50,1,18,0.05555555555555555,0,0
exclude_source_asin,g,50,True,2040,50,0,8,0.0,50,0,8,0.0,0,0
exclude_source_asin,g,50,True,2050,50,2,16,0.125,50,2,16,0.125,0,0
exclude_source_asin,g,50,True,2069,50,0,5,0.0,50,0,5,0.0,0,0
exclude_source_asin,g,50,True,2096,50,0,6,0.0,50,0,5,0.0,0,0
exclude_source_asin,g,50,True,2104,50,0,11,0.0,50,0,11,0.0,0,0
exclude_source_asin,g,50,True,2110,50,0,13,0.0,50,0,12,0.0,0,0
exclude_source_asin,g,50,True,2126,50,0,15,0.0,50,0,14,0.0,0,0
exclude_source_asin,g,50,True,2134,50,0,9,0.0,50,0,7,0.0,0,0
exclude_source_asin,g,50,True,2174,50,0,12,0.0,50,0,11,0.0,0,0
exclude_source_asin,g,50,True,2181,50,0,5,0.0,50,0,4,0.0,0,0
exclude_source_asin,g,50,True,2183,50,0,11,0.0,50,0,11,0.0,0,0
exclude_source_asin,g,50,True,2204,50,1,17,0.058823529411764705,50,1,17,0.058823529411764705,0,0
exclude_source_asin,g,50,True,2220,50,0,7,0.0,50,0,6,0.0,0,0
exclude_source_asin,g,50,True,2247,50,0,5,0.0,50,0,1,0.0,0,0
exclude_source_asin,g,50,True,2271,50,0,6,0.0,50,0,5,0.0,0,0
exclude_source_asin,g,50,True,2287,50,0,10,0.0,50,0,10,0.0,0,0
exclude_source_asin,g,50,True,2316,50,0,8,0.0,50,0,5,0.0,0,0
exclude_source_asin,g,50,True,2336,50,3,53,0.05660377358490566,50,3,52,0.057692307692307696,0,0
exclude_source_asin,g,50,True,2354,50,0,6,0.0,50,0,5,0.0,0,0
exclude_source_asin,g,50,True,2412,50,0,9,0.0,50,0,7,0.0,0,0
exclude_source_asin,g,50,True,2441,50,0,9,0.0,50,0,9,0.0,0,0
exclude_source_asin,g,50,True,2443,50,0,7,0.0,50,0,7,0.0,0,0
exclude_source_asin,g,50,True,2481,50,0,13,0.0,50,0,13,0.0,0,0
exclude_source_asin,g,50,True,2505,50,0,18,0.0,50,0,18,0.0,0,0
exclude_source_asin,g,50,True,2527,50,2,9,0.2222222222222222,50,2,9,0.2222222222222222,0,0
exclude_source_asin,g,50,True,2531,50,0,39,0.0,50,0,39,0.0,0,0
exclude_source_asin,g,50,True,2569,50,0,5,0.0,50,0,4,0.0,0,0
exclude_source_asin,g,50,True,2645,50,1,9,0.1111111111111111,50,1,8,0.125,0,0
exclude_source_asin,g,50,True,2652,50,0,31,0.0,50,0,31,0.0,0,0
exclude_source_asin,g,50,True,2665,50,0,6,0.0,50,0,6,0.0,0,0
exclude_source_asin,g,50,True,2669,50,0,5,0.0,50,0,2,0.0,0,0
exclude_source_asin,g,50,True,2675,50,0,15,0.0,50,0,13,0.0,0,0
exclude_source_asin,g,50,True,2756,50,0,17,0.0,50,0,15,0.0,0,0
exclude_source_asin,g,50,True,2766,50,1,16,0.0625,50,1,15,0.06666666666666667,0,0
exclude_source_asin,g,50,True,2781,50,0,13,0.0,50,0,12,0.0,0,0
exclude_source_asin,g,50,True,2782,50,0,7,0.0,50,0,7,0.0,0,0
exclude_source_asin,g,50,True,2783,50,0,5,0.0,50,0,4,0.0,0,0
exclude_source_asin,g,50,True,2821,50,2,23,0.08695652173913043,50,2,22,0.09090909090909091,0,0
exclude_source_asin,g,50,True,2844,50,0,5,0.0,50,0,5,0.0,0,0
exclude_source_asin,g,50,True,2862,50,0,9,0.0,50,0,9,0.0,0,0
exclude_source_asin,g,50,True,2879,50,0,5,0.0,50,0,2,0.0,0,0
exclude_source_asin,g,50,True,2906,50,0,6,0.0,50,0,5,0.0,0,0
exclude_source_asin,g,50,True,2923,50,1,5,0.2,50,1,5,0.2,0,0
exclude_source_asin,g,50,True,2930,50,0,5,0.0,50,0,4,0.0,0,0
exclude_source_asin,g,50,True,2957,50,0,8,0.0,50,0,8,0.0,0,0
exclude_source_asin,g,50,True,2988,50,0,6,0.0,50,0,6,0.0,0,0
exclude_source_asin,g,50,True,2990,50,0,5,0.0,50,0,4,0.0,0,0
exclude_source_asin,g,50,True,3003,50,0,6,0.0,50,0,5,0.0,0,0
exclude_source_asin,g,50,True,3013,50,1,5,0.2,50,1,5,0.2,0,0
exclude_source_asin,g,50,True,3035,50,0,7,0.0,50,0,7,0.0,0,0
exclude_source_asin,g,50,True,3059,50,0,9,0.0,50,0,9,0.0,0,0
exclude_source_asin,g,50,True,3082,50,1,10,0.1,50,1,8,0.125,0,0
exclude_source_asin,g,50,True,3099,50,0,5,0.0,50,0,3,0.0,0,0
exclude_source_asin,g,50,True,3118,50,0,14,0.0,50,0,13,0.0,0,0
exclude_source_asin,g,50,True,3120,50,0,9,0.0,50,0,8,0.0,0,0
exclude_source_asin,g,100,True,42,100,1,13,0.07692307692307693,100,1,12,0.08333333333333333,0,0
exclude_source_asin,g,100,True,56,100,0,5,0.0,100,0,4,0.0,0,0
exclude_source_asin,g,100,True,69,100,0,6,0.0,100,0,5,0.0,0,0
exclude_source_asin,g,100,True,70,100,0,7,0.0,100,0,7,0.0,0,0
exclude_source_asin,g,100,True,85,100,1,7,0.14285714285714285,100,1,6,0.16666666666666666,0,0
exclude_source_asin,g,100,True,111,100,1,11,0.09090909090909091,100,1,11,0.09090909090909091,0,0
exclude_source_asin,g,100,True,176,100,0,5,0.0,100,0,2,0.0,0,0
exclude_source_asin,g,100,True,209,100,0,5,0.0,100,0,5,0.0,0,0
exclude_source_asin,g,100,True,210,100,0,8,0.0,100,0,6,0.0,0,0
exclude_source_asin,g,100,True,224,100,1,21,0.047619047619047616,100,1,19,0.05263157894736842,0,0
exclude_source_asin,g,100,True,230,100,1,7,0.14285714285714285,100,1,7,0.14285714285714285,0,0
exclude_source_asin,g,100,True,304,100,1,8,0.125,100,1,8,0.125,0,0
exclude_source_asin,g,100,True,326,100,0,5,0.0,100,0,4,0.0,0,0
exclude_source_asin,g,100,True,328,100,2,25,0.08,100,2,23,0.08695652173913043,0,0
exclude_source_asin,g,100,True,344,100,0,9,0.0,100,0,8,0.0,0,0
exclude_source_asin,g,100,True,370,100,0,7,0.0,100,0,7,0.0,0,0
exclude_source_asin,g,100,True,372,100,0,5,0.0,100,0,1,0.0,0,0
exclude_source_asin,g,100,True,408,100,3,18,0.16666666666666666,100,3,17,0.17647058823529413,0,0
exclude_source_asin,g,100,True,410,100,3,7,0.42857142857142855,100,3,6,0.5,0,0
exclude_source_asin,g,100,True,426,100,0,5,0.0,100,0,0,,0,0
exclude_source_asin,g,100,True,449,100,0,10,0.0,100,0,10,0.0,0,0
exclude_source_asin,g,100,True,451,100,0,8,0.0,100,0,7,0.0,0,0
exclude_source_asin,g,100,True,459,100,0,10,0.0,100,0,5,0.0,0,0
exclude_source_asin,g,100,True,538,100,2,10,0.2,100,2,8,0.25,0,0
exclude_source_asin,g,100,True,555,100,0,5,0.0,100,0,5,0.0,0,0
exclude_source_asin,g,100,True,560,100,0,9,0.0,100,0,8,0.0,0,0
exclude_source_asin,g,100,True,567,100,1,5,0.2,100,1,5,0.2,0,0
exclude_source_asin,g,100,True,581,100,2,5,0.4,100,2,5,0.4,0,0
exclude_source_asin,g,100,True,588,100,0,5,0.0,100,0,5,0.0,0,0
exclude_source_asin,g,100,True,590,100,0,11,0.0,100,0,10,0.0,0,0
exclude_source_asin,g,100,True,596,100,0,5,0.0,100,0,2,0.0,0,0
exclude_source_asin,g,100,True,599,100,0,6,0.0,100,0,3,0.0,0,0
exclude_source_asin,g,100,True,605,100,0,10,0.0,100,0,10,0.0,0,0
exclude_source_asin,g,100,True,670,100,0,6,0.0,100,0,6,0.0,0,0
exclude_source_asin,g,100,True,709,100,0,8,0.0,100,0,8,0.0,0,0
exclude_source_asin,g,100,True,743,100,1,5,0.2,100,1,4,0.25,0,0
exclude_source_asin,g,100,True,781,100,0,5,0.0,100,0,4,0.0,0,0
exclude_source_asin,g,100,True,803,100,0,8,0.0,100,0,7,0.0,0,0
exclude_source_asin,g,100,True,805,100,8,19,0.42105263157894735,100,8,16,0.5,0,0
exclude_source_asin,g,100,True,810,100,0,5,0.0,100,0,5,0.0,0,0
exclude_source_asin,g,100,True,820,100,2,19,0.10526315789473684,100,2,17,0.11764705882352941,0,0
exclude_source_asin,g,100,True,822,100,0,9,0.0,100,0,9,0.0,0,0
exclude_source_asin,g,100,True,824,100,2,9,0.2222222222222222,100,2,8,0.25,0,0
exclude_source_asin,g,100,True,833,100,1,7,0.14285714285714285,100,1,6,0.16666666666666666,0,0
exclude_source_asin,g,100,True,836,100,0,6,0.0,100,0,6,0.0,0,0
exclude_source_asin,g,100,True,912,100,2,5,0.4,100,2,3,0.6666666666666666,0,0
exclude_source_asin,g,100,True,932,100,0,7,0.0,100,0,2,0.0,0,0
exclude_source_asin,g,100,True,935,100,0,7,0.0,100,0,7,0.0,0,0
exclude_source_asin,g,100,True,940,100,1,8,0.125,100,1,8,0.125,0,0
exclude_source_asin,g,100,True,958,100,1,7,0.14285714285714285,100,1,5,0.2,0,0
exclude_source_asin,g,100,True,1077,100,0,7,0.0,100,0,7,0.0,0,0
exclude_source_asin,g,100,True,1090,100,0,15,0.0,100,0,13,0.0,0,0
exclude_source_asin,g,100,True,1098,100,1,8,0.125,100,1,8,0.125,0,0
exclude_source_asin,g,100,True,1127,100,2,6,0.3333333333333333,100,2,5,0.4,0,0
exclude_source_asin,g,100,True,1145,100,0,6,0.0,100,0,4,0.0,0,0
exclude_source_asin,g,100,True,1164,100,1,8,0.125,100,1,7,0.14285714285714285,0,0
exclude_source_asin,g,100,True,1204,100,0,37,0.0,100,0,36,0.0,0,0
exclude_source_asin,g,100,True,1263,100,0,8,0.0,100,0,7,0.0,0,0
exclude_source_asin,g,100,True,1285,100,1,5,0.2,100,1,4,0.25,0,0
exclude_source_asin,g,100,True,1313,100,1,12,0.08333333333333333,100,1,12,0.08333333333333333,0,0
exclude_source_asin,g,100,True,1323,100,0,5,0.0,100,0,3,0.0,0,0
exclude_source_asin,g,100,True,1365,100,0,26,0.0,100,0,26,0.0,0,0
exclude_source_asin,g,100,True,1376,100,0,5,0.0,100,0,4,0.0,0,0
exclude_source_asin,g,100,True,1382,100,0,10,0.0,100,0,10,0.0,0,0
exclude_source_asin,g,100,True,1397,100,0,5,0.0,100,0,1,0.0,0,0
exclude_source_asin,g,100,True,1428,100,0,6,0.0,100,0,6,0.0,0,0
exclude_source_asin,g,100,True,1440,100,0,5,0.0,100,0,5,0.0,0,0
exclude_source_asin,g,100,True,1447,100,0,6,0.0,100,0,3,0.0,0,0
exclude_source_asin,g,100,True,1467,100,0,5,0.0,100,0,4,0.0,0,0
exclude_source_asin,g,100,True,1472,100,1,9,0.1111111111111111,100,1,8,0.125,0,0
exclude_source_asin,g,100,True,1494,100,0,15,0.0,100,0,12,0.0,0,0
exclude_source_asin,g,100,True,1500,100,0,6,0.0,100,0,5,0.0,0,0
exclude_source_asin,g,100,True,1503,100,3,6,0.5,100,3,6,0.5,0,0
exclude_source_asin,g,100,True,1527,100,0,7,0.0,100,0,5,0.0,0,0
exclude_source_asin,g,100,True,1530,100,0,7,0.0,100,0,4,0.0,0,0
exclude_source_asin,g,100,True,1532,100,0,5,0.0,100,0,3,0.0,0,0
exclude_source_asin,g,100,True,1540,100,0,31,0.0,100,0,25,0.0,0,0
exclude_source_asin,g,100,True,1604,100,1,15,0.06666666666666667,100,1,15,0.06666666666666667,0,0
exclude_source_asin,g,100,True,1640,100,0,16,0.0,100,0,15,0.0,0,0
exclude_source_asin,g,100,True,1644,100,0,7,0.0,100,0,7,0.0,0,0
exclude_source_asin,g,100,True,1661,100,0,6,0.0,100,0,4,0.0,0,0
exclude_source_asin,g,100,True,1742,100,2,51,0.0392156862745098,100,2,51,0.0392156862745098,0,0
exclude_source_asin,g,100,True,1750,100,0,8,0.0,100,0,8,0.0,0,0
exclude_source_asin,g,100,True,1753,100,0,5,0.0,100,0,4,0.0,0,0
exclude_source_asin,g,100,True,1765,100,1,6,0.16666666666666666,100,1,3,0.3333333333333333,0,0
exclude_source_asin,g,100,True,1773,100,0,5,0.0,100,0,3,0.0,0,0
exclude_source_asin,g,100,True,1774,100,0,6,0.0,100,0,5,0.0,0,0
exclude_source_asin,g,100,True,1824,100,0,13,0.0,100,0,13,0.0,0,0
exclude_source_asin,g,100,True,1838,100,0,6,0.0,100,0,6,0.0,0,0
exclude_source_asin,g,100,True,1865,100,0,21,0.0,100,0,19,0.0,0,0
exclude_source_asin,g,100,True,1881,100,0,7,0.0,100,0,6,0.0,0,0
exclude_source_asin,g,100,True,1896,100,0,13,0.0,100,0,13,0.0,0,0
exclude_source_asin,g,100,True,1920,100,0,5,0.0,100,0,3,0.0,0,0
exclude_source_asin,g,100,True,1921,100,0,5,0.0,100,0,4,0.0,0,0
exclude_source_asin,g,100,True,1945,100,1,12,0.08333333333333333,100,1,12,0.08333333333333333,0,0
exclude_source_asin,g,100,True,1955,100,0,7,0.0,100,0,7,0.0,0,0
exclude_source_asin,g,100,True,1967,100,0,5,0.0,100,0,5,0.0,0,0
exclude_source_asin,g,100,True,1970,100,1,12,0.08333333333333333,100,1,12,0.08333333333333333,0,0
exclude_source_asin,g,100,True,1991,100,0,5,0.0,100,0,3,0.0,0,0
exclude_source_asin,g,100,True,2016,100,6,30,0.2,100,6,29,0.20689655172413793,0,0
exclude_source_asin,g,100,True,2031,100,1,19,0.05263157894736842,100,1,18,0.05555555555555555,0,0
exclude_source_asin,g,100,True,2040,100,0,8,0.0,100,0,8,0.0,0,0
exclude_source_asin,g,100,True,2050,100,4,16,0.25,100,4,16,0.25,0,0
exclude_source_asin,g,100,True,2069,100,0,5,0.0,100,0,5,0.0,0,0
exclude_source_asin,g,100,True,2096,100,0,6,0.0,100,0,5,0.0,0,0
exclude_source_asin,g,100,True,2104,100,0,11,0.0,100,0,11,0.0,0,0
exclude_source_asin,g,100,True,2110,100,2,13,0.15384615384615385,100,2,12,0.16666666666666666,0,0
exclude_source_asin,g,100,True,2126,100,0,15,0.0,100,0,14,0.0,0,0
exclude_source_asin,g,100,True,2134,100,0,9,0.0,100,0,7,0.0,0,0
exclude_source_asin,g,100,True,2174,100,0,12,0.0,100,0,11,0.0,0,0
exclude_source_asin,g,100,True,2181,100,0,5,0.0,100,0,4,0.0,0,0
exclude_source_asin,g,100,True,2183,100,1,11,0.09090909090909091,100,1,11,0.09090909090909091,0,0
exclude_source_asin,g,100,True,2204,100,1,17,0.058823529411764705,100,1,17,0.058823529411764705,0,0
exclude_source_asin,g,100,True,2220,100,0,7,0.0,100,0,6,0.0,0,0
exclude_source_asin,g,100,True,2247,100,0,5,0.0,100,0,1,0.0,0,0
exclude_source_asin,g,100,True,2271,100,0,6,0.0,100,0,5,0.0,0,0
exclude_source_asin,g,100,True,2287,100,0,10,0.0,100,0,10,0.0,0,0
exclude_source_asin,g,100,True,2316,100,0,8,0.0,100,0,5,0.0,0,0
exclude_source_asin,g,100,True,2336,100,4,53,0.07547169811320754,100,4,52,0.07692307692307693,0,0
exclude_source_asin,g,100,True,2354,100,0,6,0.0,100,0,5,0.0,0,0
exclude_source_asin,g,100,True,2412,100,0,9,0.0,100,0,7,0.0,0,0
exclude_source_asin,g,100,True,2441,100,0,9,0.0,100,0,9,0.0,0,0
exclude_source_asin,g,100,True,2443,100,1,7,0.14285714285714285,100,1,7,0.14285714285714285,0,0
exclude_source_asin,g,100,True,2481,100,0,13,0.0,100,0,13,0.0,0,0
exclude_source_asin,g,100,True,2505,100,1,18,0.05555555555555555,100,1,18,0.05555555555555555,0,0
exclude_source_asin,g,100,True,2527,100,2,9,0.2222222222222222,100,2,9,0.2222222222222222,0,0
exclude_source_asin,g,100,True,2531,100,1,39,0.02564102564102564,100,1,39,0.02564102564102564,0,0
exclude_source_asin,g,100,True,2569,100,0,5,0.0,100,0,4,0.0,0,0
exclude_source_asin,g,100,True,2645,100,1,9,0.1111111111111111,100,1,8,0.125,0,0
exclude_source_asin,g,100,True,2652,100,0,31,0.0,100,0,31,0.0,0,0
exclude_source_asin,g,100,True,2665,100,0,6,0.0,100,0,6,0.0,0,0
exclude_source_asin,g,100,True,2669,100,0,5,0.0,100,0,2,0.0,0,0
exclude_source_asin,g,100,True,2675,100,1,15,0.06666666666666667,100,1,13,0.07692307692307693,0,0
exclude_source_asin,g,100,True,2756,100,0,17,0.0,100,0,15,0.0,0,0
exclude_source_asin,g,100,True,2766,100,1,16,0.0625,100,1,15,0.06666666666666667,0,0
exclude_source_asin,g,100,True,2781,100,3,13,0.23076923076923078,100,3,12,0.25,0,0
exclude_source_asin,g,100,True,2782,100,0,7,0.0,100,0,7,0.0,0,0
exclude_source_asin,g,100,True,2783,100,0,5,0.0,100,0,4,0.0,0,0
exclude_source_asin,g,100,True,2821,100,2,23,0.08695652173913043,100,2,22,0.09090909090909091,0,0
exclude_source_asin,g,100,True,2844,100,0,5,0.0,100,0,5,0.0,0,0
exclude_source_asin,g,100,True,2862,100,0,9,0.0,100,0,9,0.0,0,0
exclude_source_asin,g,100,True,2879,100,0,5,0.0,100,0,2,0.0,0,0
exclude_source_asin,g,100,True,2906,100,0,6,0.0,100,0,5,0.0,0,0
exclude_source_asin,g,100,True,2923,100,1,5,0.2,100,1,5,0.2,0,0
exclude_source_asin,g,100,True,2930,100,0,5,0.0,100,0,4,0.0,0,0
exclude_source_asin,g,100,True,2957,100,0,8,0.0,100,0,8,0.0,0,0
exclude_source_asin,g,100,True,2988,100,0,6,0.0,100,0,6,0.0,0,0
exclude_source_asin,g,100,True,2990,100,0,5,0.0,100,0,4,0.0,0,0
exclude_source_asin,g,100,True,3003,100,0,6,0.0,100,0,5,0.0,0,0
exclude_source_asin,g,100,True,3013,100,2,5,0.4,100,2,5,0.4,0,0
exclude_source_asin,g,100,True,3035,100,0,7,0.0,100,0,7,0.0,0,0
exclude_source_asin,g,100,True,3059,100,0,9,0.0,100,0,9,0.0,0,0
exclude_source_asin,g,100,True,3082,100,1,10,0.1,100,1,8,0.125,0,0
exclude_source_asin,g,100,True,3099,100,0,5,0.0,100,0,3,0.0,0,0
exclude_source_asin,g,100,True,3118,100,0,14,0.0,100,0,13,0.0,0,0
exclude_source_asin,g,100,True,3120,100,0,9,0.0,100,0,8,0.0,0,0
exclude_source_asin,g,200,True,42,200,3,13,0.23076923076923078,200,3,12,0.25,0,0
exclude_source_asin,g,200,True,56,200,0,5,0.0,200,0,4,0.0,0,0
exclude_source_asin,g,200,True,69,200,0,6,0.0,200,0,5,0.0,0,0
exclude_source_asin,g,200,True,70,200,0,7,0.0,200,0,7,0.0,0,0
exclude_source_asin,g,200,True,85,200,2,7,0.2857142857142857,200,2,6,0.3333333333333333,0,0
exclude_source_asin,g,200,True,111,200,1,11,0.09090909090909091,200,1,11,0.09090909090909091,0,0
exclude_source_asin,g,200,True,176,200,0,5,0.0,200,0,2,0.0,0,0
exclude_source_asin,g,200,True,209,200,1,5,0.2,200,1,5,0.2,0,0
exclude_source_asin,g,200,True,210,200,0,8,0.0,200,0,6,0.0,0,0
exclude_source_asin,g,200,True,224,200,2,21,0.09523809523809523,200,2,19,0.10526315789473684,0,0
exclude_source_asin,g,200,True,230,200,1,7,0.14285714285714285,200,1,7,0.14285714285714285,0,0
exclude_source_asin,g,200,True,304,200,1,8,0.125,200,1,8,0.125,0,0
exclude_source_asin,g,200,True,326,200,0,5,0.0,200,0,4,0.0,0,0
exclude_source_asin,g,200,True,328,200,4,25,0.16,200,4,23,0.17391304347826086,0,0
exclude_source_asin,g,200,True,344,200,1,9,0.1111111111111111,200,1,8,0.125,0,0
exclude_source_asin,g,200,True,370,200,0,7,0.0,200,0,7,0.0,0,0
exclude_source_asin,g,200,True,372,200,0,5,0.0,200,0,1,0.0,0,0
exclude_source_asin,g,200,True,408,200,3,18,0.16666666666666666,200,3,17,0.17647058823529413,0,0
exclude_source_asin,g,200,True,410,200,4,7,0.5714285714285714,200,4,6,0.6666666666666666,0,0
exclude_source_asin,g,200,True,426,200,0,5,0.0,200,0,0,,0,0
exclude_source_asin,g,200,True,449,200,1,10,0.1,200,1,10,0.1,0,0
exclude_source_asin,g,200,True,451,200,0,8,0.0,200,0,7,0.0,0,0
exclude_source_asin,g,200,True,459,200,0,10,0.0,200,0,5,0.0,0,0
exclude_source_asin,g,200,True,538,200,2,10,0.2,200,2,8,0.25,0,0
exclude_source_asin,g,200,True,555,200,0,5,0.0,200,0,5,0.0,0,0
exclude_source_asin,g,200,True,560,200,0,9,0.0,200,0,8,0.0,0,0
exclude_source_asin,g,200,True,567,200,2,5,0.4,200,2,5,0.4,0,0
exclude_source_asin,g,200,True,581,200,2,5,0.4,200,2,5,0.4,0,0
exclude_source_asin,g,200,True,588,200,0,5,0.0,200,0,5,0.0,0,0
exclude_source_asin,g,200,True,590,200,0,11,0.0,200,0,10,0.0,0,0
exclude_source_asin,g,200,True,596,200,0,5,0.0,200,0,2,0.0,0,0
exclude_source_asin,g,200,True,599,200,0,6,0.0,200,0,3,0.0,0,0
exclude_source_asin,g,200,True,605,200,0,10,0.0,200,0,10,0.0,0,0
exclude_source_asin,g,200,True,670,200,0,6,0.0,200,0,6,0.0,0,0
exclude_source_asin,g,200,True,709,200,0,8,0.0,200,0,8,0.0,0,0
exclude_source_asin,g,200,True,743,200,2,5,0.4,200,2,4,0.5,0,0
exclude_source_asin,g,200,True,781,200,0,5,0.0,200,0,4,0.0,0,0
exclude_source_asin,g,200,True,803,200,0,8,0.0,200,0,7,0.0,0,0
exclude_source_asin,g,200,True,805,200,11,19,0.5789473684210527,200,11,16,0.6875,0,0
exclude_source_asin,g,200,True,810,200,0,5,0.0,200,0,5,0.0,0,0
exclude_source_asin,g,200,True,820,200,2,19,0.10526315789473684,200,2,17,0.11764705882352941,0,0
exclude_source_asin,g,200,True,822,200,0,9,0.0,200,0,9,0.0,0,0
exclude_source_asin,g,200,True,824,200,2,9,0.2222222222222222,200,2,8,0.25,0,0
exclude_source_asin,g,200,True,833,200,1,7,0.14285714285714285,200,1,6,0.16666666666666666,0,0
exclude_source_asin,g,200,True,836,200,0,6,0.0,200,0,6,0.0,0,0
exclude_source_asin,g,200,True,912,200,2,5,0.4,200,2,3,0.6666666666666666,0,0
exclude_source_asin,g,200,True,932,200,1,7,0.14285714285714285,200,1,2,0.5,0,0
exclude_source_asin,g,200,True,935,200,1,7,0.14285714285714285,200,1,7,0.14285714285714285,0,0
exclude_source_asin,g,200,True,940,200,1,8,0.125,200,1,8,0.125,0,0
exclude_source_asin,g,200,True,958,200,1,7,0.14285714285714285,200,1,5,0.2,0,0
exclude_source_asin,g,200,True,1077,200,1,7,0.14285714285714285,200,1,7,0.14285714285714285,0,0
exclude_source_asin,g,200,True,1090,200,2,15,0.13333333333333333,200,2,13,0.15384615384615385,0,0
exclude_source_asin,g,200,True,1098,200,1,8,0.125,200,1,8,0.125,0,0
exclude_source_asin,g,200,True,1127,200,4,6,0.6666666666666666,200,4,5,0.8,0,0
exclude_source_asin,g,200,True,1145,200,0,6,0.0,200,0,4,0.0,0,0
exclude_source_asin,g,200,True,1164,200,1,8,0.125,200,1,7,0.14285714285714285,0,0
exclude_source_asin,g,200,True,1204,200,0,37,0.0,200,0,36,0.0,0,0
exclude_source_asin,g,200,True,1263,200,0,8,0.0,200,0,7,0.0,0,0
exclude_source_asin,g,200,True,1285,200,3,5,0.6,200,3,4,0.75,0,0
exclude_source_asin,g,200,True,1313,200,2,12,0.16666666666666666,200,2,12,0.16666666666666666,0,0
exclude_source_asin,g,200,True,1323,200,0,5,0.0,200,0,3,0.0,0,0
exclude_source_asin,g,200,True,1365,200,0,26,0.0,200,0,26,0.0,0,0
exclude_source_asin,g,200,True,1376,200,1,5,0.2,200,1,4,0.25,0,0
exclude_source_asin,g,200,True,1382,200,0,10,0.0,200,0,10,0.0,0,0
exclude_source_asin,g,200,True,1397,200,0,5,0.0,200,0,1,0.0,0,0
exclude_source_asin,g,200,True,1428,200,0,6,0.0,200,0,6,0.0,0,0
exclude_source_asin,g,200,True,1440,200,0,5,0.0,200,0,5,0.0,0,0
exclude_source_asin,g,200,True,1447,200,0,6,0.0,200,0,3,0.0,0,0
exclude_source_asin,g,200,True,1467,200,0,5,0.0,200,0,4,0.0,0,0
exclude_source_asin,g,200,True,1472,200,3,9,0.3333333333333333,200,3,8,0.375,0,0
exclude_source_asin,g,200,True,1494,200,0,15,0.0,200,0,12,0.0,0,0
exclude_source_asin,g,200,True,1500,200,0,6,0.0,200,0,5,0.0,0,0
exclude_source_asin,g,200,True,1503,200,3,6,0.5,200,3,6,0.5,0,0
exclude_source_asin,g,200,True,1527,200,0,7,0.0,200,0,5,0.0,0,0
exclude_source_asin,g,200,True,1530,200,0,7,0.0,200,0,4,0.0,0,0
exclude_source_asin,g,200,True,1532,200,0,5,0.0,200,0,3,0.0,0,0
exclude_source_asin,g,200,True,1540,200,0,31,0.0,200,0,25,0.0,0,0
exclude_source_asin,g,200,True,1604,200,1,15,0.06666666666666667,200,1,15,0.06666666666666667,0,0
exclude_source_asin,g,200,True,1640,200,0,16,0.0,200,0,15,0.0,0,0
exclude_source_asin,g,200,True,1644,200,0,7,0.0,200,0,7,0.0,0,0
exclude_source_asin,g,200,True,1661,200,0,6,0.0,200,0,4,0.0,0,0
exclude_source_asin,g,200,True,1742,200,4,51,0.0784313725490196,200,4,51,0.0784313725490196,0,0
exclude_source_asin,g,200,True,1750,200,1,8,0.125,200,1,8,0.125,0,0
exclude_source_asin,g,200,True,1753,200,0,5,0.0,200,0,4,0.0,0,0
exclude_source_asin,g,200,True,1765,200,1,6,0.16666666666666666,200,1,3,0.3333333333333333,0,0
exclude_source_asin,g,200,True,1773,200,0,5,0.0,200,0,3,0.0,0,0
exclude_source_asin,g,200,True,1774,200,0,6,0.0,200,0,5,0.0,0,0
exclude_source_asin,g,200,True,1824,200,1,13,0.07692307692307693,200,1,13,0.07692307692307693,0,0
exclude_source_asin,g,200,True,1838,200,0,6,0.0,200,0,6,0.0,0,0
exclude_source_asin,g,200,True,1865,200,2,21,0.09523809523809523,200,2,19,0.10526315789473684,0,0
exclude_source_asin,g,200,True,1881,200,0,7,0.0,200,0,6,0.0,0,0
exclude_source_asin,g,200,True,1896,200,0,13,0.0,200,0,13,0.0,0,0
exclude_source_asin,g,200,True,1920,200,0,5,0.0,200,0,3,0.0,0,0
exclude_source_asin,g,200,True,1921,200,0,5,0.0,200,0,4,0.0,0,0
exclude_source_asin,g,200,True,1945,200,1,12,0.08333333333333333,200,1,12,0.08333333333333333,0,0
exclude_source_asin,g,200,True,1955,200,0,7,0.0,200,0,7,0.0,0,0
exclude_source_asin,g,200,True,1967,200,0,5,0.0,200,0,5,0.0,0,0
exclude_source_asin,g,200,True,1970,200,1,12,0.08333333333333333,200,1,12,0.08333333333333333,0,0
exclude_source_asin,g,200,True,1991,200,0,5,0.0,200,0,3,0.0,0,0
exclude_source_asin,g,200,True,2016,200,9,30,0.3,200,9,29,0.3103448275862069,0,0
exclude_source_asin,g,200,True,2031,200,1,19,0.05263157894736842,200,1,18,0.05555555555555555,0,0
exclude_source_asin,g,200,True,2040,200,1,8,0.125,200,1,8,0.125,0,0
exclude_source_asin,g,200,True,2050,200,4,16,0.25,200,4,16,0.25,0,0
exclude_source_asin,g,200,True,2069,200,0,5,0.0,200,0,5,0.0,0,0
exclude_source_asin,g,200,True,2096,200,1,6,0.16666666666666666,200,1,5,0.2,0,0
exclude_source_asin,g,200,True,2104,200,0,11,0.0,200,0,11,0.0,0,0
exclude_source_asin,g,200,True,2110,200,2,13,0.15384615384615385,200,2,12,0.16666666666666666,0,0
exclude_source_asin,g,200,True,2126,200,1,15,0.06666666666666667,200,1,14,0.07142857142857142,0,0
exclude_source_asin,g,200,True,2134,200,1,9,0.1111111111111111,200,1,7,0.14285714285714285,0,0
exclude_source_asin,g,200,True,2174,200,0,12,0.0,200,0,11,0.0,0,0
exclude_source_asin,g,200,True,2181,200,0,5,0.0,200,0,4,0.0,0,0
exclude_source_asin,g,200,True,2183,200,1,11,0.09090909090909091,200,1,11,0.09090909090909091,0,0
exclude_source_asin,g,200,True,2204,200,1,17,0.058823529411764705,200,1,17,0.058823529411764705,0,0
exclude_source_asin,g,200,True,2220,200,0,7,0.0,200,0,6,0.0,0,0
exclude_source_asin,g,200,True,2247,200,0,5,0.0,200,0,1,0.0,0,0
exclude_source_asin,g,200,True,2271,200,0,6,0.0,200,0,5,0.0,0,0
exclude_source_asin,g,200,True,2287,200,0,10,0.0,200,0,10,0.0,0,0
exclude_source_asin,g,200,True,2316,200,0,8,0.0,200,0,5,0.0,0,0
exclude_source_asin,g,200,True,2336,200,5,53,0.09433962264150944,200,5,52,0.09615384615384616,0,0
exclude_source_asin,g,200,True,2354,200,0,6,0.0,200,0,5,0.0,0,0
exclude_source_asin,g,200,True,2412,200,1,9,0.1111111111111111,200,1,7,0.14285714285714285,0,0
exclude_source_asin,g,200,True,2441,200,1,9,0.1111111111111111,200,1,9,0.1111111111111111,0,0
exclude_source_asin,g,200,True,2443,200,2,7,0.2857142857142857,200,2,7,0.2857142857142857,0,0
exclude_source_asin,g,200,True,2481,200,0,13,0.0,200,0,13,0.0,0,0
exclude_source_asin,g,200,True,2505,200,3,18,0.16666666666666666,200,3,18,0.16666666666666666,0,0
exclude_source_asin,g,200,True,2527,200,4,9,0.4444444444444444,200,4,9,0.4444444444444444,0,0
exclude_source_asin,g,200,True,2531,200,3,39,0.07692307692307693,200,3,39,0.07692307692307693,0,0
exclude_source_asin,g,200,True,2569,200,0,5,0.0,200,0,4,0.0,0,0
exclude_source_asin,g,200,True,2645,200,2,9,0.2222222222222222,200,2,8,0.25,0,0
exclude_source_asin,g,200,True,2652,200,0,31,0.0,200,0,31,0.0,0,0
exclude_source_asin,g,200,True,2665,200,0,6,0.0,200,0,6,0.0,0,0
exclude_source_asin,g,200,True,2669,200,0,5,0.0,200,0,2,0.0,0,0
exclude_source_asin,g,200,True,2675,200,1,15,0.06666666666666667,200,1,13,0.07692307692307693,0,0
exclude_source_asin,g,200,True,2756,200,0,17,0.0,200,0,15,0.0,0,0
exclude_source_asin,g,200,True,2766,200,1,16,0.0625,200,1,15,0.06666666666666667,0,0
exclude_source_asin,g,200,True,2781,200,4,13,0.3076923076923077,200,4,12,0.3333333333333333,0,0
exclude_source_asin,g,200,True,2782,200,0,7,0.0,200,0,7,0.0,0,0
exclude_source_asin,g,200,True,2783,200,1,5,0.2,200,1,4,0.25,0,0
exclude_source_asin,g,200,True,2821,200,3,23,0.13043478260869565,200,3,22,0.13636363636363635,0,0
exclude_source_asin,g,200,True,2844,200,0,5,0.0,200,0,5,0.0,0,0
exclude_source_asin,g,200,True,2862,200,0,9,0.0,200,0,9,0.0,0,0
exclude_source_asin,g,200,True,2879,200,0,5,0.0,200,0,2,0.0,0,0
exclude_source_asin,g,200,True,2906,200,0,6,0.0,200,0,5,0.0,0,0
exclude_source_asin,g,200,True,2923,200,1,5,0.2,200,1,5,0.2,0,0
exclude_source_asin,g,200,True,2930,200,0,5,0.0,200,0,4,0.0,0,0
exclude_source_asin,g,200,True,2957,200,0,8,0.0,200,0,8,0.0,0,0
exclude_source_asin,g,200,True,2988,200,0,6,0.0,200,0,6,0.0,0,0
exclude_source_asin,g,200,True,2990,200,0,5,0.0,200,0,4,0.0,0,0
exclude_source_asin,g,200,True,3003,200,0,6,0.0,200,0,5,0.0,0,0
exclude_source_asin,g,200,True,3013,200,2,5,0.4,200,2,5,0.4,0,0
exclude_source_asin,g,200,True,3035,200,0,7,0.0,200,0,7,0.0,0,0
exclude_source_asin,g,200,True,3059,200,2,9,0.2222222222222222,200,2,9,0.2222222222222222,0,0
exclude_source_asin,g,200,True,3082,200,1,10,0.1,200,1,8,0.125,0,0
exclude_source_asin,g,200,True,3099,200,0,5,0.0,200,0,3,0.0,0,0
exclude_source_asin,g,200,True,3118,200,0,14,0.0,200,0,13,0.0,0,0
exclude_source_asin,g,200,True,3120,200,0,9,0.0,200,0,8,0.0,0,0
exclude_source_asin,rrf,10,True,42,10,0,13,0.0,10,0,12,0.0,0,0
exclude_source_asin,rrf,10,True,56,10,0,5,0.0,10,0,4,0.0,0,0
exclude_source_asin,rrf,10,True,69,10,0,6,0.0,10,0,5,0.0,0,0
exclude_source_asin,rrf,10,True,70,10,0,7,0.0,10,0,7,0.0,0,0
exclude_source_asin,rrf,10,True,85,10,0,7,0.0,10,0,6,0.0,0,0
exclude_source_asin,rrf,10,True,111,10,0,11,0.0,10,0,11,0.0,0,0
exclude_source_asin,rrf,10,True,176,10,0,5,0.0,10,0,2,0.0,0,0
exclude_source_asin,rrf,10,True,209,10,0,5,0.0,10,0,5,0.0,0,0
exclude_source_asin,rrf,10,True,210,10,0,8,0.0,10,0,6,0.0,0,0
exclude_source_asin,rrf,10,True,224,10,0,21,0.0,10,0,19,0.0,0,0
exclude_source_asin,rrf,10,True,230,10,1,7,0.14285714285714285,10,1,7,0.14285714285714285,0,0
exclude_source_asin,rrf,10,True,304,10,0,8,0.0,10,0,8,0.0,0,0
exclude_source_asin,rrf,10,True,326,10,0,5,0.0,10,0,4,0.0,0,0
exclude_source_asin,rrf,10,True,328,10,0,25,0.0,10,0,23,0.0,0,0
exclude_source_asin,rrf,10,True,344,10,0,9,0.0,10,0,8,0.0,0,0
exclude_source_asin,rrf,10,True,370,10,0,7,0.0,10,0,7,0.0,0,0
exclude_source_asin,rrf,10,True,372,10,0,5,0.0,10,0,1,0.0,0,0
exclude_source_asin,rrf,10,True,408,10,0,18,0.0,10,0,17,0.0,0,0
exclude_source_asin,rrf,10,True,410,10,0,7,0.0,10,0,6,0.0,0,0
exclude_source_asin,rrf,10,True,426,10,0,5,0.0,10,0,0,,0,0
exclude_source_asin,rrf,10,True,449,10,0,10,0.0,10,0,10,0.0,0,0
exclude_source_asin,rrf,10,True,451,10,0,8,0.0,10,0,7,0.0,0,0
exclude_source_asin,rrf,10,True,459,10,0,10,0.0,10,0,5,0.0,0,0
exclude_source_asin,rrf,10,True,538,10,0,10,0.0,10,0,8,0.0,0,0
exclude_source_asin,rrf,10,True,555,10,0,5,0.0,10,0,5,0.0,0,0
exclude_source_asin,rrf,10,True,560,10,0,9,0.0,10,0,8,0.0,0,0
exclude_source_asin,rrf,10,True,567,10,0,5,0.0,10,0,5,0.0,0,0
exclude_source_asin,rrf,10,True,581,10,0,5,0.0,10,0,5,0.0,0,0
exclude_source_asin,rrf,10,True,588,10,0,5,0.0,10,0,5,0.0,0,0
exclude_source_asin,rrf,10,True,590,10,0,11,0.0,10,0,10,0.0,0,0
exclude_source_asin,rrf,10,True,596,10,0,5,0.0,10,0,2,0.0,0,0
exclude_source_asin,rrf,10,True,599,10,0,6,0.0,10,0,3,0.0,0,0
exclude_source_asin,rrf,10,True,605,10,0,10,0.0,10,0,10,0.0,0,0
exclude_source_asin,rrf,10,True,670,10,0,6,0.0,10,0,6,0.0,0,0
exclude_source_asin,rrf,10,True,709,10,0,8,0.0,10,0,8,0.0,0,0
exclude_source_asin,rrf,10,True,743,10,0,5,0.0,10,0,4,0.0,0,0
exclude_source_asin,rrf,10,True,781,10,0,5,0.0,10,0,4,0.0,0,0
exclude_source_asin,rrf,10,True,803,10,0,8,0.0,10,0,7,0.0,0,0
exclude_source_asin,rrf,10,True,805,10,2,19,0.10526315789473684,10,2,16,0.125,0,0
exclude_source_asin,rrf,10,True,810,10,0,5,0.0,10,0,5,0.0,0,0
exclude_source_asin,rrf,10,True,820,10,1,19,0.05263157894736842,10,1,17,0.058823529411764705,0,0
exclude_source_asin,rrf,10,True,822,10,0,9,0.0,10,0,9,0.0,0,0
exclude_source_asin,rrf,10,True,824,10,0,9,0.0,10,0,8,0.0,0,0
exclude_source_asin,rrf,10,True,833,10,0,7,0.0,10,0,6,0.0,0,0
exclude_source_asin,rrf,10,True,836,10,0,6,0.0,10,0,6,0.0,0,0
exclude_source_asin,rrf,10,True,912,10,1,5,0.2,10,1,3,0.3333333333333333,0,0
exclude_source_asin,rrf,10,True,932,10,0,7,0.0,10,0,2,0.0,0,0
exclude_source_asin,rrf,10,True,935,10,0,7,0.0,10,0,7,0.0,0,0
exclude_source_asin,rrf,10,True,940,10,0,8,0.0,10,0,8,0.0,0,0
exclude_source_asin,rrf,10,True,958,10,0,7,0.0,10,0,5,0.0,0,0
exclude_source_asin,rrf,10,True,1077,10,0,7,0.0,10,0,7,0.0,0,0
exclude_source_asin,rrf,10,True,1090,10,0,15,0.0,10,0,13,0.0,0,0
exclude_source_asin,rrf,10,True,1098,10,0,8,0.0,10,0,8,0.0,0,0
exclude_source_asin,rrf,10,True,1127,10,1,6,0.16666666666666666,10,1,5,0.2,0,0
exclude_source_asin,rrf,10,True,1145,10,0,6,0.0,10,0,4,0.0,0,0
exclude_source_asin,rrf,10,True,1164,10,0,8,0.0,10,0,7,0.0,0,0
exclude_source_asin,rrf,10,True,1204,10,0,37,0.0,10,0,36,0.0,0,0
exclude_source_asin,rrf,10,True,1263,10,0,8,0.0,10,0,7,0.0,0,0
exclude_source_asin,rrf,10,True,1285,10,0,5,0.0,10,0,4,0.0,0,0
exclude_source_asin,rrf,10,True,1313,10,0,12,0.0,10,0,12,0.0,0,0
exclude_source_asin,rrf,10,True,1323,10,0,5,0.0,10,0,3,0.0,0,0
exclude_source_asin,rrf,10,True,1365,10,0,26,0.0,10,0,26,0.0,0,0
exclude_source_asin,rrf,10,True,1376,10,0,5,0.0,10,0,4,0.0,0,0
exclude_source_asin,rrf,10,True,1382,10,0,10,0.0,10,0,10,0.0,0,0
exclude_source_asin,rrf,10,True,1397,10,0,5,0.0,10,0,1,0.0,0,0
exclude_source_asin,rrf,10,True,1428,10,0,6,0.0,10,0,6,0.0,0,0
exclude_source_asin,rrf,10,True,1440,10,0,5,0.0,10,0,5,0.0,0,0
exclude_source_asin,rrf,10,True,1447,10,0,6,0.0,10,0,3,0.0,0,0
exclude_source_asin,rrf,10,True,1467,10,0,5,0.0,10,0,4,0.0,0,0
exclude_source_asin,rrf,10,True,1472,10,1,9,0.1111111111111111,10,1,8,0.125,0,0
exclude_source_asin,rrf,10,True,1494,10,0,15,0.0,10,0,12,0.0,0,0
exclude_source_asin,rrf,10,True,1500,10,0,6,0.0,10,0,5,0.0,0,0
exclude_source_asin,rrf,10,True,1503,10,0,6,0.0,10,0,6,0.0,0,0
exclude_source_asin,rrf,10,True,1527,10,0,7,0.0,10,0,5,0.0,0,0
exclude_source_asin,rrf,10,True,1530,10,0,7,0.0,10,0,4,0.0,0,0
exclude_source_asin,rrf,10,True,1532,10,0,5,0.0,10,0,3,0.0,0,0
exclude_source_asin,rrf,10,True,1540,10,0,31,0.0,10,0,25,0.0,0,0
exclude_source_asin,rrf,10,True,1604,10,0,15,0.0,10,0,15,0.0,0,0
exclude_source_asin,rrf,10,True,1640,10,0,16,0.0,10,0,15,0.0,0,0
exclude_source_asin,rrf,10,True,1644,10,0,7,0.0,10,0,7,0.0,0,0
exclude_source_asin,rrf,10,True,1661,10,0,6,0.0,10,0,4,0.0,0,0
exclude_source_asin,rrf,10,True,1742,10,0,51,0.0,10,0,51,0.0,0,0
exclude_source_asin,rrf,10,True,1750,10,0,8,0.0,10,0,8,0.0,0,0
exclude_source_asin,rrf,10,True,1753,10,0,5,0.0,10,0,4,0.0,0,0
exclude_source_asin,rrf,10,True,1765,10,0,6,0.0,10,0,3,0.0,0,0
exclude_source_asin,rrf,10,True,1773,10,0,5,0.0,10,0,3,0.0,0,0
exclude_source_asin,rrf,10,True,1774,10,0,6,0.0,10,0,5,0.0,0,0
exclude_source_asin,rrf,10,True,1824,10,0,13,0.0,10,0,13,0.0,0,0
exclude_source_asin,rrf,10,True,1838,10,0,6,0.0,10,0,6,0.0,0,0
exclude_source_asin,rrf,10,True,1865,10,0,21,0.0,10,0,19,0.0,0,0
exclude_source_asin,rrf,10,True,1881,10,0,7,0.0,10,0,6,0.0,0,0
exclude_source_asin,rrf,10,True,1896,10,0,13,0.0,10,0,13,0.0,0,0
exclude_source_asin,rrf,10,True,1920,10,0,5,0.0,10,0,3,0.0,0,0
exclude_source_asin,rrf,10,True,1921,10,0,5,0.0,10,0,4,0.0,0,0
exclude_source_asin,rrf,10,True,1945,10,1,12,0.08333333333333333,10,1,12,0.08333333333333333,0,0
exclude_source_asin,rrf,10,True,1955,10,0,7,0.0,10,0,7,0.0,0,0
exclude_source_asin,rrf,10,True,1967,10,0,5,0.0,10,0,5,0.0,0,0
exclude_source_asin,rrf,10,True,1970,10,0,12,0.0,10,0,12,0.0,0,0
exclude_source_asin,rrf,10,True,1991,10,0,5,0.0,10,0,3,0.0,0,0
exclude_source_asin,rrf,10,True,2016,10,0,30,0.0,10,0,29,0.0,0,0
exclude_source_asin,rrf,10,True,2031,10,0,19,0.0,10,0,18,0.0,0,0
exclude_source_asin,rrf,10,True,2040,10,0,8,0.0,10,0,8,0.0,0,0
exclude_source_asin,rrf,10,True,2050,10,1,16,0.0625,10,1,16,0.0625,0,0
exclude_source_asin,rrf,10,True,2069,10,0,5,0.0,10,0,5,0.0,0,0
exclude_source_asin,rrf,10,True,2096,10,0,6,0.0,10,0,5,0.0,0,0
exclude_source_asin,rrf,10,True,2104,10,0,11,0.0,10,0,11,0.0,0,0
exclude_source_asin,rrf,10,True,2110,10,0,13,0.0,10,0,12,0.0,0,0
exclude_source_asin,rrf,10,True,2126,10,0,15,0.0,10,0,14,0.0,0,0
exclude_source_asin,rrf,10,True,2134,10,0,9,0.0,10,0,7,0.0,0,0
exclude_source_asin,rrf,10,True,2174,10,0,12,0.0,10,0,11,0.0,0,0
exclude_source_asin,rrf,10,True,2181,10,0,5,0.0,10,0,4,0.0,0,0
exclude_source_asin,rrf,10,True,2183,10,0,11,0.0,10,0,11,0.0,0,0
exclude_source_asin,rrf,10,True,2204,10,0,17,0.0,10,0,17,0.0,0,0
exclude_source_asin,rrf,10,True,2220,10,0,7,0.0,10,0,6,0.0,0,0
exclude_source_asin,rrf,10,True,2247,10,0,5,0.0,10,0,1,0.0,0,0
exclude_source_asin,rrf,10,True,2271,10,0,6,0.0,10,0,5,0.0,0,0
exclude_source_asin,rrf,10,True,2287,10,0,10,0.0,10,0,10,0.0,0,0
exclude_source_asin,rrf,10,True,2316,10,0,8,0.0,10,0,5,0.0,0,0
exclude_source_asin,rrf,10,True,2336,10,0,53,0.0,10,0,52,0.0,0,0
exclude_source_asin,rrf,10,True,2354,10,0,6,0.0,10,0,5,0.0,0,0
exclude_source_asin,rrf,10,True,2412,10,0,9,0.0,10,0,7,0.0,0,0
exclude_source_asin,rrf,10,True,2441,10,0,9,0.0,10,0,9,0.0,0,0
exclude_source_asin,rrf,10,True,2443,10,0,7,0.0,10,0,7,0.0,0,0
exclude_source_asin,rrf,10,True,2481,10,0,13,0.0,10,0,13,0.0,0,0
exclude_source_asin,rrf,10,True,2505,10,0,18,0.0,10,0,18,0.0,0,0
exclude_source_asin,rrf,10,True,2527,10,1,9,0.1111111111111111,10,1,9,0.1111111111111111,0,0
exclude_source_asin,rrf,10,True,2531,10,0,39,0.0,10,0,39,0.0,0,0
exclude_source_asin,rrf,10,True,2569,10,0,5,0.0,10,0,4,0.0,0,0
exclude_source_asin,rrf,10,True,2645,10,0,9,0.0,10,0,8,0.0,0,0
exclude_source_asin,rrf,10,True,2652,10,0,31,0.0,10,0,31,0.0,0,0
exclude_source_asin,rrf,10,True,2665,10,0,6,0.0,10,0,6,0.0,0,0
exclude_source_asin,rrf,10,True,2669,10,0,5,0.0,10,0,2,0.0,0,0
exclude_source_asin,rrf,10,True,2675,10,0,15,0.0,10,0,13,0.0,0,0
exclude_source_asin,rrf,10,True,2756,10,0,17,0.0,10,0,15,0.0,0,0
exclude_source_asin,rrf,10,True,2766,10,1,16,0.0625,10,1,15,0.06666666666666667,0,0
exclude_source_asin,rrf,10,True,2781,10,0,13,0.0,10,0,12,0.0,0,0
exclude_source_asin,rrf,10,True,2782,10,0,7,0.0,10,0,7,0.0,0,0
exclude_source_asin,rrf,10,True,2783,10,0,5,0.0,10,0,4,0.0,0,0
exclude_source_asin,rrf,10,True,2821,10,0,23,0.0,10,0,22,0.0,0,0
exclude_source_asin,rrf,10,True,2844,10,0,5,0.0,10,0,5,0.0,0,0
exclude_source_asin,rrf,10,True,2862,10,0,9,0.0,10,0,9,0.0,0,0
exclude_source_asin,rrf,10,True,2879,10,0,5,0.0,10,0,2,0.0,0,0
exclude_source_asin,rrf,10,True,2906,10,0,6,0.0,10,0,5,0.0,0,0
exclude_source_asin,rrf,10,True,2923,10,0,5,0.0,10,0,5,0.0,0,0
exclude_source_asin,rrf,10,True,2930,10,0,5,0.0,10,0,4,0.0,0,0
exclude_source_asin,rrf,10,True,2957,10,0,8,0.0,10,0,8,0.0,0,0
exclude_source_asin,rrf,10,True,2988,10,0,6,0.0,10,0,6,0.0,0,0
exclude_source_asin,rrf,10,True,2990,10,0,5,0.0,10,0,4,0.0,0,0
exclude_source_asin,rrf,10,True,3003,10,0,6,0.0,10,0,5,0.0,0,0
exclude_source_asin,rrf,10,True,3013,10,1,5,0.2,10,1,5,0.2,0,0
exclude_source_asin,rrf,10,True,3035,10,0,7,0.0,10,0,7,0.0,0,0
exclude_source_asin,rrf,10,True,3059,10,0,9,0.0,10,0,9,0.0,0,0
exclude_source_asin,rrf,10,True,3082,10,0,10,0.0,10,0,8,0.0,0,0
exclude_source_asin,rrf,10,True,3099,10,0,5,0.0,10,0,3,0.0,0,0
exclude_source_asin,rrf,10,True,3118,10,0,14,0.0,10,0,13,0.0,0,0
exclude_source_asin,rrf,10,True,3120,10,0,9,0.0,10,0,8,0.0,0,0
exclude_source_asin,rrf,50,True,42,50,1,13,0.07692307692307693,50,1,12,0.08333333333333333,0,0
exclude_source_asin,rrf,50,True,56,50,0,5,0.0,50,0,4,0.0,0,0
exclude_source_asin,rrf,50,True,69,50,0,6,0.0,50,0,5,0.0,0,0
exclude_source_asin,rrf,50,True,70,50,0,7,0.0,50,0,7,0.0,0,0
exclude_source_asin,rrf,50,True,85,50,0,7,0.0,50,0,6,0.0,0,0
exclude_source_asin,rrf,50,True,111,50,0,11,0.0,50,0,11,0.0,0,0
exclude_source_asin,rrf,50,True,176,50,0,5,0.0,50,0,2,0.0,0,0
exclude_source_asin,rrf,50,True,209,50,0,5,0.0,50,0,5,0.0,0,0
exclude_source_asin,rrf,50,True,210,50,0,8,0.0,50,0,6,0.0,0,0
exclude_source_asin,rrf,50,True,224,50,1,21,0.047619047619047616,50,1,19,0.05263157894736842,0,0
exclude_source_asin,rrf,50,True,230,50,1,7,0.14285714285714285,50,1,7,0.14285714285714285,0,0
exclude_source_asin,rrf,50,True,304,50,0,8,0.0,50,0,8,0.0,0,0
exclude_source_asin,rrf,50,True,326,50,0,5,0.0,50,0,4,0.0,0,0
exclude_source_asin,rrf,50,True,328,50,1,25,0.04,50,1,23,0.043478260869565216,0,0
exclude_source_asin,rrf,50,True,344,50,0,9,0.0,50,0,8,0.0,0,0
exclude_source_asin,rrf,50,True,370,50,0,7,0.0,50,0,7,0.0,0,0
exclude_source_asin,rrf,50,True,372,50,0,5,0.0,50,0,1,0.0,0,0
exclude_source_asin,rrf,50,True,408,50,2,18,0.1111111111111111,50,2,17,0.11764705882352941,0,0
exclude_source_asin,rrf,50,True,410,50,1,7,0.14285714285714285,50,1,6,0.16666666666666666,0,0
exclude_source_asin,rrf,50,True,426,50,0,5,0.0,50,0,0,,0,0
exclude_source_asin,rrf,50,True,449,50,0,10,0.0,50,0,10,0.0,0,0
exclude_source_asin,rrf,50,True,451,50,0,8,0.0,50,0,7,0.0,0,0
exclude_source_asin,rrf,50,True,459,50,0,10,0.0,50,0,5,0.0,0,0
exclude_source_asin,rrf,50,True,538,50,1,10,0.1,50,1,8,0.125,0,0
exclude_source_asin,rrf,50,True,555,50,0,5,0.0,50,0,5,0.0,0,0
exclude_source_asin,rrf,50,True,560,50,0,9,0.0,50,0,8,0.0,0,0
exclude_source_asin,rrf,50,True,567,50,0,5,0.0,50,0,5,0.0,0,0
exclude_source_asin,rrf,50,True,581,50,0,5,0.0,50,0,5,0.0,0,0
exclude_source_asin,rrf,50,True,588,50,0,5,0.0,50,0,5,0.0,0,0
exclude_source_asin,rrf,50,True,590,50,0,11,0.0,50,0,10,0.0,0,0
exclude_source_asin,rrf,50,True,596,50,0,5,0.0,50,0,2,0.0,0,0
exclude_source_asin,rrf,50,True,599,50,0,6,0.0,50,0,3,0.0,0,0
exclude_source_asin,rrf,50,True,605,50,0,10,0.0,50,0,10,0.0,0,0
exclude_source_asin,rrf,50,True,670,50,0,6,0.0,50,0,6,0.0,0,0
exclude_source_asin,rrf,50,True,709,50,0,8,0.0,50,0,8,0.0,0,0
exclude_source_asin,rrf,50,True,743,50,1,5,0.2,50,1,4,0.25,0,0
exclude_source_asin,rrf,50,True,781,50,1,5,0.2,50,1,4,0.25,0,0
exclude_source_asin,rrf,50,True,803,50,0,8,0.0,50,0,7,0.0,0,0
exclude_source_asin,rrf,50,True,805,50,4,19,0.21052631578947367,50,4,16,0.25,0,0
exclude_source_asin,rrf,50,True,810,50,0,5,0.0,50,0,5,0.0,0,0
exclude_source_asin,rrf,50,True,820,50,1,19,0.05263157894736842,50,1,17,0.058823529411764705,0,0
exclude_source_asin,rrf,50,True,822,50,0,9,0.0,50,0,9,0.0,0,0
exclude_source_asin,rrf,50,True,824,50,0,9,0.0,50,0,8,0.0,0,0
exclude_source_asin,rrf,50,True,833,50,0,7,0.0,50,0,6,0.0,0,0
exclude_source_asin,rrf,50,True,836,50,0,6,0.0,50,0,6,0.0,0,0
exclude_source_asin,rrf,50,True,912,50,2,5,0.4,50,2,3,0.6666666666666666,0,0
exclude_source_asin,rrf,50,True,932,50,0,7,0.0,50,0,2,0.0,0,0
exclude_source_asin,rrf,50,True,935,50,0,7,0.0,50,0,7,0.0,0,0
exclude_source_asin,rrf,50,True,940,50,0,8,0.0,50,0,8,0.0,0,0
exclude_source_asin,rrf,50,True,958,50,0,7,0.0,50,0,5,0.0,0,0
exclude_source_asin,rrf,50,True,1077,50,0,7,0.0,50,0,7,0.0,0,0
exclude_source_asin,rrf,50,True,1090,50,0,15,0.0,50,0,13,0.0,0,0
exclude_source_asin,rrf,50,True,1098,50,0,8,0.0,50,0,8,0.0,0,0
exclude_source_asin,rrf,50,True,1127,50,2,6,0.3333333333333333,50,2,5,0.4,0,0
exclude_source_asin,rrf,50,True,1145,50,0,6,0.0,50,0,4,0.0,0,0
exclude_source_asin,rrf,50,True,1164,50,0,8,0.0,50,0,7,0.0,0,0
exclude_source_asin,rrf,50,True,1204,50,0,37,0.0,50,0,36,0.0,0,0
exclude_source_asin,rrf,50,True,1263,50,0,8,0.0,50,0,7,0.0,0,0
exclude_source_asin,rrf,50,True,1285,50,0,5,0.0,50,0,4,0.0,0,0
exclude_source_asin,rrf,50,True,1313,50,0,12,0.0,50,0,12,0.0,0,0
exclude_source_asin,rrf,50,True,1323,50,0,5,0.0,50,0,3,0.0,0,0
exclude_source_asin,rrf,50,True,1365,50,0,26,0.0,50,0,26,0.0,0,0
exclude_source_asin,rrf,50,True,1376,50,0,5,0.0,50,0,4,0.0,0,0
exclude_source_asin,rrf,50,True,1382,50,0,10,0.0,50,0,10,0.0,0,0
exclude_source_asin,rrf,50,True,1397,50,0,5,0.0,50,0,1,0.0,0,0
exclude_source_asin,rrf,50,True,1428,50,0,6,0.0,50,0,6,0.0,0,0
exclude_source_asin,rrf,50,True,1440,50,0,5,0.0,50,0,5,0.0,0,0
exclude_source_asin,rrf,50,True,1447,50,0,6,0.0,50,0,3,0.0,0,0
exclude_source_asin,rrf,50,True,1467,50,0,5,0.0,50,0,4,0.0,0,0
exclude_source_asin,rrf,50,True,1472,50,1,9,0.1111111111111111,50,1,8,0.125,0,0
exclude_source_asin,rrf,50,True,1494,50,0,15,0.0,50,0,12,0.0,0,0
exclude_source_asin,rrf,50,True,1500,50,0,6,0.0,50,0,5,0.0,0,0
exclude_source_asin,rrf,50,True,1503,50,0,6,0.0,50,0,6,0.0,0,0
exclude_source_asin,rrf,50,True,1527,50,0,7,0.0,50,0,5,0.0,0,0
exclude_source_asin,rrf,50,True,1530,50,0,7,0.0,50,0,4,0.0,0,0
exclude_source_asin,rrf,50,True,1532,50,0,5,0.0,50,0,3,0.0,0,0
exclude_source_asin,rrf,50,True,1540,50,0,31,0.0,50,0,25,0.0,0,0
exclude_source_asin,rrf,50,True,1604,50,1,15,0.06666666666666667,50,1,15,0.06666666666666667,0,0
exclude_source_asin,rrf,50,True,1640,50,0,16,0.0,50,0,15,0.0,0,0
exclude_source_asin,rrf,50,True,1644,50,0,7,0.0,50,0,7,0.0,0,0
exclude_source_asin,rrf,50,True,1661,50,0,6,0.0,50,0,4,0.0,0,0
exclude_source_asin,rrf,50,True,1742,50,0,51,0.0,50,0,51,0.0,0,0
exclude_source_asin,rrf,50,True,1750,50,0,8,0.0,50,0,8,0.0,0,0
exclude_source_asin,rrf,50,True,1753,50,0,5,0.0,50,0,4,0.0,0,0
exclude_source_asin,rrf,50,True,1765,50,0,6,0.0,50,0,3,0.0,0,0
exclude_source_asin,rrf,50,True,1773,50,0,5,0.0,50,0,3,0.0,0,0
exclude_source_asin,rrf,50,True,1774,50,0,6,0.0,50,0,5,0.0,0,0
exclude_source_asin,rrf,50,True,1824,50,0,13,0.0,50,0,13,0.0,0,0
exclude_source_asin,rrf,50,True,1838,50,0,6,0.0,50,0,6,0.0,0,0
exclude_source_asin,rrf,50,True,1865,50,0,21,0.0,50,0,19,0.0,0,0
exclude_source_asin,rrf,50,True,1881,50,0,7,0.0,50,0,6,0.0,0,0
exclude_source_asin,rrf,50,True,1896,50,0,13,0.0,50,0,13,0.0,0,0
exclude_source_asin,rrf,50,True,1920,50,0,5,0.0,50,0,3,0.0,0,0
exclude_source_asin,rrf,50,True,1921,50,0,5,0.0,50,0,4,0.0,0,0
exclude_source_asin,rrf,50,True,1945,50,1,12,0.08333333333333333,50,1,12,0.08333333333333333,0,0
exclude_source_asin,rrf,50,True,1955,50,0,7,0.0,50,0,7,0.0,0,0
exclude_source_asin,rrf,50,True,1967,50,0,5,0.0,50,0,5,0.0,0,0
exclude_source_asin,rrf,50,True,1970,50,0,12,0.0,50,0,12,0.0,0,0
exclude_source_asin,rrf,50,True,1991,50,0,5,0.0,50,0,3,0.0,0,0
exclude_source_asin,rrf,50,True,2016,50,1,30,0.03333333333333333,50,1,29,0.034482758620689655,0,0
exclude_source_asin,rrf,50,True,2031,50,0,19,0.0,50,0,18,0.0,0,0
exclude_source_asin,rrf,50,True,2040,50,0,8,0.0,50,0,8,0.0,0,0
exclude_source_asin,rrf,50,True,2050,50,1,16,0.0625,50,1,16,0.0625,0,0
exclude_source_asin,rrf,50,True,2069,50,0,5,0.0,50,0,5,0.0,0,0
exclude_source_asin,rrf,50,True,2096,50,0,6,0.0,50,0,5,0.0,0,0
exclude_source_asin,rrf,50,True,2104,50,0,11,0.0,50,0,11,0.0,0,0
exclude_source_asin,rrf,50,True,2110,50,0,13,0.0,50,0,12,0.0,0,0
exclude_source_asin,rrf,50,True,2126,50,0,15,0.0,50,0,14,0.0,0,0
exclude_source_asin,rrf,50,True,2134,50,0,9,0.0,50,0,7,0.0,0,0
exclude_source_asin,rrf,50,True,2174,50,0,12,0.0,50,0,11,0.0,0,0
exclude_source_asin,rrf,50,True,2181,50,0,5,0.0,50,0,4,0.0,0,0
exclude_source_asin,rrf,50,True,2183,50,0,11,0.0,50,0,11,0.0,0,0
exclude_source_asin,rrf,50,True,2204,50,1,17,0.058823529411764705,50,1,17,0.058823529411764705,0,0
exclude_source_asin,rrf,50,True,2220,50,0,7,0.0,50,0,6,0.0,0,0
exclude_source_asin,rrf,50,True,2247,50,0,5,0.0,50,0,1,0.0,0,0
exclude_source_asin,rrf,50,True,2271,50,0,6,0.0,50,0,5,0.0,0,0
exclude_source_asin,rrf,50,True,2287,50,0,10,0.0,50,0,10,0.0,0,0
exclude_source_asin,rrf,50,True,2316,50,1,8,0.125,50,1,5,0.2,0,0
exclude_source_asin,rrf,50,True,2336,50,3,53,0.05660377358490566,50,3,52,0.057692307692307696,0,0
exclude_source_asin,rrf,50,True,2354,50,0,6,0.0,50,0,5,0.0,0,0
exclude_source_asin,rrf,50,True,2412,50,0,9,0.0,50,0,7,0.0,0,0
exclude_source_asin,rrf,50,True,2441,50,0,9,0.0,50,0,9,0.0,0,0
exclude_source_asin,rrf,50,True,2443,50,0,7,0.0,50,0,7,0.0,0,0
exclude_source_asin,rrf,50,True,2481,50,0,13,0.0,50,0,13,0.0,0,0
exclude_source_asin,rrf,50,True,2505,50,0,18,0.0,50,0,18,0.0,0,0
exclude_source_asin,rrf,50,True,2527,50,2,9,0.2222222222222222,50,2,9,0.2222222222222222,0,0
exclude_source_asin,rrf,50,True,2531,50,0,39,0.0,50,0,39,0.0,0,0
exclude_source_asin,rrf,50,True,2569,50,0,5,0.0,50,0,4,0.0,0,0
exclude_source_asin,rrf,50,True,2645,50,1,9,0.1111111111111111,50,1,8,0.125,0,0
exclude_source_asin,rrf,50,True,2652,50,0,31,0.0,50,0,31,0.0,0,0
exclude_source_asin,rrf,50,True,2665,50,0,6,0.0,50,0,6,0.0,0,0
exclude_source_asin,rrf,50,True,2669,50,0,5,0.0,50,0,2,0.0,0,0
exclude_source_asin,rrf,50,True,2675,50,0,15,0.0,50,0,13,0.0,0,0
exclude_source_asin,rrf,50,True,2756,50,0,17,0.0,50,0,15,0.0,0,0
exclude_source_asin,rrf,50,True,2766,50,1,16,0.0625,50,1,15,0.06666666666666667,0,0
exclude_source_asin,rrf,50,True,2781,50,0,13,0.0,50,0,12,0.0,0,0
exclude_source_asin,rrf,50,True,2782,50,0,7,0.0,50,0,7,0.0,0,0
exclude_source_asin,rrf,50,True,2783,50,0,5,0.0,50,0,4,0.0,0,0
exclude_source_asin,rrf,50,True,2821,50,1,23,0.043478260869565216,50,1,22,0.045454545454545456,0,0
exclude_source_asin,rrf,50,True,2844,50,0,5,0.0,50,0,5,0.0,0,0
exclude_source_asin,rrf,50,True,2862,50,0,9,0.0,50,0,9,0.0,0,0
exclude_source_asin,rrf,50,True,2879,50,0,5,0.0,50,0,2,0.0,0,0
exclude_source_asin,rrf,50,True,2906,50,0,6,0.0,50,0,5,0.0,0,0
exclude_source_asin,rrf,50,True,2923,50,1,5,0.2,50,1,5,0.2,0,0
exclude_source_asin,rrf,50,True,2930,50,0,5,0.0,50,0,4,0.0,0,0
exclude_source_asin,rrf,50,True,2957,50,0,8,0.0,50,0,8,0.0,0,0
exclude_source_asin,rrf,50,True,2988,50,0,6,0.0,50,0,6,0.0,0,0
exclude_source_asin,rrf,50,True,2990,50,0,5,0.0,50,0,4,0.0,0,0
exclude_source_asin,rrf,50,True,3003,50,0,6,0.0,50,0,5,0.0,0,0
exclude_source_asin,rrf,50,True,3013,50,1,5,0.2,50,1,5,0.2,0,0
exclude_source_asin,rrf,50,True,3035,50,0,7,0.0,50,0,7,0.0,0,0
exclude_source_asin,rrf,50,True,3059,50,0,9,0.0,50,0,9,0.0,0,0
exclude_source_asin,rrf,50,True,3082,50,0,10,0.0,50,0,8,0.0,0,0
exclude_source_asin,rrf,50,True,3099,50,0,5,0.0,50,0,3,0.0,0,0
exclude_source_asin,rrf,50,True,3118,50,0,14,0.0,50,0,13,0.0,0,0
exclude_source_asin,rrf,50,True,3120,50,0,9,0.0,50,0,8,0.0,0,0
exclude_source_asin,rrf,100,True,42,100,1,13,0.07692307692307693,100,1,12,0.08333333333333333,0,0
exclude_source_asin,rrf,100,True,56,100,0,5,0.0,100,0,4,0.0,0,0
exclude_source_asin,rrf,100,True,69,100,0,6,0.0,100,0,5,0.0,0,0
exclude_source_asin,rrf,100,True,70,100,0,7,0.0,100,0,7,0.0,0,0
exclude_source_asin,rrf,100,True,85,100,0,7,0.0,100,0,6,0.0,0,0
exclude_source_asin,rrf,100,True,111,100,0,11,0.0,100,0,11,0.0,0,0
exclude_source_asin,rrf,100,True,176,100,0,5,0.0,100,0,2,0.0,0,0
exclude_source_asin,rrf,100,True,209,100,0,5,0.0,100,0,5,0.0,0,0
exclude_source_asin,rrf,100,True,210,100,0,8,0.0,100,0,6,0.0,0,0
exclude_source_asin,rrf,100,True,224,100,1,21,0.047619047619047616,100,1,19,0.05263157894736842,0,0
exclude_source_asin,rrf,100,True,230,100,1,7,0.14285714285714285,100,1,7,0.14285714285714285,0,0
exclude_source_asin,rrf,100,True,304,100,0,8,0.0,100,0,8,0.0,0,0
exclude_source_asin,rrf,100,True,326,100,0,5,0.0,100,0,4,0.0,0,0
exclude_source_asin,rrf,100,True,328,100,1,25,0.04,100,1,23,0.043478260869565216,0,0
exclude_source_asin,rrf,100,True,344,100,0,9,0.0,100,0,8,0.0,0,0
exclude_source_asin,rrf,100,True,370,100,0,7,0.0,100,0,7,0.0,0,0
exclude_source_asin,rrf,100,True,372,100,0,5,0.0,100,0,1,0.0,0,0
exclude_source_asin,rrf,100,True,408,100,2,18,0.1111111111111111,100,2,17,0.11764705882352941,0,0
exclude_source_asin,rrf,100,True,410,100,3,7,0.42857142857142855,100,3,6,0.5,0,0
exclude_source_asin,rrf,100,True,426,100,0,5,0.0,100,0,0,,0,0
exclude_source_asin,rrf,100,True,449,100,0,10,0.0,100,0,10,0.0,0,0
exclude_source_asin,rrf,100,True,451,100,0,8,0.0,100,0,7,0.0,0,0
exclude_source_asin,rrf,100,True,459,100,0,10,0.0,100,0,5,0.0,0,0
exclude_source_asin,rrf,100,True,538,100,1,10,0.1,100,1,8,0.125,0,0
exclude_source_asin,rrf,100,True,555,100,0,5,0.0,100,0,5,0.0,0,0
exclude_source_asin,rrf,100,True,560,100,0,9,0.0,100,0,8,0.0,0,0
exclude_source_asin,rrf,100,True,567,100,1,5,0.2,100,1,5,0.2,0,0
exclude_source_asin,rrf,100,True,581,100,1,5,0.2,100,1,5,0.2,0,0
exclude_source_asin,rrf,100,True,588,100,0,5,0.0,100,0,5,0.0,0,0
exclude_source_asin,rrf,100,True,590,100,0,11,0.0,100,0,10,0.0,0,0
exclude_source_asin,rrf,100,True,596,100,0,5,0.0,100,0,2,0.0,0,0
exclude_source_asin,rrf,100,True,599,100,0,6,0.0,100,0,3,0.0,0,0
exclude_source_asin,rrf,100,True,605,100,0,10,0.0,100,0,10,0.0,0,0
exclude_source_asin,rrf,100,True,670,100,0,6,0.0,100,0,6,0.0,0,0
exclude_source_asin,rrf,100,True,709,100,0,8,0.0,100,0,8,0.0,0,0
exclude_source_asin,rrf,100,True,743,100,1,5,0.2,100,1,4,0.25,0,0
exclude_source_asin,rrf,100,True,781,100,1,5,0.2,100,1,4,0.25,0,0
exclude_source_asin,rrf,100,True,803,100,0,8,0.0,100,0,7,0.0,0,0
exclude_source_asin,rrf,100,True,805,100,6,19,0.3157894736842105,100,6,16,0.375,0,0
exclude_source_asin,rrf,100,True,810,100,0,5,0.0,100,0,5,0.0,0,0
exclude_source_asin,rrf,100,True,820,100,1,19,0.05263157894736842,100,1,17,0.058823529411764705,0,0
exclude_source_asin,rrf,100,True,822,100,0,9,0.0,100,0,9,0.0,0,0
exclude_source_asin,rrf,100,True,824,100,1,9,0.1111111111111111,100,1,8,0.125,0,0
exclude_source_asin,rrf,100,True,833,100,1,7,0.14285714285714285,100,1,6,0.16666666666666666,0,0
exclude_source_asin,rrf,100,True,836,100,0,6,0.0,100,0,6,0.0,0,0
exclude_source_asin,rrf,100,True,912,100,2,5,0.4,100,2,3,0.6666666666666666,0,0
exclude_source_asin,rrf,100,True,932,100,0,7,0.0,100,0,2,0.0,0,0
exclude_source_asin,rrf,100,True,935,100,0,7,0.0,100,0,7,0.0,0,0
exclude_source_asin,rrf,100,True,940,100,1,8,0.125,100,1,8,0.125,0,0
exclude_source_asin,rrf,100,True,958,100,0,7,0.0,100,0,5,0.0,0,0
exclude_source_asin,rrf,100,True,1077,100,0,7,0.0,100,0,7,0.0,0,0
exclude_source_asin,rrf,100,True,1090,100,0,15,0.0,100,0,13,0.0,0,0
exclude_source_asin,rrf,100,True,1098,100,0,8,0.0,100,0,8,0.0,0,0
exclude_source_asin,rrf,100,True,1127,100,2,6,0.3333333333333333,100,2,5,0.4,0,0
exclude_source_asin,rrf,100,True,1145,100,1,6,0.16666666666666666,100,1,4,0.25,0,0
exclude_source_asin,rrf,100,True,1164,100,0,8,0.0,100,0,7,0.0,0,0
exclude_source_asin,rrf,100,True,1204,100,0,37,0.0,100,0,36,0.0,0,0
exclude_source_asin,rrf,100,True,1263,100,0,8,0.0,100,0,7,0.0,0,0
exclude_source_asin,rrf,100,True,1285,100,0,5,0.0,100,0,4,0.0,0,0
exclude_source_asin,rrf,100,True,1313,100,1,12,0.08333333333333333,100,1,12,0.08333333333333333,0,0
exclude_source_asin,rrf,100,True,1323,100,0,5,0.0,100,0,3,0.0,0,0
exclude_source_asin,rrf,100,True,1365,100,0,26,0.0,100,0,26,0.0,0,0
exclude_source_asin,rrf,100,True,1376,100,0,5,0.0,100,0,4,0.0,0,0
exclude_source_asin,rrf,100,True,1382,100,0,10,0.0,100,0,10,0.0,0,0
exclude_source_asin,rrf,100,True,1397,100,0,5,0.0,100,0,1,0.0,0,0
exclude_source_asin,rrf,100,True,1428,100,0,6,0.0,100,0,6,0.0,0,0
exclude_source_asin,rrf,100,True,1440,100,0,5,0.0,100,0,5,0.0,0,0
exclude_source_asin,rrf,100,True,1447,100,0,6,0.0,100,0,3,0.0,0,0
exclude_source_asin,rrf,100,True,1467,100,0,5,0.0,100,0,4,0.0,0,0
exclude_source_asin,rrf,100,True,1472,100,1,9,0.1111111111111111,100,1,8,0.125,0,0
exclude_source_asin,rrf,100,True,1494,100,0,15,0.0,100,0,12,0.0,0,0
exclude_source_asin,rrf,100,True,1500,100,0,6,0.0,100,0,5,0.0,0,0
exclude_source_asin,rrf,100,True,1503,100,0,6,0.0,100,0,6,0.0,0,0
exclude_source_asin,rrf,100,True,1527,100,0,7,0.0,100,0,5,0.0,0,0
exclude_source_asin,rrf,100,True,1530,100,0,7,0.0,100,0,4,0.0,0,0
exclude_source_asin,rrf,100,True,1532,100,0,5,0.0,100,0,3,0.0,0,0
exclude_source_asin,rrf,100,True,1540,100,0,31,0.0,100,0,25,0.0,0,0
exclude_source_asin,rrf,100,True,1604,100,1,15,0.06666666666666667,100,1,15,0.06666666666666667,0,0
exclude_source_asin,rrf,100,True,1640,100,0,16,0.0,100,0,15,0.0,0,0
exclude_source_asin,rrf,100,True,1644,100,0,7,0.0,100,0,7,0.0,0,0
exclude_source_asin,rrf,100,True,1661,100,0,6,0.0,100,0,4,0.0,0,0
exclude_source_asin,rrf,100,True,1742,100,1,51,0.0196078431372549,100,1,51,0.0196078431372549,0,0
exclude_source_asin,rrf,100,True,1750,100,0,8,0.0,100,0,8,0.0,0,0
exclude_source_asin,rrf,100,True,1753,100,0,5,0.0,100,0,4,0.0,0,0
exclude_source_asin,rrf,100,True,1765,100,1,6,0.16666666666666666,100,1,3,0.3333333333333333,0,0
exclude_source_asin,rrf,100,True,1773,100,0,5,0.0,100,0,3,0.0,0,0
exclude_source_asin,rrf,100,True,1774,100,0,6,0.0,100,0,5,0.0,0,0
exclude_source_asin,rrf,100,True,1824,100,0,13,0.0,100,0,13,0.0,0,0
exclude_source_asin,rrf,100,True,1838,100,0,6,0.0,100,0,6,0.0,0,0
exclude_source_asin,rrf,100,True,1865,100,0,21,0.0,100,0,19,0.0,0,0
exclude_source_asin,rrf,100,True,1881,100,0,7,0.0,100,0,6,0.0,0,0
exclude_source_asin,rrf,100,True,1896,100,0,13,0.0,100,0,13,0.0,0,0
exclude_source_asin,rrf,100,True,1920,100,0,5,0.0,100,0,3,0.0,0,0
exclude_source_asin,rrf,100,True,1921,100,0,5,0.0,100,0,4,0.0,0,0
exclude_source_asin,rrf,100,True,1945,100,1,12,0.08333333333333333,100,1,12,0.08333333333333333,0,0
exclude_source_asin,rrf,100,True,1955,100,0,7,0.0,100,0,7,0.0,0,0
exclude_source_asin,rrf,100,True,1967,100,0,5,0.0,100,0,5,0.0,0,0
exclude_source_asin,rrf,100,True,1970,100,0,12,0.0,100,0,12,0.0,0,0
exclude_source_asin,rrf,100,True,1991,100,0,5,0.0,100,0,3,0.0,0,0
exclude_source_asin,rrf,100,True,2016,100,1,30,0.03333333333333333,100,1,29,0.034482758620689655,0,0
exclude_source_asin,rrf,100,True,2031,100,1,19,0.05263157894736842,100,1,18,0.05555555555555555,0,0
exclude_source_asin,rrf,100,True,2040,100,0,8,0.0,100,0,8,0.0,0,0
exclude_source_asin,rrf,100,True,2050,100,2,16,0.125,100,2,16,0.125,0,0
exclude_source_asin,rrf,100,True,2069,100,0,5,0.0,100,0,5,0.0,0,0
exclude_source_asin,rrf,100,True,2096,100,0,6,0.0,100,0,5,0.0,0,0
exclude_source_asin,rrf,100,True,2104,100,0,11,0.0,100,0,11,0.0,0,0
exclude_source_asin,rrf,100,True,2110,100,0,13,0.0,100,0,12,0.0,0,0
exclude_source_asin,rrf,100,True,2126,100,0,15,0.0,100,0,14,0.0,0,0
exclude_source_asin,rrf,100,True,2134,100,0,9,0.0,100,0,7,0.0,0,0
exclude_source_asin,rrf,100,True,2174,100,0,12,0.0,100,0,11,0.0,0,0
exclude_source_asin,rrf,100,True,2181,100,0,5,0.0,100,0,4,0.0,0,0
exclude_source_asin,rrf,100,True,2183,100,0,11,0.0,100,0,11,0.0,0,0
exclude_source_asin,rrf,100,True,2204,100,1,17,0.058823529411764705,100,1,17,0.058823529411764705,0,0
exclude_source_asin,rrf,100,True,2220,100,0,7,0.0,100,0,6,0.0,0,0
exclude_source_asin,rrf,100,True,2247,100,0,5,0.0,100,0,1,0.0,0,0
exclude_source_asin,rrf,100,True,2271,100,0,6,0.0,100,0,5,0.0,0,0
exclude_source_asin,rrf,100,True,2287,100,0,10,0.0,100,0,10,0.0,0,0
exclude_source_asin,rrf,100,True,2316,100,1,8,0.125,100,1,5,0.2,0,0
exclude_source_asin,rrf,100,True,2336,100,3,53,0.05660377358490566,100,3,52,0.057692307692307696,0,0
exclude_source_asin,rrf,100,True,2354,100,0,6,0.0,100,0,5,0.0,0,0
exclude_source_asin,rrf,100,True,2412,100,0,9,0.0,100,0,7,0.0,0,0
exclude_source_asin,rrf,100,True,2441,100,0,9,0.0,100,0,9,0.0,0,0
exclude_source_asin,rrf,100,True,2443,100,0,7,0.0,100,0,7,0.0,0,0
exclude_source_asin,rrf,100,True,2481,100,0,13,0.0,100,0,13,0.0,0,0
exclude_source_asin,rrf,100,True,2505,100,0,18,0.0,100,0,18,0.0,0,0
exclude_source_asin,rrf,100,True,2527,100,2,9,0.2222222222222222,100,2,9,0.2222222222222222,0,0
exclude_source_asin,rrf,100,True,2531,100,0,39,0.0,100,0,39,0.0,0,0
exclude_source_asin,rrf,100,True,2569,100,0,5,0.0,100,0,4,0.0,0,0
exclude_source_asin,rrf,100,True,2645,100,1,9,0.1111111111111111,100,1,8,0.125,0,0
exclude_source_asin,rrf,100,True,2652,100,0,31,0.0,100,0,31,0.0,0,0
exclude_source_asin,rrf,100,True,2665,100,0,6,0.0,100,0,6,0.0,0,0
exclude_source_asin,rrf,100,True,2669,100,0,5,0.0,100,0,2,0.0,0,0
exclude_source_asin,rrf,100,True,2675,100,0,15,0.0,100,0,13,0.0,0,0
exclude_source_asin,rrf,100,True,2756,100,0,17,0.0,100,0,15,0.0,0,0
exclude_source_asin,rrf,100,True,2766,100,1,16,0.0625,100,1,15,0.06666666666666667,0,0
exclude_source_asin,rrf,100,True,2781,100,0,13,0.0,100,0,12,0.0,0,0
exclude_source_asin,rrf,100,True,2782,100,0,7,0.0,100,0,7,0.0,0,0
exclude_source_asin,rrf,100,True,2783,100,0,5,0.0,100,0,4,0.0,0,0
exclude_source_asin,rrf,100,True,2821,100,2,23,0.08695652173913043,100,2,22,0.09090909090909091,0,0
exclude_source_asin,rrf,100,True,2844,100,0,5,0.0,100,0,5,0.0,0,0
exclude_source_asin,rrf,100,True,2862,100,0,9,0.0,100,0,9,0.0,0,0
exclude_source_asin,rrf,100,True,2879,100,0,5,0.0,100,0,2,0.0,0,0
exclude_source_asin,rrf,100,True,2906,100,0,6,0.0,100,0,5,0.0,0,0
exclude_source_asin,rrf,100,True,2923,100,1,5,0.2,100,1,5,0.2,0,0
exclude_source_asin,rrf,100,True,2930,100,0,5,0.0,100,0,4,0.0,0,0
exclude_source_asin,rrf,100,True,2957,100,0,8,0.0,100,0,8,0.0,0,0
exclude_source_asin,rrf,100,True,2988,100,0,6,0.0,100,0,6,0.0,0,0
exclude_source_asin,rrf,100,True,2990,100,0,5,0.0,100,0,4,0.0,0,0
exclude_source_asin,rrf,100,True,3003,100,0,6,0.0,100,0,5,0.0,0,0
exclude_source_asin,rrf,100,True,3013,100,1,5,0.2,100,1,5,0.2,0,0
exclude_source_asin,rrf,100,True,3035,100,0,7,0.0,100,0,7,0.0,0,0
exclude_source_asin,rrf,100,True,3059,100,0,9,0.0,100,0,9,0.0,0,0
exclude_source_asin,rrf,100,True,3082,100,1,10,0.1,100,1,8,0.125,0,0
exclude_source_asin,rrf,100,True,3099,100,0,5,0.0,100,0,3,0.0,0,0
exclude_source_asin,rrf,100,True,3118,100,0,14,0.0,100,0,13,0.0,0,0
exclude_source_asin,rrf,100,True,3120,100,0,9,0.0,100,0,8,0.0,0,0
exclude_source_asin,rrf,200,True,42,200,1,13,0.07692307692307693,200,1,12,0.08333333333333333,0,0
exclude_source_asin,rrf,200,True,56,200,0,5,0.0,200,0,4,0.0,0,0
exclude_source_asin,rrf,200,True,69,200,0,6,0.0,200,0,5,0.0,0,0
exclude_source_asin,rrf,200,True,70,200,0,7,0.0,200,0,7,0.0,0,0
exclude_source_asin,rrf,200,True,85,200,1,7,0.14285714285714285,200,1,6,0.16666666666666666,0,0
exclude_source_asin,rrf,200,True,111,200,1,11,0.09090909090909091,200,1,11,0.09090909090909091,0,0
exclude_source_asin,rrf,200,True,176,200,0,5,0.0,200,0,2,0.0,0,0
exclude_source_asin,rrf,200,True,209,200,0,5,0.0,200,0,5,0.0,0,0
exclude_source_asin,rrf,200,True,210,200,0,8,0.0,200,0,6,0.0,0,0
exclude_source_asin,rrf,200,True,224,200,1,21,0.047619047619047616,200,1,19,0.05263157894736842,0,0
exclude_source_asin,rrf,200,True,230,200,1,7,0.14285714285714285,200,1,7,0.14285714285714285,0,0
exclude_source_asin,rrf,200,True,304,200,1,8,0.125,200,1,8,0.125,0,0
exclude_source_asin,rrf,200,True,326,200,0,5,0.0,200,0,4,0.0,0,0
exclude_source_asin,rrf,200,True,328,200,2,25,0.08,200,2,23,0.08695652173913043,0,0
exclude_source_asin,rrf,200,True,344,200,0,9,0.0,200,0,8,0.0,0,0
exclude_source_asin,rrf,200,True,370,200,0,7,0.0,200,0,7,0.0,0,0
exclude_source_asin,rrf,200,True,372,200,0,5,0.0,200,0,1,0.0,0,0
exclude_source_asin,rrf,200,True,408,200,3,18,0.16666666666666666,200,3,17,0.17647058823529413,0,0
exclude_source_asin,rrf,200,True,410,200,3,7,0.42857142857142855,200,3,6,0.5,0,0
exclude_source_asin,rrf,200,True,426,200,0,5,0.0,200,0,0,,0,0
exclude_source_asin,rrf,200,True,449,200,0,10,0.0,200,0,10,0.0,0,0
exclude_source_asin,rrf,200,True,451,200,0,8,0.0,200,0,7,0.0,0,0
exclude_source_asin,rrf,200,True,459,200,0,10,0.0,200,0,5,0.0,0,0
exclude_source_asin,rrf,200,True,538,200,2,10,0.2,200,2,8,0.25,0,0
exclude_source_asin,rrf,200,True,555,200,0,5,0.0,200,0,5,0.0,0,0
exclude_source_asin,rrf,200,True,560,200,0,9,0.0,200,0,8,0.0,0,0
exclude_source_asin,rrf,200,True,567,200,1,5,0.2,200,1,5,0.2,0,0
exclude_source_asin,rrf,200,True,581,200,2,5,0.4,200,2,5,0.4,0,0
exclude_source_asin,rrf,200,True,588,200,0,5,0.0,200,0,5,0.0,0,0
exclude_source_asin,rrf,200,True,590,200,0,11,0.0,200,0,10,0.0,0,0
exclude_source_asin,rrf,200,True,596,200,0,5,0.0,200,0,2,0.0,0,0
exclude_source_asin,rrf,200,True,599,200,0,6,0.0,200,0,3,0.0,0,0
exclude_source_asin,rrf,200,True,605,200,0,10,0.0,200,0,10,0.0,0,0
exclude_source_asin,rrf,200,True,670,200,0,6,0.0,200,0,6,0.0,0,0
exclude_source_asin,rrf,200,True,709,200,0,8,0.0,200,0,8,0.0,0,0
exclude_source_asin,rrf,200,True,743,200,1,5,0.2,200,1,4,0.25,0,0
exclude_source_asin,rrf,200,True,781,200,1,5,0.2,200,1,4,0.25,0,0
exclude_source_asin,rrf,200,True,803,200,0,8,0.0,200,0,7,0.0,0,0
exclude_source_asin,rrf,200,True,805,200,8,19,0.42105263157894735,200,8,16,0.5,0,0
exclude_source_asin,rrf,200,True,810,200,0,5,0.0,200,0,5,0.0,0,0
exclude_source_asin,rrf,200,True,820,200,2,19,0.10526315789473684,200,2,17,0.11764705882352941,0,0
exclude_source_asin,rrf,200,True,822,200,0,9,0.0,200,0,9,0.0,0,0
exclude_source_asin,rrf,200,True,824,200,2,9,0.2222222222222222,200,2,8,0.25,0,0
exclude_source_asin,rrf,200,True,833,200,1,7,0.14285714285714285,200,1,6,0.16666666666666666,0,0
exclude_source_asin,rrf,200,True,836,200,0,6,0.0,200,0,6,0.0,0,0
exclude_source_asin,rrf,200,True,912,200,2,5,0.4,200,2,3,0.6666666666666666,0,0
exclude_source_asin,rrf,200,True,932,200,1,7,0.14285714285714285,200,1,2,0.5,0,0
exclude_source_asin,rrf,200,True,935,200,0,7,0.0,200,0,7,0.0,0,0
exclude_source_asin,rrf,200,True,940,200,1,8,0.125,200,1,8,0.125,0,0
exclude_source_asin,rrf,200,True,958,200,1,7,0.14285714285714285,200,1,5,0.2,0,0
exclude_source_asin,rrf,200,True,1077,200,0,7,0.0,200,0,7,0.0,0,0
exclude_source_asin,rrf,200,True,1090,200,0,15,0.0,200,0,13,0.0,0,0
exclude_source_asin,rrf,200,True,1098,200,1,8,0.125,200,1,8,0.125,0,0
exclude_source_asin,rrf,200,True,1127,200,2,6,0.3333333333333333,200,2,5,0.4,0,0
exclude_source_asin,rrf,200,True,1145,200,1,6,0.16666666666666666,200,1,4,0.25,0,0
exclude_source_asin,rrf,200,True,1164,200,1,8,0.125,200,1,7,0.14285714285714285,0,0
exclude_source_asin,rrf,200,True,1204,200,0,37,0.0,200,0,36,0.0,0,0
exclude_source_asin,rrf,200,True,1263,200,0,8,0.0,200,0,7,0.0,0,0
exclude_source_asin,rrf,200,True,1285,200,1,5,0.2,200,1,4,0.25,0,0
exclude_source_asin,rrf,200,True,1313,200,1,12,0.08333333333333333,200,1,12,0.08333333333333333,0,0
exclude_source_asin,rrf,200,True,1323,200,0,5,0.0,200,0,3,0.0,0,0
exclude_source_asin,rrf,200,True,1365,200,0,26,0.0,200,0,26,0.0,0,0
exclude_source_asin,rrf,200,True,1376,200,0,5,0.0,200,0,4,0.0,0,0
exclude_source_asin,rrf,200,True,1382,200,0,10,0.0,200,0,10,0.0,0,0
exclude_source_asin,rrf,200,True,1397,200,0,5,0.0,200,0,1,0.0,0,0
exclude_source_asin,rrf,200,True,1428,200,0,6,0.0,200,0,6,0.0,0,0
exclude_source_asin,rrf,200,True,1440,200,0,5,0.0,200,0,5,0.0,0,0
exclude_source_asin,rrf,200,True,1447,200,0,6,0.0,200,0,3,0.0,0,0
exclude_source_asin,rrf,200,True,1467,200,0,5,0.0,200,0,4,0.0,0,0
exclude_source_asin,rrf,200,True,1472,200,1,9,0.1111111111111111,200,1,8,0.125,0,0
exclude_source_asin,rrf,200,True,1494,200,0,15,0.0,200,0,12,0.0,0,0
exclude_source_asin,rrf,200,True,1500,200,0,6,0.0,200,0,5,0.0,0,0
exclude_source_asin,rrf,200,True,1503,200,2,6,0.3333333333333333,200,2,6,0.3333333333333333,0,0
exclude_source_asin,rrf,200,True,1527,200,0,7,0.0,200,0,5,0.0,0,0
exclude_source_asin,rrf,200,True,1530,200,0,7,0.0,200,0,4,0.0,0,0
exclude_source_asin,rrf,200,True,1532,200,0,5,0.0,200,0,3,0.0,0,0
exclude_source_asin,rrf,200,True,1540,200,0,31,0.0,200,0,25,0.0,0,0
exclude_source_asin,rrf,200,True,1604,200,1,15,0.06666666666666667,200,1,15,0.06666666666666667,0,0
exclude_source_asin,rrf,200,True,1640,200,0,16,0.0,200,0,15,0.0,0,0
exclude_source_asin,rrf,200,True,1644,200,0,7,0.0,200,0,7,0.0,0,0
exclude_source_asin,rrf,200,True,1661,200,0,6,0.0,200,0,4,0.0,0,0
exclude_source_asin,rrf,200,True,1742,200,2,51,0.0392156862745098,200,2,51,0.0392156862745098,0,0
exclude_source_asin,rrf,200,True,1750,200,0,8,0.0,200,0,8,0.0,0,0
exclude_source_asin,rrf,200,True,1753,200,0,5,0.0,200,0,4,0.0,0,0
exclude_source_asin,rrf,200,True,1765,200,1,6,0.16666666666666666,200,1,3,0.3333333333333333,0,0
exclude_source_asin,rrf,200,True,1773,200,0,5,0.0,200,0,3,0.0,0,0
exclude_source_asin,rrf,200,True,1774,200,0,6,0.0,200,0,5,0.0,0,0
exclude_source_asin,rrf,200,True,1824,200,0,13,0.0,200,0,13,0.0,0,0
exclude_source_asin,rrf,200,True,1838,200,0,6,0.0,200,0,6,0.0,0,0
exclude_source_asin,rrf,200,True,1865,200,0,21,0.0,200,0,19,0.0,0,0
exclude_source_asin,rrf,200,True,1881,200,0,7,0.0,200,0,6,0.0,0,0
exclude_source_asin,rrf,200,True,1896,200,0,13,0.0,200,0,13,0.0,0,0
exclude_source_asin,rrf,200,True,1920,200,0,5,0.0,200,0,3,0.0,0,0
exclude_source_asin,rrf,200,True,1921,200,0,5,0.0,200,0,4,0.0,0,0
exclude_source_asin,rrf,200,True,1945,200,1,12,0.08333333333333333,200,1,12,0.08333333333333333,0,0
exclude_source_asin,rrf,200,True,1955,200,0,7,0.0,200,0,7,0.0,0,0
exclude_source_asin,rrf,200,True,1967,200,0,5,0.0,200,0,5,0.0,0,0
exclude_source_asin,rrf,200,True,1970,200,1,12,0.08333333333333333,200,1,12,0.08333333333333333,0,0
exclude_source_asin,rrf,200,True,1991,200,0,5,0.0,200,0,3,0.0,0,0
exclude_source_asin,rrf,200,True,2016,200,6,30,0.2,200,6,29,0.20689655172413793,0,0
exclude_source_asin,rrf,200,True,2031,200,1,19,0.05263157894736842,200,1,18,0.05555555555555555,0,0
exclude_source_asin,rrf,200,True,2040,200,0,8,0.0,200,0,8,0.0,0,0
exclude_source_asin,rrf,200,True,2050,200,4,16,0.25,200,4,16,0.25,0,0
exclude_source_asin,rrf,200,True,2069,200,0,5,0.0,200,0,5,0.0,0,0
exclude_source_asin,rrf,200,True,2096,200,0,6,0.0,200,0,5,0.0,0,0
exclude_source_asin,rrf,200,True,2104,200,0,11,0.0,200,0,11,0.0,0,0
exclude_source_asin,rrf,200,True,2110,200,2,13,0.15384615384615385,200,2,12,0.16666666666666666,0,0
exclude_source_asin,rrf,200,True,2126,200,0,15,0.0,200,0,14,0.0,0,0
exclude_source_asin,rrf,200,True,2134,200,0,9,0.0,200,0,7,0.0,0,0
exclude_source_asin,rrf,200,True,2174,200,0,12,0.0,200,0,11,0.0,0,0
exclude_source_asin,rrf,200,True,2181,200,0,5,0.0,200,0,4,0.0,0,0
exclude_source_asin,rrf,200,True,2183,200,1,11,0.09090909090909091,200,1,11,0.09090909090909091,0,0
exclude_source_asin,rrf,200,True,2204,200,1,17,0.058823529411764705,200,1,17,0.058823529411764705,0,0
exclude_source_asin,rrf,200,True,2220,200,0,7,0.0,200,0,6,0.0,0,0
exclude_source_asin,rrf,200,True,2247,200,0,5,0.0,200,0,1,0.0,0,0
exclude_source_asin,rrf,200,True,2271,200,0,6,0.0,200,0,5,0.0,0,0
exclude_source_asin,rrf,200,True,2287,200,0,10,0.0,200,0,10,0.0,0,0
exclude_source_asin,rrf,200,True,2316,200,1,8,0.125,200,1,5,0.2,0,0
exclude_source_asin,rrf,200,True,2336,200,4,53,0.07547169811320754,200,4,52,0.07692307692307693,0,0
exclude_source_asin,rrf,200,True,2354,200,0,6,0.0,200,0,5,0.0,0,0
exclude_source_asin,rrf,200,True,2412,200,0,9,0.0,200,0,7,0.0,0,0
exclude_source_asin,rrf,200,True,2441,200,0,9,0.0,200,0,9,0.0,0,0
exclude_source_asin,rrf,200,True,2443,200,1,7,0.14285714285714285,200,1,7,0.14285714285714285,0,0
exclude_source_asin,rrf,200,True,2481,200,0,13,0.0,200,0,13,0.0,0,0
exclude_source_asin,rrf,200,True,2505,200,1,18,0.05555555555555555,200,1,18,0.05555555555555555,0,0
exclude_source_asin,rrf,200,True,2527,200,2,9,0.2222222222222222,200,2,9,0.2222222222222222,0,0
exclude_source_asin,rrf,200,True,2531,200,1,39,0.02564102564102564,200,1,39,0.02564102564102564,0,0
exclude_source_asin,rrf,200,True,2569,200,0,5,0.0,200,0,4,0.0,0,0
exclude_source_asin,rrf,200,True,2645,200,1,9,0.1111111111111111,200,1,8,0.125,0,0
exclude_source_asin,rrf,200,True,2652,200,0,31,0.0,200,0,31,0.0,0,0
exclude_source_asin,rrf,200,True,2665,200,0,6,0.0,200,0,6,0.0,0,0
exclude_source_asin,rrf,200,True,2669,200,0,5,0.0,200,0,2,0.0,0,0
exclude_source_asin,rrf,200,True,2675,200,1,15,0.06666666666666667,200,1,13,0.07692307692307693,0,0
exclude_source_asin,rrf,200,True,2756,200,0,17,0.0,200,0,15,0.0,0,0
exclude_source_asin,rrf,200,True,2766,200,1,16,0.0625,200,1,15,0.06666666666666667,0,0
exclude_source_asin,rrf,200,True,2781,200,3,13,0.23076923076923078,200,3,12,0.25,0,0
exclude_source_asin,rrf,200,True,2782,200,0,7,0.0,200,0,7,0.0,0,0
exclude_source_asin,rrf,200,True,2783,200,0,5,0.0,200,0,4,0.0,0,0
exclude_source_asin,rrf,200,True,2821,200,2,23,0.08695652173913043,200,2,22,0.09090909090909091,0,0
exclude_source_asin,rrf,200,True,2844,200,0,5,0.0,200,0,5,0.0,0,0
exclude_source_asin,rrf,200,True,2862,200,0,9,0.0,200,0,9,0.0,0,0
exclude_source_asin,rrf,200,True,2879,200,0,5,0.0,200,0,2,0.0,0,0
exclude_source_asin,rrf,200,True,2906,200,0,6,0.0,200,0,5,0.0,0,0
exclude_source_asin,rrf,200,True,2923,200,1,5,0.2,200,1,5,0.2,0,0
exclude_source_asin,rrf,200,True,2930,200,0,5,0.0,200,0,4,0.0,0,0
exclude_source_asin,rrf,200,True,2957,200,0,8,0.0,200,0,8,0.0,0,0
exclude_source_asin,rrf,200,True,2988,200,0,6,0.0,200,0,6,0.0,0,0
exclude_source_asin,rrf,200,True,2990,200,0,5,0.0,200,0,4,0.0,0,0
exclude_source_asin,rrf,200,True,3003,200,0,6,0.0,200,0,5,0.0,0,0
exclude_source_asin,rrf,200,True,3013,200,2,5,0.4,200,2,5,0.4,0,0
exclude_source_asin,rrf,200,True,3035,200,0,7,0.0,200,0,7,0.0,0,0
exclude_source_asin,rrf,200,True,3059,200,0,9,0.0,200,0,9,0.0,0,0
exclude_source_asin,rrf,200,True,3082,200,1,10,0.1,200,1,8,0.125,0,0
exclude_source_asin,rrf,200,True,3099,200,0,5,0.0,200,0,3,0.0,0,0
exclude_source_asin,rrf,200,True,3118,200,0,14,0.0,200,0,13,0.0,0,0
exclude_source_asin,rrf,200,True,3120,200,0,9,0.0,200,0,8,0.0,0,0
exclude_source_asin,union,10,False,42,20,0,13,0.0,20,0,12,0.0,0,0
exclude_source_asin,union,10,False,56,20,0,5,0.0,20,0,4,0.0,0,0
exclude_source_asin,union,10,False,69,20,0,6,0.0,20,0,5,0.0,0,0
exclude_source_asin,union,10,False,70,20,0,7,0.0,20,0,7,0.0,0,0
exclude_source_asin,union,10,False,85,20,0,7,0.0,20,0,6,0.0,0,0
exclude_source_asin,union,10,False,111,20,0,11,0.0,20,0,11,0.0,0,0
exclude_source_asin,union,10,False,176,20,0,5,0.0,20,0,2,0.0,0,0
exclude_source_asin,union,10,False,209,20,0,5,0.0,20,0,5,0.0,0,0
exclude_source_asin,union,10,False,210,20,0,8,0.0,20,0,6,0.0,0,0
exclude_source_asin,union,10,False,224,20,1,21,0.047619047619047616,20,1,19,0.05263157894736842,0,0
exclude_source_asin,union,10,False,230,20,1,7,0.14285714285714285,20,1,7,0.14285714285714285,0,0
exclude_source_asin,union,10,False,304,20,0,8,0.0,20,0,8,0.0,0,0
exclude_source_asin,union,10,False,326,20,0,5,0.0,20,0,4,0.0,0,0
exclude_source_asin,union,10,False,328,20,0,25,0.0,20,0,23,0.0,0,0
exclude_source_asin,union,10,False,344,20,0,9,0.0,20,0,8,0.0,0,0
exclude_source_asin,union,10,False,370,20,0,7,0.0,20,0,7,0.0,0,0
exclude_source_asin,union,10,False,372,20,0,5,0.0,20,0,1,0.0,0,0
exclude_source_asin,union,10,False,408,20,0,18,0.0,20,0,17,0.0,0,0
exclude_source_asin,union,10,False,410,20,1,7,0.14285714285714285,20,1,6,0.16666666666666666,0,0
exclude_source_asin,union,10,False,426,20,0,5,0.0,20,0,0,,0,0
exclude_source_asin,union,10,False,449,20,0,10,0.0,20,0,10,0.0,0,0
exclude_source_asin,union,10,False,451,20,0,8,0.0,20,0,7,0.0,0,0
exclude_source_asin,union,10,False,459,20,0,10,0.0,20,0,5,0.0,0,0
exclude_source_asin,union,10,False,538,20,0,10,0.0,20,0,8,0.0,0,0
exclude_source_asin,union,10,False,555,20,0,5,0.0,20,0,5,0.0,0,0
exclude_source_asin,union,10,False,560,20,0,9,0.0,20,0,8,0.0,0,0
exclude_source_asin,union,10,False,567,20,0,5,0.0,20,0,5,0.0,0,0
exclude_source_asin,union,10,False,581,20,0,5,0.0,20,0,5,0.0,0,0
exclude_source_asin,union,10,False,588,20,0,5,0.0,20,0,5,0.0,0,0
exclude_source_asin,union,10,False,590,20,0,11,0.0,20,0,10,0.0,0,0
exclude_source_asin,union,10,False,596,20,0,5,0.0,20,0,2,0.0,0,0
exclude_source_asin,union,10,False,599,20,0,6,0.0,20,0,3,0.0,0,0
exclude_source_asin,union,10,False,605,20,0,10,0.0,20,0,10,0.0,0,0
exclude_source_asin,union,10,False,670,20,0,6,0.0,20,0,6,0.0,0,0
exclude_source_asin,union,10,False,709,20,0,8,0.0,20,0,8,0.0,0,0
exclude_source_asin,union,10,False,743,20,0,5,0.0,20,0,4,0.0,0,0
exclude_source_asin,union,10,False,781,20,0,5,0.0,20,0,4,0.0,0,0
exclude_source_asin,union,10,False,803,20,0,8,0.0,20,0,7,0.0,0,0
exclude_source_asin,union,10,False,805,20,3,19,0.15789473684210525,20,3,16,0.1875,0,0
exclude_source_asin,union,10,False,810,20,0,5,0.0,20,0,5,0.0,0,0
exclude_source_asin,union,10,False,820,20,1,19,0.05263157894736842,20,1,17,0.058823529411764705,0,0
exclude_source_asin,union,10,False,822,20,0,9,0.0,20,0,9,0.0,0,0
exclude_source_asin,union,10,False,824,20,0,9,0.0,20,0,8,0.0,0,0
exclude_source_asin,union,10,False,833,20,0,7,0.0,20,0,6,0.0,0,0
exclude_source_asin,union,10,False,836,20,0,6,0.0,20,0,6,0.0,0,0
exclude_source_asin,union,10,False,912,20,1,5,0.2,20,1,3,0.3333333333333333,0,0
exclude_source_asin,union,10,False,932,20,0,7,0.0,20,0,2,0.0,0,0
exclude_source_asin,union,10,False,935,20,0,7,0.0,20,0,7,0.0,0,0
exclude_source_asin,union,10,False,940,20,0,8,0.0,20,0,8,0.0,0,0
exclude_source_asin,union,10,False,958,20,0,7,0.0,20,0,5,0.0,0,0
exclude_source_asin,union,10,False,1077,20,0,7,0.0,20,0,7,0.0,0,0
exclude_source_asin,union,10,False,1090,20,0,15,0.0,20,0,13,0.0,0,0
exclude_source_asin,union,10,False,1098,20,0,8,0.0,20,0,8,0.0,0,0
exclude_source_asin,union,10,False,1127,20,1,6,0.16666666666666666,20,1,5,0.2,0,0
exclude_source_asin,union,10,False,1145,20,0,6,0.0,20,0,4,0.0,0,0
exclude_source_asin,union,10,False,1164,20,0,8,0.0,20,0,7,0.0,0,0
exclude_source_asin,union,10,False,1204,20,0,37,0.0,20,0,36,0.0,0,0
exclude_source_asin,union,10,False,1263,20,0,8,0.0,20,0,7,0.0,0,0
exclude_source_asin,union,10,False,1285,20,0,5,0.0,20,0,4,0.0,0,0
exclude_source_asin,union,10,False,1313,20,0,12,0.0,20,0,12,0.0,0,0
exclude_source_asin,union,10,False,1323,20,0,5,0.0,20,0,3,0.0,0,0
exclude_source_asin,union,10,False,1365,20,0,26,0.0,20,0,26,0.0,0,0
exclude_source_asin,union,10,False,1376,20,0,5,0.0,20,0,4,0.0,0,0
exclude_source_asin,union,10,False,1382,20,0,10,0.0,20,0,10,0.0,0,0
exclude_source_asin,union,10,False,1397,20,0,5,0.0,20,0,1,0.0,0,0
exclude_source_asin,union,10,False,1428,20,0,6,0.0,20,0,6,0.0,0,0
exclude_source_asin,union,10,False,1440,20,0,5,0.0,20,0,5,0.0,0,0
exclude_source_asin,union,10,False,1447,20,0,6,0.0,20,0,3,0.0,0,0
exclude_source_asin,union,10,False,1467,20,0,5,0.0,20,0,4,0.0,0,0
exclude_source_asin,union,10,False,1472,20,1,9,0.1111111111111111,20,1,8,0.125,0,0
exclude_source_asin,union,10,False,1494,20,0,15,0.0,20,0,12,0.0,0,0
exclude_source_asin,union,10,False,1500,20,0,6,0.0,20,0,5,0.0,0,0
exclude_source_asin,union,10,False,1503,20,0,6,0.0,20,0,6,0.0,0,0
exclude_source_asin,union,10,False,1527,20,0,7,0.0,20,0,5,0.0,0,0
exclude_source_asin,union,10,False,1530,20,0,7,0.0,20,0,4,0.0,0,0
exclude_source_asin,union,10,False,1532,20,0,5,0.0,20,0,3,0.0,0,0
exclude_source_asin,union,10,False,1540,20,0,31,0.0,20,0,25,0.0,0,0
exclude_source_asin,union,10,False,1604,20,0,15,0.0,20,0,15,0.0,0,0
exclude_source_asin,union,10,False,1640,20,0,16,0.0,20,0,15,0.0,0,0
exclude_source_asin,union,10,False,1644,20,0,7,0.0,20,0,7,0.0,0,0
exclude_source_asin,union,10,False,1661,20,0,6,0.0,20,0,4,0.0,0,0
exclude_source_asin,union,10,False,1742,20,0,51,0.0,20,0,51,0.0,0,0
exclude_source_asin,union,10,False,1750,20,0,8,0.0,20,0,8,0.0,0,0
exclude_source_asin,union,10,False,1753,10,0,5,0.0,10,0,4,0.0,0,0
exclude_source_asin,union,10,False,1765,20,0,6,0.0,20,0,3,0.0,0,0
exclude_source_asin,union,10,False,1773,20,0,5,0.0,20,0,3,0.0,0,0
exclude_source_asin,union,10,False,1774,20,0,6,0.0,20,0,5,0.0,0,0
exclude_source_asin,union,10,False,1824,20,0,13,0.0,20,0,13,0.0,0,0
exclude_source_asin,union,10,False,1838,20,0,6,0.0,20,0,6,0.0,0,0
exclude_source_asin,union,10,False,1865,20,0,21,0.0,20,0,19,0.0,0,0
exclude_source_asin,union,10,False,1881,20,0,7,0.0,20,0,6,0.0,0,0
exclude_source_asin,union,10,False,1896,20,0,13,0.0,20,0,13,0.0,0,0
exclude_source_asin,union,10,False,1920,20,0,5,0.0,20,0,3,0.0,0,0
exclude_source_asin,union,10,False,1921,20,0,5,0.0,20,0,4,0.0,0,0
exclude_source_asin,union,10,False,1945,20,1,12,0.08333333333333333,20,1,12,0.08333333333333333,0,0
exclude_source_asin,union,10,False,1955,20,0,7,0.0,20,0,7,0.0,0,0
exclude_source_asin,union,10,False,1967,20,0,5,0.0,20,0,5,0.0,0,0
exclude_source_asin,union,10,False,1970,20,0,12,0.0,20,0,12,0.0,0,0
exclude_source_asin,union,10,False,1991,20,0,5,0.0,20,0,3,0.0,0,0
exclude_source_asin,union,10,False,2016,20,0,30,0.0,20,0,29,0.0,0,0
exclude_source_asin,union,10,False,2031,20,0,19,0.0,20,0,18,0.0,0,0
exclude_source_asin,union,10,False,2040,20,0,8,0.0,20,0,8,0.0,0,0
exclude_source_asin,union,10,False,2050,20,1,16,0.0625,20,1,16,0.0625,0,0
exclude_source_asin,union,10,False,2069,20,0,5,0.0,20,0,5,0.0,0,0
exclude_source_asin,union,10,False,2096,20,0,6,0.0,20,0,5,0.0,0,0
exclude_source_asin,union,10,False,2104,20,0,11,0.0,20,0,11,0.0,0,0
exclude_source_asin,union,10,False,2110,20,0,13,0.0,20,0,12,0.0,0,0
exclude_source_asin,union,10,False,2126,20,0,15,0.0,20,0,14,0.0,0,0
exclude_source_asin,union,10,False,2134,20,0,9,0.0,20,0,7,0.0,0,0
exclude_source_asin,union,10,False,2174,20,0,12,0.0,20,0,11,0.0,0,0
exclude_source_asin,union,10,False,2181,20,0,5,0.0,20,0,4,0.0,0,0
exclude_source_asin,union,10,False,2183,20,0,11,0.0,20,0,11,0.0,0,0
exclude_source_asin,union,10,False,2204,20,1,17,0.058823529411764705,20,1,17,0.058823529411764705,0,0
exclude_source_asin,union,10,False,2220,20,0,7,0.0,20,0,6,0.0,0,0
exclude_source_asin,union,10,False,2247,20,0,5,0.0,20,0,1,0.0,0,0
exclude_source_asin,union,10,False,2271,20,0,6,0.0,20,0,5,0.0,0,0
exclude_source_asin,union,10,False,2287,20,0,10,0.0,20,0,10,0.0,0,0
exclude_source_asin,union,10,False,2316,20,0,8,0.0,20,0,5,0.0,0,0
exclude_source_asin,union,10,False,2336,20,1,53,0.018867924528301886,20,1,52,0.019230769230769232,0,0
exclude_source_asin,union,10,False,2354,20,0,6,0.0,20,0,5,0.0,0,0
exclude_source_asin,union,10,False,2412,20,0,9,0.0,20,0,7,0.0,0,0
exclude_source_asin,union,10,False,2441,20,0,9,0.0,20,0,9,0.0,0,0
exclude_source_asin,union,10,False,2443,20,0,7,0.0,20,0,7,0.0,0,0
exclude_source_asin,union,10,False,2481,20,0,13,0.0,20,0,13,0.0,0,0
exclude_source_asin,union,10,False,2505,20,0,18,0.0,20,0,18,0.0,0,0
exclude_source_asin,union,10,False,2527,20,1,9,0.1111111111111111,20,1,9,0.1111111111111111,0,0
exclude_source_asin,union,10,False,2531,20,0,39,0.0,20,0,39,0.0,0,0
exclude_source_asin,union,10,False,2569,20,0,5,0.0,20,0,4,0.0,0,0
exclude_source_asin,union,10,False,2645,20,1,9,0.1111111111111111,20,1,8,0.125,0,0
exclude_source_asin,union,10,False,2652,20,0,31,0.0,20,0,31,0.0,0,0
exclude_source_asin,union,10,False,2665,20,0,6,0.0,20,0,6,0.0,0,0
exclude_source_asin,union,10,False,2669,20,0,5,0.0,20,0,2,0.0,0,0
exclude_source_asin,union,10,False,2675,20,0,15,0.0,20,0,13,0.0,0,0
exclude_source_asin,union,10,False,2756,20,0,17,0.0,20,0,15,0.0,0,0
exclude_source_asin,union,10,False,2766,20,1,16,0.0625,20,1,15,0.06666666666666667,0,0
exclude_source_asin,union,10,False,2781,20,0,13,0.0,20,0,12,0.0,0,0
exclude_source_asin,union,10,False,2782,20,0,7,0.0,20,0,7,0.0,0,0
exclude_source_asin,union,10,False,2783,20,0,5,0.0,20,0,4,0.0,0,0
exclude_source_asin,union,10,False,2821,20,0,23,0.0,20,0,22,0.0,0,0
exclude_source_asin,union,10,False,2844,20,0,5,0.0,20,0,5,0.0,0,0
exclude_source_asin,union,10,False,2862,20,0,9,0.0,20,0,9,0.0,0,0
exclude_source_asin,union,10,False,2879,20,0,5,0.0,20,0,2,0.0,0,0
exclude_source_asin,union,10,False,2906,20,0,6,0.0,20,0,5,0.0,0,0
exclude_source_asin,union,10,False,2923,20,0,5,0.0,20,0,5,0.0,0,0
exclude_source_asin,union,10,False,2930,20,0,5,0.0,20,0,4,0.0,0,0
exclude_source_asin,union,10,False,2957,20,0,8,0.0,20,0,8,0.0,0,0
exclude_source_asin,union,10,False,2988,20,0,6,0.0,20,0,6,0.0,0,0
exclude_source_asin,union,10,False,2990,20,0,5,0.0,20,0,4,0.0,0,0
exclude_source_asin,union,10,False,3003,20,0,6,0.0,20,0,5,0.0,0,0
exclude_source_asin,union,10,False,3013,20,1,5,0.2,20,1,5,0.2,0,0
exclude_source_asin,union,10,False,3035,20,0,7,0.0,20,0,7,0.0,0,0
exclude_source_asin,union,10,False,3059,20,0,9,0.0,20,0,9,0.0,0,0
exclude_source_asin,union,10,False,3082,20,0,10,0.0,20,0,8,0.0,0,0
exclude_source_asin,union,10,False,3099,20,0,5,0.0,20,0,3,0.0,0,0
exclude_source_asin,union,10,False,3118,20,0,14,0.0,20,0,13,0.0,0,0
exclude_source_asin,union,10,False,3120,20,0,9,0.0,20,0,8,0.0,0,0
exclude_source_asin,union,50,False,42,100,1,13,0.07692307692307693,100,1,12,0.08333333333333333,0,0
exclude_source_asin,union,50,False,56,99,0,5,0.0,99,0,4,0.0,0,0
exclude_source_asin,union,50,False,69,99,0,6,0.0,99,0,5,0.0,0,0
exclude_source_asin,union,50,False,70,100,0,7,0.0,100,0,7,0.0,0,0
exclude_source_asin,union,50,False,85,100,0,7,0.0,100,0,6,0.0,0,0
exclude_source_asin,union,50,False,111,100,0,11,0.0,100,0,11,0.0,0,0
exclude_source_asin,union,50,False,176,99,0,5,0.0,99,0,2,0.0,0,0
exclude_source_asin,union,50,False,209,100,0,5,0.0,100,0,5,0.0,0,0
exclude_source_asin,union,50,False,210,99,0,8,0.0,99,0,6,0.0,0,0
exclude_source_asin,union,50,False,224,99,1,21,0.047619047619047616,99,1,19,0.05263157894736842,0,0
exclude_source_asin,union,50,False,230,100,1,7,0.14285714285714285,100,1,7,0.14285714285714285,0,0
exclude_source_asin,union,50,False,304,100,0,8,0.0,100,0,8,0.0,0,0
exclude_source_asin,union,50,False,326,100,0,5,0.0,100,0,4,0.0,0,0
exclude_source_asin,union,50,False,328,100,1,25,0.04,100,1,23,0.043478260869565216,0,0
exclude_source_asin,union,50,False,344,99,0,9,0.0,99,0,8,0.0,0,0
exclude_source_asin,union,50,False,370,100,0,7,0.0,100,0,7,0.0,0,0
exclude_source_asin,union,50,False,372,100,0,5,0.0,100,0,1,0.0,0,0
exclude_source_asin,union,50,False,408,100,2,18,0.1111111111111111,100,2,17,0.11764705882352941,0,0
exclude_source_asin,union,50,False,410,100,3,7,0.42857142857142855,100,3,6,0.5,0,0
exclude_source_asin,union,50,False,426,98,0,5,0.0,98,0,0,,0,0
exclude_source_asin,union,50,False,449,100,0,10,0.0,100,0,10,0.0,0,0
exclude_source_asin,union,50,False,451,100,0,8,0.0,100,0,7,0.0,0,0
exclude_source_asin,union,50,False,459,100,0,10,0.0,100,0,5,0.0,0,0
exclude_source_asin,union,50,False,538,100,1,10,0.1,100,1,8,0.125,0,0
exclude_source_asin,union,50,False,555,100,0,5,0.0,100,0,5,0.0,0,0
exclude_source_asin,union,50,False,560,100,0,9,0.0,100,0,8,0.0,0,0
exclude_source_asin,union,50,False,567,100,1,5,0.2,100,1,5,0.2,0,0
exclude_source_asin,union,50,False,581,100,1,5,0.2,100,1,5,0.2,0,0
exclude_source_asin,union,50,False,588,100,0,5,0.0,100,0,5,0.0,0,0
exclude_source_asin,union,50,False,590,99,0,11,0.0,99,0,10,0.0,0,0
exclude_source_asin,union,50,False,596,100,0,5,0.0,100,0,2,0.0,0,0
exclude_source_asin,union,50,False,599,100,0,6,0.0,100,0,3,0.0,0,0
exclude_source_asin,union,50,False,605,100,0,10,0.0,100,0,10,0.0,0,0
exclude_source_asin,union,50,False,670,100,0,6,0.0,100,0,6,0.0,0,0
exclude_source_asin,union,50,False,709,100,0,8,0.0,100,0,8,0.0,0,0
exclude_source_asin,union,50,False,743,99,1,5,0.2,99,1,4,0.25,0,0
exclude_source_asin,union,50,False,781,100,1,5,0.2,100,1,4,0.25,0,0
exclude_source_asin,union,50,False,803,100,0,8,0.0,100,0,7,0.0,0,0
exclude_source_asin,union,50,False,805,100,6,19,0.3157894736842105,100,6,16,0.375,0,0
exclude_source_asin,union,50,False,810,100,0,5,0.0,100,0,5,0.0,0,0
exclude_source_asin,union,50,False,820,100,1,19,0.05263157894736842,100,1,17,0.058823529411764705,0,0
exclude_source_asin,union,50,False,822,100,0,9,0.0,100,0,9,0.0,0,0
exclude_source_asin,union,50,False,824,100,2,9,0.2222222222222222,100,2,8,0.25,0,0
exclude_source_asin,union,50,False,833,100,1,7,0.14285714285714285,100,1,6,0.16666666666666666,0,0
exclude_source_asin,union,50,False,836,100,0,6,0.0,100,0,6,0.0,0,0
exclude_source_asin,union,50,False,912,99,2,5,0.4,99,2,3,0.6666666666666666,0,0
exclude_source_asin,union,50,False,932,99,0,7,0.0,99,0,2,0.0,0,0
exclude_source_asin,union,50,False,935,99,0,7,0.0,99,0,7,0.0,0,0
exclude_source_asin,union,50,False,940,100,1,8,0.125,100,1,8,0.125,0,0
exclude_source_asin,union,50,False,958,100,0,7,0.0,100,0,5,0.0,0,0
exclude_source_asin,union,50,False,1077,100,0,7,0.0,100,0,7,0.0,0,0
exclude_source_asin,union,50,False,1090,100,0,15,0.0,100,0,13,0.0,0,0
exclude_source_asin,union,50,False,1098,100,0,8,0.0,100,0,8,0.0,0,0
exclude_source_asin,union,50,False,1127,99,2,6,0.3333333333333333,99,2,5,0.4,0,0
exclude_source_asin,union,50,False,1145,99,1,6,0.16666666666666666,99,1,4,0.25,0,0
exclude_source_asin,union,50,False,1164,100,0,8,0.0,100,0,7,0.0,0,0
exclude_source_asin,union,50,False,1204,100,0,37,0.0,100,0,36,0.0,0,0
exclude_source_asin,union,50,False,1263,100,0,8,0.0,100,0,7,0.0,0,0
exclude_source_asin,union,50,False,1285,100,0,5,0.0,100,0,4,0.0,0,0
exclude_source_asin,union,50,False,1313,100,1,12,0.08333333333333333,100,1,12,0.08333333333333333,0,0
exclude_source_asin,union,50,False,1323,100,0,5,0.0,100,0,3,0.0,0,0
exclude_source_asin,union,50,False,1365,100,0,26,0.0,100,0,26,0.0,0,0
exclude_source_asin,union,50,False,1376,100,0,5,0.0,100,0,4,0.0,0,0
exclude_source_asin,union,50,False,1382,100,0,10,0.0,100,0,10,0.0,0,0
exclude_source_asin,union,50,False,1397,99,0,5,0.0,99,0,1,0.0,0,0
exclude_source_asin,union,50,False,1428,100,0,6,0.0,100,0,6,0.0,0,0
exclude_source_asin,union,50,False,1440,100,0,5,0.0,100,0,5,0.0,0,0
exclude_source_asin,union,50,False,1447,100,0,6,0.0,100,0,3,0.0,0,0
exclude_source_asin,union,50,False,1467,100,0,5,0.0,100,0,4,0.0,0,0
exclude_source_asin,union,50,False,1472,100,1,9,0.1111111111111111,100,1,8,0.125,0,0
exclude_source_asin,union,50,False,1494,100,0,15,0.0,100,0,12,0.0,0,0
exclude_source_asin,union,50,False,1500,100,0,6,0.0,100,0,5,0.0,0,0
exclude_source_asin,union,50,False,1503,100,0,6,0.0,100,0,6,0.0,0,0
exclude_source_asin,union,50,False,1527,100,0,7,0.0,100,0,5,0.0,0,0
exclude_source_asin,union,50,False,1530,100,0,7,0.0,100,0,4,0.0,0,0
exclude_source_asin,union,50,False,1532,100,0,5,0.0,100,0,3,0.0,0,0
exclude_source_asin,union,50,False,1540,100,0,31,0.0,100,0,25,0.0,0,0
exclude_source_asin,union,50,False,1604,100,1,15,0.06666666666666667,100,1,15,0.06666666666666667,0,0
exclude_source_asin,union,50,False,1640,100,0,16,0.0,100,0,15,0.0,0,0
exclude_source_asin,union,50,False,1644,100,0,7,0.0,100,0,7,0.0,0,0
exclude_source_asin,union,50,False,1661,100,0,6,0.0,100,0,4,0.0,0,0
exclude_source_asin,union,50,False,1742,100,1,51,0.0196078431372549,100,1,51,0.0196078431372549,0,0
exclude_source_asin,union,50,False,1750,100,0,8,0.0,100,0,8,0.0,0,0
exclude_source_asin,union,50,False,1753,50,0,5,0.0,50,0,4,0.0,0,0
exclude_source_asin,union,50,False,1765,100,1,6,0.16666666666666666,100,1,3,0.3333333333333333,0,0
exclude_source_asin,union,50,False,1773,100,0,5,0.0,100,0,3,0.0,0,0
exclude_source_asin,union,50,False,1774,100,0,6,0.0,100,0,5,0.0,0,0
exclude_source_asin,union,50,False,1824,100,0,13,0.0,100,0,13,0.0,0,0
exclude_source_asin,union,50,False,1838,100,0,6,0.0,100,0,6,0.0,0,0
exclude_source_asin,union,50,False,1865,100,0,21,0.0,100,0,19,0.0,0,0
exclude_source_asin,union,50,False,1881,100,0,7,0.0,100,0,6,0.0,0,0
exclude_source_asin,union,50,False,1896,100,0,13,0.0,100,0,13,0.0,0,0
exclude_source_asin,union,50,False,1920,100,0,5,0.0,100,0,3,0.0,0,0
exclude_source_asin,union,50,False,1921,100,0,5,0.0,100,0,4,0.0,0,0
exclude_source_asin,union,50,False,1945,99,1,12,0.08333333333333333,99,1,12,0.08333333333333333,0,0
exclude_source_asin,union,50,False,1955,100,0,7,0.0,100,0,7,0.0,0,0
exclude_source_asin,union,50,False,1967,100,0,5,0.0,100,0,5,0.0,0,0
exclude_source_asin,union,50,False,1970,100,0,12,0.0,100,0,12,0.0,0,0
exclude_source_asin,union,50,False,1991,100,0,5,0.0,100,0,3,0.0,0,0
exclude_source_asin,union,50,False,2016,100,1,30,0.03333333333333333,100,1,29,0.034482758620689655,0,0
exclude_source_asin,union,50,False,2031,100,1,19,0.05263157894736842,100,1,18,0.05555555555555555,0,0
exclude_source_asin,union,50,False,2040,100,0,8,0.0,100,0,8,0.0,0,0
exclude_source_asin,union,50,False,2050,100,2,16,0.125,100,2,16,0.125,0,0
exclude_source_asin,union,50,False,2069,99,0,5,0.0,99,0,5,0.0,0,0
exclude_source_asin,union,50,False,2096,100,0,6,0.0,100,0,5,0.0,0,0
exclude_source_asin,union,50,False,2104,100,0,11,0.0,100,0,11,0.0,0,0
exclude_source_asin,union,50,False,2110,100,0,13,0.0,100,0,12,0.0,0,0
exclude_source_asin,union,50,False,2126,100,0,15,0.0,100,0,14,0.0,0,0
exclude_source_asin,union,50,False,2134,100,0,9,0.0,100,0,7,0.0,0,0
exclude_source_asin,union,50,False,2174,100,0,12,0.0,100,0,11,0.0,0,0
exclude_source_asin,union,50,False,2181,99,0,5,0.0,99,0,4,0.0,0,0
exclude_source_asin,union,50,False,2183,100,0,11,0.0,100,0,11,0.0,0,0
exclude_source_asin,union,50,False,2204,100,1,17,0.058823529411764705,100,1,17,0.058823529411764705,0,0
exclude_source_asin,union,50,False,2220,99,0,7,0.0,99,0,6,0.0,0,0
exclude_source_asin,union,50,False,2247,100,0,5,0.0,100,0,1,0.0,0,0
exclude_source_asin,union,50,False,2271,100,0,6,0.0,100,0,5,0.0,0,0
exclude_source_asin,union,50,False,2287,99,0,10,0.0,99,0,10,0.0,0,0
exclude_source_asin,union,50,False,2316,100,1,8,0.125,100,1,5,0.2,0,0
exclude_source_asin,union,50,False,2336,100,3,53,0.05660377358490566,100,3,52,0.057692307692307696,0,0
exclude_source_asin,union,50,False,2354,100,0,6,0.0,100,0,5,0.0,0,0
exclude_source_asin,union,50,False,2412,100,0,9,0.0,100,0,7,0.0,0,0
exclude_source_asin,union,50,False,2441,100,0,9,0.0,100,0,9,0.0,0,0
exclude_source_asin,union,50,False,2443,100,0,7,0.0,100,0,7,0.0,0,0
exclude_source_asin,union,50,False,2481,100,0,13,0.0,100,0,13,0.0,0,0
exclude_source_asin,union,50,False,2505,100,0,18,0.0,100,0,18,0.0,0,0
exclude_source_asin,union,50,False,2527,100,2,9,0.2222222222222222,100,2,9,0.2222222222222222,0,0
exclude_source_asin,union,50,False,2531,98,0,39,0.0,98,0,39,0.0,0,0
exclude_source_asin,union,50,False,2569,100,0,5,0.0,100,0,4,0.0,0,0
exclude_source_asin,union,50,False,2645,100,1,9,0.1111111111111111,100,1,8,0.125,0,0
exclude_source_asin,union,50,False,2652,100,0,31,0.0,100,0,31,0.0,0,0
exclude_source_asin,union,50,False,2665,100,0,6,0.0,100,0,6,0.0,0,0
exclude_source_asin,union,50,False,2669,100,0,5,0.0,100,0,2,0.0,0,0
exclude_source_asin,union,50,False,2675,100,0,15,0.0,100,0,13,0.0,0,0
exclude_source_asin,union,50,False,2756,100,0,17,0.0,100,0,15,0.0,0,0
exclude_source_asin,union,50,False,2766,100,1,16,0.0625,100,1,15,0.06666666666666667,0,0
exclude_source_asin,union,50,False,2781,100,0,13,0.0,100,0,12,0.0,0,0
exclude_source_asin,union,50,False,2782,100,0,7,0.0,100,0,7,0.0,0,0
exclude_source_asin,union,50,False,2783,100,0,5,0.0,100,0,4,0.0,0,0
exclude_source_asin,union,50,False,2821,100,2,23,0.08695652173913043,100,2,22,0.09090909090909091,0,0
exclude_source_asin,union,50,False,2844,100,0,5,0.0,100,0,5,0.0,0,0
exclude_source_asin,union,50,False,2862,100,0,9,0.0,100,0,9,0.0,0,0
exclude_source_asin,union,50,False,2879,100,0,5,0.0,100,0,2,0.0,0,0
exclude_source_asin,union,50,False,2906,100,0,6,0.0,100,0,5,0.0,0,0
exclude_source_asin,union,50,False,2923,100,1,5,0.2,100,1,5,0.2,0,0
exclude_source_asin,union,50,False,2930,100,0,5,0.0,100,0,4,0.0,0,0
exclude_source_asin,union,50,False,2957,100,0,8,0.0,100,0,8,0.0,0,0
exclude_source_asin,union,50,False,2988,100,0,6,0.0,100,0,6,0.0,0,0
exclude_source_asin,union,50,False,2990,100,0,5,0.0,100,0,4,0.0,0,0
exclude_source_asin,union,50,False,3003,100,0,6,0.0,100,0,5,0.0,0,0
exclude_source_asin,union,50,False,3013,100,1,5,0.2,100,1,5,0.2,0,0
exclude_source_asin,union,50,False,3035,100,0,7,0.0,100,0,7,0.0,0,0
exclude_source_asin,union,50,False,3059,100,0,9,0.0,100,0,9,0.0,0,0
exclude_source_asin,union,50,False,3082,99,1,10,0.1,99,1,8,0.125,0,0
exclude_source_asin,union,50,False,3099,100,0,5,0.0,100,0,3,0.0,0,0
exclude_source_asin,union,50,False,3118,100,0,14,0.0,100,0,13,0.0,0,0
exclude_source_asin,union,50,False,3120,100,0,9,0.0,100,0,8,0.0,0,0
exclude_source_asin,union,100,False,42,199,1,13,0.07692307692307693,199,1,12,0.08333333333333333,0,0
exclude_source_asin,union,100,False,56,198,0,5,0.0,198,0,4,0.0,0,0
exclude_source_asin,union,100,False,69,198,0,6,0.0,198,0,5,0.0,0,0
exclude_source_asin,union,100,False,70,200,0,7,0.0,200,0,7,0.0,0,0
exclude_source_asin,union,100,False,85,200,1,7,0.14285714285714285,200,1,6,0.16666666666666666,0,0
exclude_source_asin,union,100,False,111,199,1,11,0.09090909090909091,199,1,11,0.09090909090909091,0,0
exclude_source_asin,union,100,False,176,194,0,5,0.0,194,0,2,0.0,0,0
exclude_source_asin,union,100,False,209,200,0,5,0.0,200,0,5,0.0,0,0
exclude_source_asin,union,100,False,210,196,0,8,0.0,196,0,6,0.0,0,0
exclude_source_asin,union,100,False,224,198,1,21,0.047619047619047616,198,1,19,0.05263157894736842,0,0
exclude_source_asin,union,100,False,230,200,1,7,0.14285714285714285,200,1,7,0.14285714285714285,0,0
exclude_source_asin,union,100,False,304,200,1,8,0.125,200,1,8,0.125,0,0
exclude_source_asin,union,100,False,326,200,0,5,0.0,200,0,4,0.0,0,0
exclude_source_asin,union,100,False,328,200,2,25,0.08,200,2,23,0.08695652173913043,0,0
exclude_source_asin,union,100,False,344,199,0,9,0.0,199,0,8,0.0,0,0
exclude_source_asin,union,100,False,370,200,0,7,0.0,200,0,7,0.0,0,0
exclude_source_asin,union,100,False,372,198,0,5,0.0,198,0,1,0.0,0,0
exclude_source_asin,union,100,False,408,200,3,18,0.16666666666666666,200,3,17,0.17647058823529413,0,0
exclude_source_asin,union,100,False,410,199,3,7,0.42857142857142855,199,3,6,0.5,0,0
exclude_source_asin,union,100,False,426,194,0,5,0.0,194,0,0,,0,0
exclude_source_asin,union,100,False,449,200,0,10,0.0,200,0,10,0.0,0,0
exclude_source_asin,union,100,False,451,199,0,8,0.0,199,0,7,0.0,0,0
exclude_source_asin,union,100,False,459,199,0,10,0.0,199,0,5,0.0,0,0
exclude_source_asin,union,100,False,538,198,2,10,0.2,198,2,8,0.25,0,0
exclude_source_asin,union,100,False,555,200,0,5,0.0,200,0,5,0.0,0,0
exclude_source_asin,union,100,False,560,200,0,9,0.0,200,0,8,0.0,0,0
exclude_source_asin,union,100,False,567,200,1,5,0.2,200,1,5,0.2,0,0
exclude_source_asin,union,100,False,581,199,2,5,0.4,199,2,5,0.4,0,0
exclude_source_asin,union,100,False,588,200,0,5,0.0,200,0,5,0.0,0,0
exclude_source_asin,union,100,False,590,198,0,11,0.0,198,0,10,0.0,0,0
exclude_source_asin,union,100,False,596,200,0,5,0.0,200,0,2,0.0,0,0
exclude_source_asin,union,100,False,599,199,0,6,0.0,199,0,3,0.0,0,0
exclude_source_asin,union,100,False,605,199,0,10,0.0,199,0,10,0.0,0,0
exclude_source_asin,union,100,False,670,200,0,6,0.0,200,0,6,0.0,0,0
exclude_source_asin,union,100,False,709,200,0,8,0.0,200,0,8,0.0,0,0
exclude_source_asin,union,100,False,743,198,1,5,0.2,198,1,4,0.25,0,0
exclude_source_asin,union,100,False,781,199,1,5,0.2,199,1,4,0.25,0,0
exclude_source_asin,union,100,False,803,200,0,8,0.0,200,0,7,0.0,0,0
exclude_source_asin,union,100,False,805,200,8,19,0.42105263157894735,200,8,16,0.5,0,0
exclude_source_asin,union,100,False,810,198,0,5,0.0,198,0,5,0.0,0,0
exclude_source_asin,union,100,False,820,199,2,19,0.10526315789473684,199,2,17,0.11764705882352941,0,0
exclude_source_asin,union,100,False,822,200,0,9,0.0,200,0,9,0.0,0,0
exclude_source_asin,union,100,False,824,199,2,9,0.2222222222222222,199,2,8,0.25,0,0
exclude_source_asin,union,100,False,833,200,1,7,0.14285714285714285,200,1,6,0.16666666666666666,0,0
exclude_source_asin,union,100,False,836,200,0,6,0.0,200,0,6,0.0,0,0
exclude_source_asin,union,100,False,912,198,2,5,0.4,198,2,3,0.6666666666666666,0,0
exclude_source_asin,union,100,False,932,198,0,7,0.0,198,0,2,0.0,0,0
exclude_source_asin,union,100,False,935,196,0,7,0.0,196,0,7,0.0,0,0
exclude_source_asin,union,100,False,940,200,1,8,0.125,200,1,8,0.125,0,0
exclude_source_asin,union,100,False,958,199,1,7,0.14285714285714285,199,1,5,0.2,0,0
exclude_source_asin,union,100,False,1077,200,0,7,0.0,200,0,7,0.0,0,0
exclude_source_asin,union,100,False,1090,199,0,15,0.0,199,0,13,0.0,0,0
exclude_source_asin,union,100,False,1098,199,1,8,0.125,199,1,8,0.125,0,0
exclude_source_asin,union,100,False,1127,198,2,6,0.3333333333333333,198,2,5,0.4,0,0
exclude_source_asin,union,100,False,1145,198,1,6,0.16666666666666666,198,1,4,0.25,0,0
exclude_source_asin,union,100,False,1164,200,1,8,0.125,200,1,7,0.14285714285714285,0,0
exclude_source_asin,union,100,False,1204,199,0,37,0.0,199,0,36,0.0,0,0
exclude_source_asin,union,100,False,1263,200,0,8,0.0,200,0,7,0.0,0,0
exclude_source_asin,union,100,False,1285,200,1,5,0.2,200,1,4,0.25,0,0
exclude_source_asin,union,100,False,1313,200,1,12,0.08333333333333333,200,1,12,0.08333333333333333,0,0
exclude_source_asin,union,100,False,1323,199,0,5,0.0,199,0,3,0.0,0,0
exclude_source_asin,union,100,False,1365,200,0,26,0.0,200,0,26,0.0,0,0
exclude_source_asin,union,100,False,1376,199,0,5,0.0,199,0,4,0.0,0,0
exclude_source_asin,union,100,False,1382,200,0,10,0.0,200,0,10,0.0,0,0
exclude_source_asin,union,100,False,1397,192,0,5,0.0,192,0,1,0.0,0,0
exclude_source_asin,union,100,False,1428,199,0,6,0.0,199,0,6,0.0,0,0
exclude_source_asin,union,100,False,1440,200,0,5,0.0,200,0,5,0.0,0,0
exclude_source_asin,union,100,False,1447,200,0,6,0.0,200,0,3,0.0,0,0
exclude_source_asin,union,100,False,1467,200,0,5,0.0,200,0,4,0.0,0,0
exclude_source_asin,union,100,False,1472,199,1,9,0.1111111111111111,199,1,8,0.125,0,0
exclude_source_asin,union,100,False,1494,200,0,15,0.0,200,0,12,0.0,0,0
exclude_source_asin,union,100,False,1500,200,0,6,0.0,200,0,5,0.0,0,0
exclude_source_asin,union,100,False,1503,200,3,6,0.5,200,3,6,0.5,0,0
exclude_source_asin,union,100,False,1527,200,0,7,0.0,200,0,5,0.0,0,0
exclude_source_asin,union,100,False,1530,200,0,7,0.0,200,0,4,0.0,0,0
exclude_source_asin,union,100,False,1532,200,0,5,0.0,200,0,3,0.0,0,0
exclude_source_asin,union,100,False,1540,197,0,31,0.0,197,0,25,0.0,0,0
exclude_source_asin,union,100,False,1604,200,1,15,0.06666666666666667,200,1,15,0.06666666666666667,0,0
exclude_source_asin,union,100,False,1640,200,0,16,0.0,200,0,15,0.0,0,0
exclude_source_asin,union,100,False,1644,200,0,7,0.0,200,0,7,0.0,0,0
exclude_source_asin,union,100,False,1661,200,0,6,0.0,200,0,4,0.0,0,0
exclude_source_asin,union,100,False,1742,200,2,51,0.0392156862745098,200,2,51,0.0392156862745098,0,0
exclude_source_asin,union,100,False,1750,199,0,8,0.0,199,0,8,0.0,0,0
exclude_source_asin,union,100,False,1753,100,0,5,0.0,100,0,4,0.0,0,0
exclude_source_asin,union,100,False,1765,200,1,6,0.16666666666666666,200,1,3,0.3333333333333333,0,0
exclude_source_asin,union,100,False,1773,199,0,5,0.0,199,0,3,0.0,0,0
exclude_source_asin,union,100,False,1774,200,0,6,0.0,200,0,5,0.0,0,0
exclude_source_asin,union,100,False,1824,200,0,13,0.0,200,0,13,0.0,0,0
exclude_source_asin,union,100,False,1838,200,0,6,0.0,200,0,6,0.0,0,0
exclude_source_asin,union,100,False,1865,200,0,21,0.0,200,0,19,0.0,0,0
exclude_source_asin,union,100,False,1881,200,0,7,0.0,200,0,6,0.0,0,0
exclude_source_asin,union,100,False,1896,200,0,13,0.0,200,0,13,0.0,0,0
exclude_source_asin,union,100,False,1920,200,0,5,0.0,200,0,3,0.0,0,0
exclude_source_asin,union,100,False,1921,199,0,5,0.0,199,0,4,0.0,0,0
exclude_source_asin,union,100,False,1945,198,1,12,0.08333333333333333,198,1,12,0.08333333333333333,0,0
exclude_source_asin,union,100,False,1955,200,0,7,0.0,200,0,7,0.0,0,0
exclude_source_asin,union,100,False,1967,200,0,5,0.0,200,0,5,0.0,0,0
exclude_source_asin,union,100,False,1970,200,1,12,0.08333333333333333,200,1,12,0.08333333333333333,0,0
exclude_source_asin,union,100,False,1991,200,0,5,0.0,200,0,3,0.0,0,0
exclude_source_asin,union,100,False,2016,200,6,30,0.2,200,6,29,0.20689655172413793,0,0
exclude_source_asin,union,100,False,2031,199,1,19,0.05263157894736842,199,1,18,0.05555555555555555,0,0
exclude_source_asin,union,100,False,2040,200,0,8,0.0,200,0,8,0.0,0,0
exclude_source_asin,union,100,False,2050,200,4,16,0.25,200,4,16,0.25,0,0
exclude_source_asin,union,100,False,2069,199,0,5,0.0,199,0,5,0.0,0,0
exclude_source_asin,union,100,False,2096,198,0,6,0.0,198,0,5,0.0,0,0
exclude_source_asin,union,100,False,2104,200,0,11,0.0,200,0,11,0.0,0,0
exclude_source_asin,union,100,False,2110,200,2,13,0.15384615384615385,200,2,12,0.16666666666666666,0,0
exclude_source_asin,union,100,False,2126,200,0,15,0.0,200,0,14,0.0,0,0
exclude_source_asin,union,100,False,2134,197,0,9,0.0,197,0,7,0.0,0,0
exclude_source_asin,union,100,False,2174,200,0,12,0.0,200,0,11,0.0,0,0
exclude_source_asin,union,100,False,2181,198,0,5,0.0,198,0,4,0.0,0,0
exclude_source_asin,union,100,False,2183,200,1,11,0.09090909090909091,200,1,11,0.09090909090909091,0,0
exclude_source_asin,union,100,False,2204,199,1,17,0.058823529411764705,199,1,17,0.058823529411764705,0,0
exclude_source_asin,union,100,False,2220,198,0,7,0.0,198,0,6,0.0,0,0
exclude_source_asin,union,100,False,2247,200,0,5,0.0,200,0,1,0.0,0,0
exclude_source_asin,union,100,False,2271,200,0,6,0.0,200,0,5,0.0,0,0
exclude_source_asin,union,100,False,2287,198,0,10,0.0,198,0,10,0.0,0,0
exclude_source_asin,union,100,False,2316,200,1,8,0.125,200,1,5,0.2,0,0
exclude_source_asin,union,100,False,2336,195,4,53,0.07547169811320754,195,4,52,0.07692307692307693,0,0
exclude_source_asin,union,100,False,2354,199,0,6,0.0,199,0,5,0.0,0,0
exclude_source_asin,union,100,False,2412,200,0,9,0.0,200,0,7,0.0,0,0
exclude_source_asin,union,100,False,2441,200,0,9,0.0,200,0,9,0.0,0,0
exclude_source_asin,union,100,False,2443,199,1,7,0.14285714285714285,199,1,7,0.14285714285714285,0,0
exclude_source_asin,union,100,False,2481,197,0,13,0.0,197,0,13,0.0,0,0
exclude_source_asin,union,100,False,2505,200,1,18,0.05555555555555555,200,1,18,0.05555555555555555,0,0
exclude_source_asin,union,100,False,2527,199,2,9,0.2222222222222222,199,2,9,0.2222222222222222,0,0
exclude_source_asin,union,100,False,2531,198,1,39,0.02564102564102564,198,1,39,0.02564102564102564,0,0
exclude_source_asin,union,100,False,2569,199,0,5,0.0,199,0,4,0.0,0,0
exclude_source_asin,union,100,False,2645,200,1,9,0.1111111111111111,200,1,8,0.125,0,0
exclude_source_asin,union,100,False,2652,200,0,31,0.0,200,0,31,0.0,0,0
exclude_source_asin,union,100,False,2665,199,0,6,0.0,199,0,6,0.0,0,0
exclude_source_asin,union,100,False,2669,200,0,5,0.0,200,0,2,0.0,0,0
exclude_source_asin,union,100,False,2675,200,1,15,0.06666666666666667,200,1,13,0.07692307692307693,0,0
exclude_source_asin,union,100,False,2756,199,0,17,0.0,199,0,15,0.0,0,0
exclude_source_asin,union,100,False,2766,199,1,16,0.0625,199,1,15,0.06666666666666667,0,0
exclude_source_asin,union,100,False,2781,200,3,13,0.23076923076923078,200,3,12,0.25,0,0
exclude_source_asin,union,100,False,2782,199,0,7,0.0,199,0,7,0.0,0,0
exclude_source_asin,union,100,False,2783,200,0,5,0.0,200,0,4,0.0,0,0
exclude_source_asin,union,100,False,2821,199,2,23,0.08695652173913043,199,2,22,0.09090909090909091,0,0
exclude_source_asin,union,100,False,2844,200,0,5,0.0,200,0,5,0.0,0,0
exclude_source_asin,union,100,False,2862,200,0,9,0.0,200,0,9,0.0,0,0
exclude_source_asin,union,100,False,2879,198,0,5,0.0,198,0,2,0.0,0,0
exclude_source_asin,union,100,False,2906,200,0,6,0.0,200,0,5,0.0,0,0
exclude_source_asin,union,100,False,2923,199,1,5,0.2,199,1,5,0.2,0,0
exclude_source_asin,union,100,False,2930,199,0,5,0.0,199,0,4,0.0,0,0
exclude_source_asin,union,100,False,2957,200,0,8,0.0,200,0,8,0.0,0,0
exclude_source_asin,union,100,False,2988,200,0,6,0.0,200,0,6,0.0,0,0
exclude_source_asin,union,100,False,2990,200,0,5,0.0,200,0,4,0.0,0,0
exclude_source_asin,union,100,False,3003,200,0,6,0.0,200,0,5,0.0,0,0
exclude_source_asin,union,100,False,3013,199,2,5,0.4,199,2,5,0.4,0,0
exclude_source_asin,union,100,False,3035,200,0,7,0.0,200,0,7,0.0,0,0
exclude_source_asin,union,100,False,3059,199,0,9,0.0,199,0,9,0.0,0,0
exclude_source_asin,union,100,False,3082,199,1,10,0.1,199,1,8,0.125,0,0
exclude_source_asin,union,100,False,3099,200,0,5,0.0,200,0,3,0.0,0,0
exclude_source_asin,union,100,False,3118,200,0,14,0.0,200,0,13,0.0,0,0
exclude_source_asin,union,100,False,3120,199,0,9,0.0,199,0,8,0.0,0,0
exclude_source_asin,union,200,False,42,398,3,13,0.23076923076923078,398,3,12,0.25,0,0
exclude_source_asin,union,200,False,56,391,0,5,0.0,391,0,4,0.0,0,0
exclude_source_asin,union,200,False,69,393,0,6,0.0,393,0,5,0.0,0,0
exclude_source_asin,union,200,False,70,400,0,7,0.0,400,0,7,0.0,0,0
exclude_source_asin,union,200,False,85,398,2,7,0.2857142857142857,398,2,6,0.3333333333333333,0,0
exclude_source_asin,union,200,False,111,397,1,11,0.09090909090909091,397,1,11,0.09090909090909091,0,0
exclude_source_asin,union,200,False,176,392,0,5,0.0,392,0,2,0.0,0,0
exclude_source_asin,union,200,False,209,398,1,5,0.2,398,1,5,0.2,0,0
exclude_source_asin,union,200,False,210,393,0,8,0.0,393,0,6,0.0,0,0
exclude_source_asin,union,200,False,224,394,2,21,0.09523809523809523,394,2,19,0.10526315789473684,0,0
exclude_source_asin,union,200,False,230,399,1,7,0.14285714285714285,399,1,7,0.14285714285714285,0,0
exclude_source_asin,union,200,False,304,399,1,8,0.125,399,1,8,0.125,0,0
exclude_source_asin,union,200,False,326,399,0,5,0.0,399,0,4,0.0,0,0
exclude_source_asin,union,200,False,328,399,4,25,0.16,399,4,23,0.17391304347826086,0,0
exclude_source_asin,union,200,False,344,397,1,9,0.1111111111111111,397,1,8,0.125,0,0
exclude_source_asin,union,200,False,370,397,0,7,0.0,397,0,7,0.0,0,0
exclude_source_asin,union,200,False,372,395,0,5,0.0,395,0,1,0.0,0,0
exclude_source_asin,union,200,False,408,400,3,18,0.16666666666666666,400,3,17,0.17647058823529413,0,0
exclude_source_asin,union,200,False,410,397,4,7,0.5714285714285714,397,4,6,0.6666666666666666,0,0
exclude_source_asin,union,200,False,426,386,0,5,0.0,386,0,0,,0,0
exclude_source_asin,union,200,False,449,399,1,10,0.1,399,1,10,0.1,0,0
exclude_source_asin,union,200,False,451,399,0,8,0.0,399,0,7,0.0,0,0
exclude_source_asin,union,200,False,459,393,0,10,0.0,393,0,5,0.0,0,0
exclude_source_asin,union,200,False,538,395,2,10,0.2,395,2,8,0.25,0,0
exclude_source_asin,union,200,False,555,399,0,5,0.0,399,0,5,0.0,0,0
exclude_source_asin,union,200,False,560,397,0,9,0.0,397,0,8,0.0,0,0
exclude_source_asin,union,200,False,567,398,2,5,0.4,398,2,5,0.4,0,0
exclude_source_asin,union,200,False,581,394,2,5,0.4,394,2,5,0.4,0,0
exclude_source_asin,union,200,False,588,399,0,5,0.0,399,0,5,0.0,0,0
exclude_source_asin,union,200,False,590,396,0,11,0.0,396,0,10,0.0,0,0
exclude_source_asin,union,200,False,596,397,0,5,0.0,397,0,2,0.0,0,0
exclude_source_asin,union,200,False,599,396,0,6,0.0,396,0,3,0.0,0,0
exclude_source_asin,union,200,False,605,399,0,10,0.0,399,0,10,0.0,0,0
exclude_source_asin,union,200,False,670,400,0,6,0.0,400,0,6,0.0,0,0
exclude_source_asin,union,200,False,709,399,0,8,0.0,399,0,8,0.0,0,0
exclude_source_asin,union,200,False,743,395,2,5,0.4,395,2,4,0.5,0,0
exclude_source_asin,union,200,False,781,396,1,5,0.2,396,1,4,0.25,0,0
exclude_source_asin,union,200,False,803,396,0,8,0.0,396,0,7,0.0,0,0
exclude_source_asin,union,200,False,805,397,11,19,0.5789473684210527,397,11,16,0.6875,0,0
exclude_source_asin,union,200,False,810,396,0,5,0.0,396,0,5,0.0,0,0
exclude_source_asin,union,200,False,820,396,2,19,0.10526315789473684,396,2,17,0.11764705882352941,0,0
exclude_source_asin,union,200,False,822,398,0,9,0.0,398,0,9,0.0,0,0
exclude_source_asin,union,200,False,824,393,2,9,0.2222222222222222,393,2,8,0.25,0,0
exclude_source_asin,union,200,False,833,397,1,7,0.14285714285714285,397,1,6,0.16666666666666666,0,0
exclude_source_asin,union,200,False,836,397,0,6,0.0,397,0,6,0.0,0,0
exclude_source_asin,union,200,False,912,395,2,5,0.4,395,2,3,0.6666666666666666,0,0
exclude_source_asin,union,200,False,932,391,1,7,0.14285714285714285,391,1,2,0.5,0,0
exclude_source_asin,union,200,False,935,389,1,7,0.14285714285714285,389,1,7,0.14285714285714285,0,0
exclude_source_asin,union,200,False,940,398,1,8,0.125,398,1,8,0.125,0,0
exclude_source_asin,union,200,False,958,397,1,7,0.14285714285714285,397,1,5,0.2,0,0
exclude_source_asin,union,200,False,1077,398,1,7,0.14285714285714285,398,1,7,0.14285714285714285,0,0
exclude_source_asin,union,200,False,1090,396,2,15,0.13333333333333333,396,2,13,0.15384615384615385,0,0
exclude_source_asin,union,200,False,1098,397,1,8,0.125,397,1,8,0.125,0,0
exclude_source_asin,union,200,False,1127,395,4,6,0.6666666666666666,395,4,5,0.8,0,0
exclude_source_asin,union,200,False,1145,396,1,6,0.16666666666666666,396,1,4,0.25,0,0
exclude_source_asin,union,200,False,1164,396,1,8,0.125,396,1,7,0.14285714285714285,0,0
exclude_source_asin,union,200,False,1204,398,0,37,0.0,398,0,36,0.0,0,0
exclude_source_asin,union,200,False,1263,398,1,8,0.125,398,1,7,0.14285714285714285,0,0
exclude_source_asin,union,200,False,1285,396,3,5,0.6,396,3,4,0.75,0,0
exclude_source_asin,union,200,False,1313,390,2,12,0.16666666666666666,390,2,12,0.16666666666666666,0,0
exclude_source_asin,union,200,False,1323,396,0,5,0.0,396,0,3,0.0,0,0
exclude_source_asin,union,200,False,1365,400,0,26,0.0,400,0,26,0.0,0,0
exclude_source_asin,union,200,False,1376,394,1,5,0.2,394,1,4,0.25,0,0
exclude_source_asin,union,200,False,1382,399,0,10,0.0,399,0,10,0.0,0,0
exclude_source_asin,union,200,False,1397,388,0,5,0.0,388,0,1,0.0,0,0
exclude_source_asin,union,200,False,1428,395,0,6,0.0,395,0,6,0.0,0,0
exclude_source_asin,union,200,False,1440,399,0,5,0.0,399,0,5,0.0,0,0
exclude_source_asin,union,200,False,1447,400,0,6,0.0,400,0,3,0.0,0,0
exclude_source_asin,union,200,False,1467,398,0,5,0.0,398,0,4,0.0,0,0
exclude_source_asin,union,200,False,1472,398,3,9,0.3333333333333333,398,3,8,0.375,0,0
exclude_source_asin,union,200,False,1494,398,0,15,0.0,398,0,12,0.0,0,0
exclude_source_asin,union,200,False,1500,397,0,6,0.0,397,0,5,0.0,0,0
exclude_source_asin,union,200,False,1503,398,3,6,0.5,398,3,6,0.5,0,0
exclude_source_asin,union,200,False,1527,399,0,7,0.0,399,0,5,0.0,0,0
exclude_source_asin,union,200,False,1530,398,0,7,0.0,398,0,4,0.0,0,0
exclude_source_asin,union,200,False,1532,397,0,5,0.0,397,0,3,0.0,0,0
exclude_source_asin,union,200,False,1540,394,0,31,0.0,394,0,25,0.0,0,0
exclude_source_asin,union,200,False,1604,400,1,15,0.06666666666666667,400,1,15,0.06666666666666667,0,0
exclude_source_asin,union,200,False,1640,399,0,16,0.0,399,0,15,0.0,0,0
exclude_source_asin,union,200,False,1644,397,0,7,0.0,397,0,7,0.0,0,0
exclude_source_asin,union,200,False,1661,398,0,6,0.0,398,0,4,0.0,0,0
exclude_source_asin,union,200,False,1742,398,4,51,0.0784313725490196,398,4,51,0.0784313725490196,0,0
exclude_source_asin,union,200,False,1750,395,1,8,0.125,395,1,8,0.125,0,0
exclude_source_asin,union,200,False,1753,200,0,5,0.0,200,0,4,0.0,0,0
exclude_source_asin,union,200,False,1765,396,1,6,0.16666666666666666,396,1,3,0.3333333333333333,0,0
exclude_source_asin,union,200,False,1773,398,0,5,0.0,398,0,3,0.0,0,0
exclude_source_asin,union,200,False,1774,397,0,6,0.0,397,0,5,0.0,0,0
exclude_source_asin,union,200,False,1824,399,1,13,0.07692307692307693,399,1,13,0.07692307692307693,0,0
exclude_source_asin,union,200,False,1838,397,0,6,0.0,397,0,6,0.0,0,0
exclude_source_asin,union,200,False,1865,393,2,21,0.09523809523809523,393,2,19,0.10526315789473684,0,0
exclude_source_asin,union,200,False,1881,396,0,7,0.0,396,0,6,0.0,0,0
exclude_source_asin,union,200,False,1896,398,0,13,0.0,398,0,13,0.0,0,0
exclude_source_asin,union,200,False,1920,399,0,5,0.0,399,0,3,0.0,0,0
exclude_source_asin,union,200,False,1921,396,0,5,0.0,396,0,4,0.0,0,0
exclude_source_asin,union,200,False,1945,394,1,12,0.08333333333333333,394,1,12,0.08333333333333333,0,0
exclude_source_asin,union,200,False,1955,395,0,7,0.0,395,0,7,0.0,0,0
exclude_source_asin,union,200,False,1967,399,0,5,0.0,399,0,5,0.0,0,0
exclude_source_asin,union,200,False,1970,397,1,12,0.08333333333333333,397,1,12,0.08333333333333333,0,0
exclude_source_asin,union,200,False,1991,398,0,5,0.0,398,0,3,0.0,0,0
exclude_source_asin,union,200,False,2016,396,9,30,0.3,396,9,29,0.3103448275862069,0,0
exclude_source_asin,union,200,False,2031,398,1,19,0.05263157894736842,398,1,18,0.05555555555555555,0,0
exclude_source_asin,union,200,False,2040,400,1,8,0.125,400,1,8,0.125,0,0
exclude_source_asin,union,200,False,2050,398,4,16,0.25,398,4,16,0.25,0,0
exclude_source_asin,union,200,False,2069,394,0,5,0.0,394,0,5,0.0,0,0
exclude_source_asin,union,200,False,2096,397,1,6,0.16666666666666666,397,1,5,0.2,0,0
exclude_source_asin,union,200,False,2104,399,0,11,0.0,399,0,11,0.0,0,0
exclude_source_asin,union,200,False,2110,399,2,13,0.15384615384615385,399,2,12,0.16666666666666666,0,0
exclude_source_asin,union,200,False,2126,399,2,15,0.13333333333333333,399,2,14,0.14285714285714285,0,0
exclude_source_asin,union,200,False,2134,392,1,9,0.1111111111111111,392,1,7,0.14285714285714285,0,0
exclude_source_asin,union,200,False,2174,397,0,12,0.0,397,0,11,0.0,0,0
exclude_source_asin,union,200,False,2181,394,0,5,0.0,394,0,4,0.0,0,0
exclude_source_asin,union,200,False,2183,399,1,11,0.09090909090909091,399,1,11,0.09090909090909091,0,0
exclude_source_asin,union,200,False,2204,396,1,17,0.058823529411764705,396,1,17,0.058823529411764705,0,0
exclude_source_asin,union,200,False,2220,394,0,7,0.0,394,0,6,0.0,0,0
exclude_source_asin,union,200,False,2247,400,0,5,0.0,400,0,1,0.0,0,0
exclude_source_asin,union,200,False,2271,398,0,6,0.0,398,0,5,0.0,0,0
exclude_source_asin,union,200,False,2287,394,0,10,0.0,394,0,10,0.0,0,0
exclude_source_asin,union,200,False,2316,400,2,8,0.25,400,2,5,0.4,0,0
exclude_source_asin,union,200,False,2336,390,5,53,0.09433962264150944,390,5,52,0.09615384615384616,0,0
exclude_source_asin,union,200,False,2354,396,0,6,0.0,396,0,5,0.0,0,0
exclude_source_asin,union,200,False,2412,400,1,9,0.1111111111111111,400,1,7,0.14285714285714285,0,0
exclude_source_asin,union,200,False,2441,395,1,9,0.1111111111111111,395,1,9,0.1111111111111111,0,0
exclude_source_asin,union,200,False,2443,399,2,7,0.2857142857142857,399,2,7,0.2857142857142857,0,0
exclude_source_asin,union,200,False,2481,388,0,13,0.0,388,0,13,0.0,0,0
exclude_source_asin,union,200,False,2505,395,5,18,0.2777777777777778,395,5,18,0.2777777777777778,0,0
exclude_source_asin,union,200,False,2527,395,4,9,0.4444444444444444,395,4,9,0.4444444444444444,0,0
exclude_source_asin,union,200,False,2531,397,3,39,0.07692307692307693,397,3,39,0.07692307692307693,0,0
exclude_source_asin,union,200,False,2569,398,0,5,0.0,398,0,4,0.0,0,0
exclude_source_asin,union,200,False,2645,397,2,9,0.2222222222222222,397,2,8,0.25,0,0
exclude_source_asin,union,200,False,2652,397,0,31,0.0,397,0,31,0.0,0,0
exclude_source_asin,union,200,False,2665,393,0,6,0.0,393,0,6,0.0,0,0
exclude_source_asin,union,200,False,2669,397,0,5,0.0,397,0,2,0.0,0,0
exclude_source_asin,union,200,False,2675,399,1,15,0.06666666666666667,399,1,13,0.07692307692307693,0,0
exclude_source_asin,union,200,False,2756,397,0,17,0.0,397,0,15,0.0,0,0
exclude_source_asin,union,200,False,2766,399,1,16,0.0625,399,1,15,0.06666666666666667,0,0
exclude_source_asin,union,200,False,2781,398,4,13,0.3076923076923077,398,4,12,0.3333333333333333,0,0
exclude_source_asin,union,200,False,2782,397,0,7,0.0,397,0,7,0.0,0,0
exclude_source_asin,union,200,False,2783,399,1,5,0.2,399,1,4,0.25,0,0
exclude_source_asin,union,200,False,2821,398,3,23,0.13043478260869565,398,3,22,0.13636363636363635,0,0
exclude_source_asin,union,200,False,2844,400,0,5,0.0,400,0,5,0.0,0,0
exclude_source_asin,union,200,False,2862,400,0,9,0.0,400,0,9,0.0,0,0
exclude_source_asin,union,200,False,2879,397,0,5,0.0,397,0,2,0.0,0,0
exclude_source_asin,union,200,False,2906,400,0,6,0.0,400,0,5,0.0,0,0
exclude_source_asin,union,200,False,2923,395,1,5,0.2,395,1,5,0.2,0,0
exclude_source_asin,union,200,False,2930,394,0,5,0.0,394,0,4,0.0,0,0
exclude_source_asin,union,200,False,2957,399,0,8,0.0,399,0,8,0.0,0,0
exclude_source_asin,union,200,False,2988,400,0,6,0.0,400,0,6,0.0,0,0
exclude_source_asin,union,200,False,2990,400,0,5,0.0,400,0,4,0.0,0,0
exclude_source_asin,union,200,False,3003,398,0,6,0.0,398,0,5,0.0,0,0
exclude_source_asin,union,200,False,3013,395,2,5,0.4,395,2,5,0.4,0,0
exclude_source_asin,union,200,False,3035,399,0,7,0.0,399,0,7,0.0,0,0
exclude_source_asin,union,200,False,3059,396,2,9,0.2222222222222222,396,2,9,0.2222222222222222,0,0
exclude_source_asin,union,200,False,3082,395,1,10,0.1,395,1,8,0.125,0,0
exclude_source_asin,union,200,False,3099,398,0,5,0.0,398,0,3,0.0,0,0
exclude_source_asin,union,200,False,3118,400,0,14,0.0,400,0,13,0.0,0,0
exclude_source_asin,union,200,False,3120,396,0,9,0.0,396,0,8,0.0,0,0
