method,k,policy,user_id,candidates,observed_hits,hidden_interactions,hidden_history_recall,different_asin_candidates,different_asin_hits,different_asin_hidden_interactions,different_asin_recall,same_asin_candidates,same_asin_hits
popularity,10,standard,42,10,0,13,0.0,10,0,12,0.0,0,0
popularity,10,standard,56,10,0,5,0.0,10,0,4,0.0,0,0
popularity,10,standard,69,10,1,6,0.16666666666666666,10,1,5,0.2,0,0
popularity,10,standard,70,10,0,7,0.0,10,0,7,0.0,0,0
popularity,10,standard,85,10,0,7,0.0,10,0,6,0.0,0,0
popularity,10,standard,111,10,0,11,0.0,10,0,11,0.0,0,0
popularity,10,standard,176,10,0,5,0.0,10,0,2,0.0,0,0
popularity,10,standard,209,10,0,5,0.0,10,0,5,0.0,0,0
popularity,10,standard,210,10,0,8,0.0,10,0,6,0.0,0,0
popularity,10,standard,224,10,0,21,0.0,10,0,19,0.0,0,0
popularity,10,standard,230,10,0,7,0.0,10,0,7,0.0,0,0
popularity,10,standard,304,10,0,8,0.0,10,0,8,0.0,0,0
popularity,10,standard,326,10,0,5,0.0,10,0,4,0.0,0,0
popularity,10,standard,328,10,0,25,0.0,10,0,23,0.0,0,0
popularity,10,standard,344,10,0,9,0.0,10,0,8,0.0,0,0
popularity,10,standard,370,10,0,7,0.0,10,0,7,0.0,0,0
popularity,10,standard,372,10,0,5,0.0,10,0,1,0.0,0,0
popularity,10,standard,408,10,0,18,0.0,10,0,17,0.0,0,0
popularity,10,standard,410,10,0,7,0.0,10,0,6,0.0,0,0
popularity,10,standard,426,10,0,5,0.0,10,0,0,,0,0
popularity,10,standard,449,10,0,10,0.0,10,0,10,0.0,0,0
popularity,10,standard,451,10,0,8,0.0,10,0,7,0.0,0,0
popularity,10,standard,459,10,0,10,0.0,10,0,5,0.0,0,0
popularity,10,standard,538,10,0,10,0.0,10,0,8,0.0,0,0
popularity,10,standard,555,10,0,5,0.0,10,0,5,0.0,0,0
popularity,10,standard,560,10,0,9,0.0,10,0,8,0.0,0,0
popularity,10,standard,567,10,0,5,0.0,10,0,5,0.0,0,0
popularity,10,standard,581,10,0,5,0.0,10,0,5,0.0,0,0
popularity,10,standard,588,10,0,5,0.0,10,0,5,0.0,0,0
popularity,10,standard,590,10,0,11,0.0,10,0,10,0.0,0,0
popularity,10,standard,596,10,0,5,0.0,10,0,2,0.0,0,0
popularity,10,standard,599,10,0,6,0.0,10,0,3,0.0,0,0
popularity,10,standard,605,10,0,10,0.0,10,0,10,0.0,0,0
popularity,10,standard,670,10,0,6,0.0,10,0,6,0.0,0,0
popularity,10,standard,709,10,0,8,0.0,10,0,8,0.0,0,0
popularity,10,standard,743,10,0,5,0.0,10,0,4,0.0,0,0
popularity,10,standard,781,10,0,5,0.0,10,0,4,0.0,0,0
popularity,10,standard,803,10,0,8,0.0,10,0,7,0.0,0,0
popularity,10,standard,805,10,0,19,0.0,10,0,16,0.0,0,0
popularity,10,standard,810,10,0,5,0.0,10,0,5,0.0,0,0
popularity,10,standard,820,10,0,19,0.0,10,0,17,0.0,0,0
popularity,10,standard,822,10,0,9,0.0,10,0,9,0.0,0,0
popularity,10,standard,824,10,0,9,0.0,10,0,8,0.0,0,0
popularity,10,standard,833,10,0,7,0.0,10,0,6,0.0,0,0
popularity,10,standard,836,10,1,6,0.16666666666666666,10,1,6,0.16666666666666666,0,0
popularity,10,standard,912,10,0,5,0.0,10,0,3,0.0,0,0
popularity,10,standard,932,10,0,7,0.0,10,0,2,0.0,0,0
popularity,10,standard,935,10,0,7,0.0,10,0,7,0.0,0,0
popularity,10,standard,940,10,0,8,0.0,10,0,8,0.0,0,0
popularity,10,standard,958,10,0,7,0.0,10,0,5,0.0,0,0
popularity,10,standard,1077,10,0,7,0.0,10,0,7,0.0,0,0
popularity,10,standard,1090,10,0,15,0.0,10,0,13,0.0,0,0
popularity,10,standard,1098,10,0,8,0.0,10,0,8,0.0,0,0
popularity,10,standard,1127,10,0,6,0.0,10,0,5,0.0,0,0
popularity,10,standard,1145,10,0,6,0.0,10,0,4,0.0,0,0
popularity,10,standard,1164,10,0,8,0.0,10,0,7,0.0,0,0
popularity,10,standard,1204,10,0,37,0.0,10,0,36,0.0,0,0
popularity,10,standard,1263,10,0,8,0.0,10,0,7,0.0,0,0
popularity,10,standard,1285,10,0,5,0.0,10,0,4,0.0,0,0
popularity,10,standard,1313,10,0,12,0.0,10,0,12,0.0,0,0
popularity,10,standard,1323,10,0,5,0.0,10,0,3,0.0,0,0
popularity,10,standard,1365,10,0,26,0.0,10,0,26,0.0,0,0
popularity,10,standard,1376,10,0,5,0.0,10,0,4,0.0,0,0
popularity,10,standard,1382,10,0,10,0.0,10,0,10,0.0,0,0
popularity,10,standard,1397,10,0,5,0.0,10,0,1,0.0,0,0
popularity,10,standard,1428,10,0,6,0.0,10,0,6,0.0,0,0
popularity,10,standard,1440,10,0,5,0.0,10,0,5,0.0,0,0
popularity,10,standard,1447,10,0,6,0.0,10,0,3,0.0,0,0
popularity,10,standard,1467,10,0,5,0.0,10,0,4,0.0,0,0
popularity,10,standard,1472,10,0,9,0.0,10,0,8,0.0,0,0
popularity,10,standard,1494,10,0,15,0.0,10,0,12,0.0,0,0
popularity,10,standard,1500,10,0,6,0.0,10,0,5,0.0,0,0
popularity,10,standard,1503,10,1,6,0.16666666666666666,10,1,6,0.16666666666666666,0,0
popularity,10,standard,1527,10,0,7,0.0,10,0,5,0.0,0,0
popularity,10,standard,1530,10,0,7,0.0,10,0,4,0.0,0,0
popularity,10,standard,1532,10,0,5,0.0,10,0,3,0.0,0,0
popularity,10,standard,1540,10,0,31,0.0,10,0,25,0.0,0,0
popularity,10,standard,1604,10,0,15,0.0,10,0,15,0.0,0,0
popularity,10,standard,1640,10,0,16,0.0,10,0,15,0.0,0,0
popularity,10,standard,1644,10,0,7,0.0,10,0,7,0.0,0,0
popularity,10,standard,1661,10,0,6,0.0,10,0,4,0.0,0,0
popularity,10,standard,1742,10,1,51,0.0196078431372549,10,1,51,0.0196078431372549,0,0
popularity,10,standard,1750,10,0,8,0.0,10,0,8,0.0,0,0
popularity,10,standard,1753,10,0,5,0.0,10,0,4,0.0,0,0
popularity,10,standard,1765,10,0,6,0.0,10,0,3,0.0,0,0
popularity,10,standard,1773,10,0,5,0.0,10,0,3,0.0,0,0
popularity,10,standard,1774,10,0,6,0.0,10,0,5,0.0,0,0
popularity,10,standard,1824,10,0,13,0.0,10,0,13,0.0,0,0
popularity,10,standard,1838,10,0,6,0.0,10,0,6,0.0,0,0
popularity,10,standard,1865,10,0,21,0.0,10,0,19,0.0,0,0
popularity,10,standard,1881,10,0,7,0.0,10,0,6,0.0,0,0
popularity,10,standard,1896,10,0,13,0.0,10,0,13,0.0,0,0
popularity,10,standard,1920,10,0,5,0.0,10,0,3,0.0,0,0
popularity,10,standard,1921,10,0,5,0.0,10,0,4,0.0,0,0
popularity,10,standard,1945,10,0,12,0.0,10,0,12,0.0,0,0
popularity,10,standard,1955,10,0,7,0.0,10,0,7,0.0,0,0
popularity,10,standard,1967,10,0,5,0.0,10,0,5,0.0,0,0
popularity,10,standard,1970,10,0,12,0.0,10,0,12,0.0,0,0
popularity,10,standard,1991,10,0,5,0.0,10,0,3,0.0,0,0
popularity,10,standard,2016,10,0,30,0.0,10,0,29,0.0,0,0
popularity,10,standard,2031,10,0,19,0.0,10,0,18,0.0,0,0
popularity,10,standard,2040,10,0,8,0.0,10,0,8,0.0,0,0
popularity,10,standard,2050,10,0,16,0.0,10,0,16,0.0,0,0
popularity,10,standard,2069,10,0,5,0.0,10,0,5,0.0,0,0
popularity,10,standard,2096,10,0,6,0.0,10,0,5,0.0,0,0
popularity,10,standard,2104,10,0,11,0.0,10,0,11,0.0,0,0
popularity,10,standard,2110,10,0,13,0.0,10,0,12,0.0,0,0
popularity,10,standard,2126,10,0,15,0.0,10,0,14,0.0,0,0
popularity,10,standard,2134,10,0,9,0.0,10,0,7,0.0,0,0
popularity,10,standard,2174,10,0,12,0.0,10,0,11,0.0,0,0
popularity,10,standard,2181,10,0,5,0.0,10,0,4,0.0,0,0
popularity,10,standard,2183,10,0,11,0.0,10,0,11,0.0,0,0
popularity,10,standard,2204,10,0,17,0.0,10,0,17,0.0,0,0
popularity,10,standard,2220,10,0,7,0.0,10,0,6,0.0,0,0
popularity,10,standard,2247,10,0,5,0.0,10,0,1,0.0,0,0
popularity,10,standard,2271,10,0,6,0.0,10,0,5,0.0,0,0
popularity,10,standard,2287,10,0,10,0.0,10,0,10,0.0,0,0
popularity,10,standard,2316,10,0,8,0.0,10,0,5,0.0,0,0
popularity,10,standard,2336,10,2,53,0.03773584905660377,10,2,52,0.038461538461538464,0,0
popularity,10,standard,2354,10,0,6,0.0,10,0,5,0.0,0,0
popularity,10,standard,2412,10,0,9,0.0,10,0,7,0.0,0,0
popularity,10,standard,2441,10,0,9,0.0,10,0,9,0.0,0,0
popularity,10,standard,2443,10,0,7,0.0,10,0,7,0.0,0,0
popularity,10,standard,2481,10,0,13,0.0,10,0,13,0.0,0,0
popularity,10,standard,2505,10,0,18,0.0,10,0,18,0.0,0,0
popularity,10,standard,2527,10,2,9,0.2222222222222222,10,2,9,0.2222222222222222,0,0
popularity,10,standard,2531,10,0,39,0.0,10,0,39,0.0,0,0
popularity,10,standard,2569,10,0,5,0.0,10,0,4,0.0,0,0
popularity,10,standard,2645,10,0,9,0.0,10,0,8,0.0,0,0
popularity,10,standard,2652,10,0,31,0.0,10,0,31,0.0,0,0
popularity,10,standard,2665,10,0,6,0.0,10,0,6,0.0,0,0
popularity,10,standard,2669,10,0,5,0.0,10,0,2,0.0,0,0
popularity,10,standard,2675,10,0,15,0.0,10,0,13,0.0,0,0
popularity,10,standard,2756,10,0,17,0.0,10,0,15,0.0,0,0
popularity,10,standard,2766,10,0,16,0.0,10,0,15,0.0,0,0
popularity,10,standard,2781,10,0,13,0.0,10,0,12,0.0,0,0
popularity,10,standard,2782,10,0,7,0.0,10,0,7,0.0,0,0
popularity,10,standard,2783,10,0,5,0.0,10,0,4,0.0,0,0
popularity,10,standard,2821,10,0,23,0.0,10,0,22,0.0,0,0
popularity,10,standard,2844,10,0,5,0.0,10,0,5,0.0,0,0
popularity,10,standard,2862,10,0,9,0.0,10,0,9,0.0,0,0
popularity,10,standard,2879,10,0,5,0.0,10,0,2,0.0,0,0
popularity,10,standard,2906,10,0,6,0.0,10,0,5,0.0,0,0
popularity,10,standard,2923,10,0,5,0.0,10,0,5,0.0,0,0
popularity,10,standard,2930,10,0,5,0.0,10,0,4,0.0,0,0
popularity,10,standard,2957,10,0,8,0.0,10,0,8,0.0,0,0
popularity,10,standard,2988,10,0,6,0.0,10,0,6,0.0,0,0
popularity,10,standard,2990,10,0,5,0.0,10,0,4,0.0,0,0
popularity,10,standard,3003,10,0,6,0.0,10,0,5,0.0,0,0
popularity,10,standard,3013,10,0,5,0.0,10,0,5,0.0,0,0
popularity,10,standard,3035,10,0,7,0.0,10,0,7,0.0,0,0
popularity,10,standard,3059,10,0,9,0.0,10,0,9,0.0,0,0
popularity,10,standard,3082,10,0,10,0.0,10,0,8,0.0,0,0
popularity,10,standard,3099,10,0,5,0.0,10,0,3,0.0,0,0
popularity,10,standard,3118,10,0,14,0.0,10,0,13,0.0,0,0
popularity,10,standard,3120,10,0,9,0.0,10,0,8,0.0,0,0
popularity,20,standard,42,20,0,13,0.0,20,0,12,0.0,0,0
popularity,20,standard,56,20,0,5,0.0,20,0,4,0.0,0,0
popularity,20,standard,69,20,1,6,0.16666666666666666,20,1,5,0.2,0,0
popularity,20,standard,70,20,0,7,0.0,20,0,7,0.0,0,0
popularity,20,standard,85,20,0,7,0.0,20,0,6,0.0,0,0
popularity,20,standard,111,20,0,11,0.0,20,0,11,0.0,0,0
popularity,20,standard,176,20,0,5,0.0,20,0,2,0.0,0,0
popularity,20,standard,209,20,0,5,0.0,20,0,5,0.0,0,0
popularity,20,standard,210,20,0,8,0.0,20,0,6,0.0,0,0
popularity,20,standard,224,20,0,21,0.0,20,0,19,0.0,0,0
popularity,20,standard,230,20,1,7,0.14285714285714285,20,1,7,0.14285714285714285,0,0
popularity,20,standard,304,20,0,8,0.0,20,0,8,0.0,0,0
popularity,20,standard,326,20,0,5,0.0,20,0,4,0.0,0,0
popularity,20,standard,328,20,0,25,0.0,20,0,23,0.0,0,0
popularity,20,standard,344,20,0,9,0.0,20,0,8,0.0,0,0
popularity,20,standard,370,20,0,7,0.0,20,0,7,0.0,0,0
popularity,20,standard,372,20,0,5,0.0,20,0,1,0.0,0,0
popularity,20,standard,408,20,0,18,0.0,20,0,17,0.0,0,0
popularity,20,standard,410,20,0,7,0.0,20,0,6,0.0,0,0
popularity,20,standard,426,20,0,5,0.0,20,0,0,,0,0
popularity,20,standard,449,20,0,10,0.0,20,0,10,0.0,0,0
popularity,20,standard,451,20,0,8,0.0,20,0,7,0.0,0,0
popularity,20,standard,459,20,0,10,0.0,20,0,5,0.0,0,0
popularity,20,standard,538,20,0,10,0.0,20,0,8,0.0,0,0
popularity,20,standard,555,20,0,5,0.0,20,0,5,0.0,0,0
popularity,20,standard,560,20,0,9,0.0,20,0,8,0.0,0,0
popularity,20,standard,567,20,0,5,0.0,20,0,5,0.0,0,0
popularity,20,standard,581,20,0,5,0.0,20,0,5,0.0,0,0
popularity,20,standard,588,20,0,5,0.0,20,0,5,0.0,0,0
popularity,20,standard,590,20,0,11,0.0,20,0,10,0.0,0,0
popularity,20,standard,596,20,0,5,0.0,20,0,2,0.0,0,0
popularity,20,standard,599,20,0,6,0.0,20,0,3,0.0,0,0
popularity,20,standard,605,20,0,10,0.0,20,0,10,0.0,0,0
popularity,20,standard,670,20,0,6,0.0,20,0,6,0.0,0,0
popularity,20,standard,709,20,0,8,0.0,20,0,8,0.0,0,0
popularity,20,standard,743,20,0,5,0.0,20,0,4,0.0,0,0
popularity,20,standard,781,20,0,5,0.0,20,0,4,0.0,0,0
popularity,20,standard,803,20,0,8,0.0,20,0,7,0.0,0,0
popularity,20,standard,805,20,0,19,0.0,20,0,16,0.0,0,0
popularity,20,standard,810,20,0,5,0.0,20,0,5,0.0,0,0
popularity,20,standard,820,20,0,19,0.0,20,0,17,0.0,0,0
popularity,20,standard,822,20,0,9,0.0,20,0,9,0.0,0,0
popularity,20,standard,824,20,0,9,0.0,20,0,8,0.0,0,0
popularity,20,standard,833,20,0,7,0.0,20,0,6,0.0,0,0
popularity,20,standard,836,20,1,6,0.16666666666666666,20,1,6,0.16666666666666666,0,0
popularity,20,standard,912,20,0,5,0.0,20,0,3,0.0,0,0
popularity,20,standard,932,20,0,7,0.0,20,0,2,0.0,0,0
popularity,20,standard,935,20,0,7,0.0,20,0,7,0.0,0,0
popularity,20,standard,940,20,0,8,0.0,20,0,8,0.0,0,0
popularity,20,standard,958,20,0,7,0.0,20,0,5,0.0,0,0
popularity,20,standard,1077,20,0,7,0.0,20,0,7,0.0,0,0
popularity,20,standard,1090,20,0,15,0.0,20,0,13,0.0,0,0
popularity,20,standard,1098,20,0,8,0.0,20,0,8,0.0,0,0
popularity,20,standard,1127,20,0,6,0.0,20,0,5,0.0,0,0
popularity,20,standard,1145,20,0,6,0.0,20,0,4,0.0,0,0
popularity,20,standard,1164,20,0,8,0.0,20,0,7,0.0,0,0
popularity,20,standard,1204,20,0,37,0.0,20,0,36,0.0,0,0
popularity,20,standard,1263,20,0,8,0.0,20,0,7,0.0,0,0
popularity,20,standard,1285,20,0,5,0.0,20,0,4,0.0,0,0
popularity,20,standard,1313,20,0,12,0.0,20,0,12,0.0,0,0
popularity,20,standard,1323,20,0,5,0.0,20,0,3,0.0,0,0
popularity,20,standard,1365,20,0,26,0.0,20,0,26,0.0,0,0
popularity,20,standard,1376,20,0,5,0.0,20,0,4,0.0,0,0
popularity,20,standard,1382,20,0,10,0.0,20,0,10,0.0,0,0
popularity,20,standard,1397,20,0,5,0.0,20,0,1,0.0,0,0
popularity,20,standard,1428,20,0,6,0.0,20,0,6,0.0,0,0
popularity,20,standard,1440,20,0,5,0.0,20,0,5,0.0,0,0
popularity,20,standard,1447,20,0,6,0.0,20,0,3,0.0,0,0
popularity,20,standard,1467,20,0,5,0.0,20,0,4,0.0,0,0
popularity,20,standard,1472,20,0,9,0.0,20,0,8,0.0,0,0
popularity,20,standard,1494,20,0,15,0.0,20,0,12,0.0,0,0
popularity,20,standard,1500,20,0,6,0.0,20,0,5,0.0,0,0
popularity,20,standard,1503,20,2,6,0.3333333333333333,20,2,6,0.3333333333333333,0,0
popularity,20,standard,1527,20,0,7,0.0,20,0,5,0.0,0,0
popularity,20,standard,1530,20,0,7,0.0,20,0,4,0.0,0,0
popularity,20,standard,1532,20,0,5,0.0,20,0,3,0.0,0,0
popularity,20,standard,1540,20,0,31,0.0,20,0,25,0.0,0,0
popularity,20,standard,1604,20,0,15,0.0,20,0,15,0.0,0,0
popularity,20,standard,1640,20,0,16,0.0,20,0,15,0.0,0,0
popularity,20,standard,1644,20,0,7,0.0,20,0,7,0.0,0,0
popularity,20,standard,1661,20,0,6,0.0,20,0,4,0.0,0,0
popularity,20,standard,1742,20,3,51,0.058823529411764705,20,3,51,0.058823529411764705,0,0
popularity,20,standard,1750,20,0,8,0.0,20,0,8,0.0,0,0
popularity,20,standard,1753,20,0,5,0.0,20,0,4,0.0,0,0
popularity,20,standard,1765,20,0,6,0.0,20,0,3,0.0,0,0
popularity,20,standard,1773,20,0,5,0.0,20,0,3,0.0,0,0
popularity,20,standard,1774,20,0,6,0.0,20,0,5,0.0,0,0
popularity,20,standard,1824,20,0,13,0.0,20,0,13,0.0,0,0
popularity,20,standard,1838,20,0,6,0.0,20,0,6,0.0,0,0
popularity,20,standard,1865,20,0,21,0.0,20,0,19,0.0,0,0
popularity,20,standard,1881,20,0,7,0.0,20,0,6,0.0,0,0
popularity,20,standard,1896,20,0,13,0.0,20,0,13,0.0,0,0
popularity,20,standard,1920,20,0,5,0.0,20,0,3,0.0,0,0
popularity,20,standard,1921,20,0,5,0.0,20,0,4,0.0,0,0
popularity,20,standard,1945,20,0,12,0.0,20,0,12,0.0,0,0
popularity,20,standard,1955,20,0,7,0.0,20,0,7,0.0,0,0
popularity,20,standard,1967,20,0,5,0.0,20,0,5,0.0,0,0
popularity,20,standard,1970,20,0,12,0.0,20,0,12,0.0,0,0
popularity,20,standard,1991,20,0,5,0.0,20,0,3,0.0,0,0
popularity,20,standard,2016,20,0,30,0.0,20,0,29,0.0,0,0
popularity,20,standard,2031,20,0,19,0.0,20,0,18,0.0,0,0
popularity,20,standard,2040,20,0,8,0.0,20,0,8,0.0,0,0
popularity,20,standard,2050,20,0,16,0.0,20,0,16,0.0,0,0
popularity,20,standard,2069,20,0,5,0.0,20,0,5,0.0,0,0
popularity,20,standard,2096,20,0,6,0.0,20,0,5,0.0,0,0
popularity,20,standard,2104,20,0,11,0.0,20,0,11,0.0,0,0
popularity,20,standard,2110,20,0,13,0.0,20,0,12,0.0,0,0
popularity,20,standard,2126,20,0,15,0.0,20,0,14,0.0,0,0
popularity,20,standard,2134,20,0,9,0.0,20,0,7,0.0,0,0
popularity,20,standard,2174,20,1,12,0.08333333333333333,20,1,11,0.09090909090909091,0,0
popularity,20,standard,2181,20,0,5,0.0,20,0,4,0.0,0,0
popularity,20,standard,2183,20,0,11,0.0,20,0,11,0.0,0,0
popularity,20,standard,2204,20,0,17,0.0,20,0,17,0.0,0,0
popularity,20,standard,2220,20,0,7,0.0,20,0,6,0.0,0,0
popularity,20,standard,2247,20,0,5,0.0,20,0,1,0.0,0,0
popularity,20,standard,2271,20,0,6,0.0,20,0,5,0.0,0,0
popularity,20,standard,2287,20,0,10,0.0,20,0,10,0.0,0,0
popularity,20,standard,2316,20,0,8,0.0,20,0,5,0.0,0,0
popularity,20,standard,2336,20,2,53,0.03773584905660377,20,2,52,0.038461538461538464,0,0
popularity,20,standard,2354,20,0,6,0.0,20,0,5,0.0,0,0
popularity,20,standard,2412,20,0,9,0.0,20,0,7,0.0,0,0
popularity,20,standard,2441,20,0,9,0.0,20,0,9,0.0,0,0
popularity,20,standard,2443,20,0,7,0.0,20,0,7,0.0,0,0
popularity,20,standard,2481,20,0,13,0.0,20,0,13,0.0,0,0
popularity,20,standard,2505,20,0,18,0.0,20,0,18,0.0,0,0
popularity,20,standard,2527,20,2,9,0.2222222222222222,20,2,9,0.2222222222222222,0,0
popularity,20,standard,2531,20,0,39,0.0,20,0,39,0.0,0,0
popularity,20,standard,2569,20,0,5,0.0,20,0,4,0.0,0,0
popularity,20,standard,2645,20,0,9,0.0,20,0,8,0.0,0,0
popularity,20,standard,2652,20,0,31,0.0,20,0,31,0.0,0,0
popularity,20,standard,2665,20,0,6,0.0,20,0,6,0.0,0,0
popularity,20,standard,2669,20,0,5,0.0,20,0,2,0.0,0,0
popularity,20,standard,2675,20,0,15,0.0,20,0,13,0.0,0,0
popularity,20,standard,2756,20,0,17,0.0,20,0,15,0.0,0,0
popularity,20,standard,2766,20,0,16,0.0,20,0,15,0.0,0,0
popularity,20,standard,2781,20,0,13,0.0,20,0,12,0.0,0,0
popularity,20,standard,2782,20,0,7,0.0,20,0,7,0.0,0,0
popularity,20,standard,2783,20,0,5,0.0,20,0,4,0.0,0,0
popularity,20,standard,2821,20,0,23,0.0,20,0,22,0.0,0,0
popularity,20,standard,2844,20,0,5,0.0,20,0,5,0.0,0,0
popularity,20,standard,2862,20,0,9,0.0,20,0,9,0.0,0,0
popularity,20,standard,2879,20,0,5,0.0,20,0,2,0.0,0,0
popularity,20,standard,2906,20,0,6,0.0,20,0,5,0.0,0,0
popularity,20,standard,2923,20,0,5,0.0,20,0,5,0.0,0,0
popularity,20,standard,2930,20,0,5,0.0,20,0,4,0.0,0,0
popularity,20,standard,2957,20,0,8,0.0,20,0,8,0.0,0,0
popularity,20,standard,2988,20,0,6,0.0,20,0,6,0.0,0,0
popularity,20,standard,2990,20,0,5,0.0,20,0,4,0.0,0,0
popularity,20,standard,3003,20,0,6,0.0,20,0,5,0.0,0,0
popularity,20,standard,3013,20,0,5,0.0,20,0,5,0.0,0,0
popularity,20,standard,3035,20,0,7,0.0,20,0,7,0.0,0,0
popularity,20,standard,3059,20,0,9,0.0,20,0,9,0.0,0,0
popularity,20,standard,3082,20,0,10,0.0,20,0,8,0.0,0,0
popularity,20,standard,3099,20,0,5,0.0,20,0,3,0.0,0,0
popularity,20,standard,3118,20,0,14,0.0,20,0,13,0.0,0,0
popularity,20,standard,3120,20,0,9,0.0,20,0,8,0.0,0,0
popularity,50,standard,42,50,0,13,0.0,50,0,12,0.0,0,0
popularity,50,standard,56,50,0,5,0.0,50,0,4,0.0,0,0
popularity,50,standard,69,50,1,6,0.16666666666666666,50,1,5,0.2,0,0
popularity,50,standard,70,50,0,7,0.0,50,0,7,0.0,0,0
popularity,50,standard,85,50,0,7,0.0,50,0,6,0.0,0,0
popularity,50,standard,111,50,0,11,0.0,50,0,11,0.0,0,0
popularity,50,standard,176,50,0,5,0.0,50,0,2,0.0,0,0
popularity,50,standard,209,50,0,5,0.0,50,0,5,0.0,0,0
popularity,50,standard,210,50,0,8,0.0,50,0,6,0.0,0,0
popularity,50,standard,224,50,1,21,0.047619047619047616,50,1,19,0.05263157894736842,0,0
popularity,50,standard,230,50,1,7,0.14285714285714285,50,1,7,0.14285714285714285,0,0
popularity,50,standard,304,50,0,8,0.0,50,0,8,0.0,0,0
popularity,50,standard,326,50,0,5,0.0,50,0,4,0.0,0,0
popularity,50,standard,328,50,0,25,0.0,50,0,23,0.0,0,0
popularity,50,standard,344,50,0,9,0.0,50,0,8,0.0,0,0
popularity,50,standard,370,50,0,7,0.0,50,0,7,0.0,0,0
popularity,50,standard,372,50,0,5,0.0,50,0,1,0.0,0,0
popularity,50,standard,408,50,1,18,0.05555555555555555,50,1,17,0.058823529411764705,0,0
popularity,50,standard,410,50,0,7,0.0,50,0,6,0.0,0,0
popularity,50,standard,426,50,0,5,0.0,50,0,0,,0,0
popularity,50,standard,449,50,0,10,0.0,50,0,10,0.0,0,0
popularity,50,standard,451,50,0,8,0.0,50,0,7,0.0,0,0
popularity,50,standard,459,50,0,10,0.0,50,0,5,0.0,0,0
popularity,50,standard,538,50,1,10,0.1,50,1,8,0.125,0,0
popularity,50,standard,555,50,0,5,0.0,50,0,5,0.0,0,0
popularity,50,standard,560,50,0,9,0.0,50,0,8,0.0,0,0
popularity,50,standard,567,50,0,5,0.0,50,0,5,0.0,0,0
popularity,50,standard,581,50,0,5,0.0,50,0,5,0.0,0,0
popularity,50,standard,588,50,0,5,0.0,50,0,5,0.0,0,0
popularity,50,standard,590,50,0,11,0.0,50,0,10,0.0,0,0
popularity,50,standard,596,50,0,5,0.0,50,0,2,0.0,0,0
popularity,50,standard,599,50,0,6,0.0,50,0,3,0.0,0,0
popularity,50,standard,605,50,0,10,0.0,50,0,10,0.0,0,0
popularity,50,standard,670,50,0,6,0.0,50,0,6,0.0,0,0
popularity,50,standard,709,50,0,8,0.0,50,0,8,0.0,0,0
popularity,50,standard,743,50,0,5,0.0,50,0,4,0.0,0,0
popularity,50,standard,781,50,0,5,0.0,50,0,4,0.0,0,0
popularity,50,standard,803,50,0,8,0.0,50,0,7,0.0,0,0
popularity,50,standard,805,50,0,19,0.0,50,0,16,0.0,0,0
popularity,50,standard,810,50,0,5,0.0,50,0,5,0.0,0,0
popularity,50,standard,820,50,2,19,0.10526315789473684,50,2,17,0.11764705882352941,0,0
popularity,50,standard,822,50,0,9,0.0,50,0,9,0.0,0,0
popularity,50,standard,824,50,0,9,0.0,50,0,8,0.0,0,0
popularity,50,standard,833,50,0,7,0.0,50,0,6,0.0,0,0
popularity,50,standard,836,50,1,6,0.16666666666666666,50,1,6,0.16666666666666666,0,0
popularity,50,standard,912,50,0,5,0.0,50,0,3,0.0,0,0
popularity,50,standard,932,50,0,7,0.0,50,0,2,0.0,0,0
popularity,50,standard,935,50,0,7,0.0,50,0,7,0.0,0,0
popularity,50,standard,940,50,0,8,0.0,50,0,8,0.0,0,0
popularity,50,standard,958,50,0,7,0.0,50,0,5,0.0,0,0
popularity,50,standard,1077,50,0,7,0.0,50,0,7,0.0,0,0
popularity,50,standard,1090,50,1,15,0.06666666666666667,50,1,13,0.07692307692307693,0,0
popularity,50,standard,1098,50,0,8,0.0,50,0,8,0.0,0,0
popularity,50,standard,1127,50,0,6,0.0,50,0,5,0.0,0,0
popularity,50,standard,1145,50,0,6,0.0,50,0,4,0.0,0,0
popularity,50,standard,1164,50,0,8,0.0,50,0,7,0.0,0,0
popularity,50,standard,1204,50,2,37,0.05405405405405406,50,2,36,0.05555555555555555,0,0
popularity,50,standard,1263,50,0,8,0.0,50,0,7,0.0,0,0
popularity,50,standard,1285,50,0,5,0.0,50,0,4,0.0,0,0
popularity,50,standard,1313,50,1,12,0.08333333333333333,50,1,12,0.08333333333333333,0,0
popularity,50,standard,1323,50,0,5,0.0,50,0,3,0.0,0,0
popularity,50,standard,1365,50,0,26,0.0,50,0,26,0.0,0,0
popularity,50,standard,1376,50,0,5,0.0,50,0,4,0.0,0,0
popularity,50,standard,1382,50,0,10,0.0,50,0,10,0.0,0,0
popularity,50,standard,1397,50,0,5,0.0,50,0,1,0.0,0,0
popularity,50,standard,1428,50,0,6,0.0,50,0,6,0.0,0,0
popularity,50,standard,1440,50,0,5,0.0,50,0,5,0.0,0,0
popularity,50,standard,1447,50,0,6,0.0,50,0,3,0.0,0,0
popularity,50,standard,1467,50,0,5,0.0,50,0,4,0.0,0,0
popularity,50,standard,1472,50,1,9,0.1111111111111111,50,1,8,0.125,0,0
popularity,50,standard,1494,50,0,15,0.0,50,0,12,0.0,0,0
popularity,50,standard,1500,50,0,6,0.0,50,0,5,0.0,0,0
popularity,50,standard,1503,50,2,6,0.3333333333333333,50,2,6,0.3333333333333333,0,0
popularity,50,standard,1527,50,0,7,0.0,50,0,5,0.0,0,0
popularity,50,standard,1530,50,0,7,0.0,50,0,4,0.0,0,0
popularity,50,standard,1532,50,0,5,0.0,50,0,3,0.0,0,0
popularity,50,standard,1540,50,1,31,0.03225806451612903,50,1,25,0.04,0,0
popularity,50,standard,1604,50,2,15,0.13333333333333333,50,2,15,0.13333333333333333,0,0
popularity,50,standard,1640,50,0,16,0.0,50,0,15,0.0,0,0
popularity,50,standard,1644,50,0,7,0.0,50,0,7,0.0,0,0
popularity,50,standard,1661,50,0,6,0.0,50,0,4,0.0,0,0
popularity,50,standard,1742,50,4,51,0.0784313725490196,50,4,51,0.0784313725490196,0,0
popularity,50,standard,1750,50,0,8,0.0,50,0,8,0.0,0,0
popularity,50,standard,1753,50,0,5,0.0,50,0,4,0.0,0,0
popularity,50,standard,1765,50,0,6,0.0,50,0,3,0.0,0,0
popularity,50,standard,1773,50,0,5,0.0,50,0,3,0.0,0,0
popularity,50,standard,1774,50,0,6,0.0,50,0,5,0.0,0,0
popularity,50,standard,1824,50,0,13,0.0,50,0,13,0.0,0,0
popularity,50,standard,1838,50,0,6,0.0,50,0,6,0.0,0,0
popularity,50,standard,1865,50,0,21,0.0,50,0,19,0.0,0,0
popularity,50,standard,1881,50,0,7,0.0,50,0,6,0.0,0,0
popularity,50,standard,1896,50,0,13,0.0,50,0,13,0.0,0,0
popularity,50,standard,1920,50,0,5,0.0,50,0,3,0.0,0,0
popularity,50,standard,1921,50,0,5,0.0,50,0,4,0.0,0,0
popularity,50,standard,1945,50,0,12,0.0,50,0,12,0.0,0,0
popularity,50,standard,1955,50,0,7,0.0,50,0,7,0.0,0,0
popularity,50,standard,1967,50,0,5,0.0,50,0,5,0.0,0,0
popularity,50,standard,1970,50,0,12,0.0,50,0,12,0.0,0,0
popularity,50,standard,1991,50,0,5,0.0,50,0,3,0.0,0,0
popularity,50,standard,2016,50,0,30,0.0,50,0,29,0.0,0,0
popularity,50,standard,2031,50,0,19,0.0,50,0,18,0.0,0,0
popularity,50,standard,2040,50,0,8,0.0,50,0,8,0.0,0,0
popularity,50,standard,2050,50,0,16,0.0,50,0,16,0.0,0,0
popularity,50,standard,2069,50,0,5,0.0,50,0,5,0.0,0,0
popularity,50,standard,2096,50,0,6,0.0,50,0,5,0.0,0,0
popularity,50,standard,2104,50,0,11,0.0,50,0,11,0.0,0,0
popularity,50,standard,2110,50,1,13,0.07692307692307693,50,1,12,0.08333333333333333,0,0
popularity,50,standard,2126,50,0,15,0.0,50,0,14,0.0,0,0
popularity,50,standard,2134,50,0,9,0.0,50,0,7,0.0,0,0
popularity,50,standard,2174,50,1,12,0.08333333333333333,50,1,11,0.09090909090909091,0,0
popularity,50,standard,2181,50,0,5,0.0,50,0,4,0.0,0,0
popularity,50,standard,2183,50,0,11,0.0,50,0,11,0.0,0,0
popularity,50,standard,2204,50,1,17,0.058823529411764705,50,1,17,0.058823529411764705,0,0
popularity,50,standard,2220,50,0,7,0.0,50,0,6,0.0,0,0
popularity,50,standard,2247,50,0,5,0.0,50,0,1,0.0,0,0
popularity,50,standard,2271,50,0,6,0.0,50,0,5,0.0,0,0
popularity,50,standard,2287,50,0,10,0.0,50,0,10,0.0,0,0
popularity,50,standard,2316,50,0,8,0.0,50,0,5,0.0,0,0
popularity,50,standard,2336,50,4,53,0.07547169811320754,50,4,52,0.07692307692307693,0,0
popularity,50,standard,2354,50,1,6,0.16666666666666666,50,1,5,0.2,0,0
popularity,50,standard,2412,50,0,9,0.0,50,0,7,0.0,0,0
popularity,50,standard,2441,50,1,9,0.1111111111111111,50,1,9,0.1111111111111111,0,0
popularity,50,standard,2443,50,0,7,0.0,50,0,7,0.0,0,0
popularity,50,standard,2481,50,1,13,0.07692307692307693,50,1,13,0.07692307692307693,0,0
popularity,50,standard,2505,50,0,18,0.0,50,0,18,0.0,0,0
popularity,50,standard,2527,50,2,9,0.2222222222222222,50,2,9,0.2222222222222222,0,0
popularity,50,standard,2531,50,1,39,0.02564102564102564,50,1,39,0.02564102564102564,0,0
popularity,50,standard,2569,50,0,5,0.0,50,0,4,0.0,0,0
popularity,50,standard,2645,50,1,9,0.1111111111111111,50,1,8,0.125,0,0
popularity,50,standard,2652,50,0,31,0.0,50,0,31,0.0,0,0
popularity,50,standard,2665,50,0,6,0.0,50,0,6,0.0,0,0
popularity,50,standard,2669,50,0,5,0.0,50,0,2,0.0,0,0
popularity,50,standard,2675,50,1,15,0.06666666666666667,50,1,13,0.07692307692307693,0,0
popularity,50,standard,2756,50,1,17,0.058823529411764705,50,1,15,0.06666666666666667,0,0
popularity,50,standard,2766,50,1,16,0.0625,50,1,15,0.06666666666666667,0,0
popularity,50,standard,2781,50,0,13,0.0,50,0,12,0.0,0,0
popularity,50,standard,2782,50,0,7,0.0,50,0,7,0.0,0,0
popularity,50,standard,2783,50,0,5,0.0,50,0,4,0.0,0,0
popularity,50,standard,2821,50,1,23,0.043478260869565216,50,1,22,0.045454545454545456,0,0
popularity,50,standard,2844,50,0,5,0.0,50,0,5,0.0,0,0
popularity,50,standard,2862,50,0,9,0.0,50,0,9,0.0,0,0
popularity,50,standard,2879,50,0,5,0.0,50,0,2,0.0,0,0
popularity,50,standard,2906,50,0,6,0.0,50,0,5,0.0,0,0
popularity,50,standard,2923,50,0,5,0.0,50,0,5,0.0,0,0
popularity,50,standard,2930,50,0,5,0.0,50,0,4,0.0,0,0
popularity,50,standard,2957,50,0,8,0.0,50,0,8,0.0,0,0
popularity,50,standard,2988,50,0,6,0.0,50,0,6,0.0,0,0
popularity,50,standard,2990,50,0,5,0.0,50,0,4,0.0,0,0
popularity,50,standard,3003,50,0,6,0.0,50,0,5,0.0,0,0
popularity,50,standard,3013,50,0,5,0.0,50,0,5,0.0,0,0
popularity,50,standard,3035,50,0,7,0.0,50,0,7,0.0,0,0
popularity,50,standard,3059,50,0,9,0.0,50,0,9,0.0,0,0
popularity,50,standard,3082,50,0,10,0.0,50,0,8,0.0,0,0
popularity,50,standard,3099,50,0,5,0.0,50,0,3,0.0,0,0
popularity,50,standard,3118,50,0,14,0.0,50,0,13,0.0,0,0
popularity,50,standard,3120,50,1,9,0.1111111111111111,50,1,8,0.125,0,0
popularity,100,standard,42,100,2,13,0.15384615384615385,99,1,12,0.08333333333333333,1,1
popularity,100,standard,56,100,0,5,0.0,100,0,4,0.0,0,0
popularity,100,standard,69,100,1,6,0.16666666666666666,100,1,5,0.2,0,0
popularity,100,standard,70,100,0,7,0.0,100,0,7,0.0,0,0
popularity,100,standard,85,100,1,7,0.14285714285714285,99,0,6,0.0,1,1
popularity,100,standard,111,100,2,11,0.18181818181818182,100,2,11,0.18181818181818182,0,0
popularity,100,standard,176,100,0,5,0.0,100,0,2,0.0,0,0
popularity,100,standard,209,100,0,5,0.0,100,0,5,0.0,0,0
popularity,100,standard,210,100,0,8,0.0,100,0,6,0.0,0,0
popularity,100,standard,224,100,2,21,0.09523809523809523,100,2,19,0.10526315789473684,0,0
popularity,100,standard,230,100,1,7,0.14285714285714285,100,1,7,0.14285714285714285,0,0
popularity,100,standard,304,100,0,8,0.0,100,0,8,0.0,0,0
popularity,100,standard,326,100,0,5,0.0,100,0,4,0.0,0,0
popularity,100,standard,328,100,1,25,0.04,100,1,23,0.043478260869565216,0,0
popularity,100,standard,344,100,0,9,0.0,100,0,8,0.0,0,0
popularity,100,standard,370,100,1,7,0.14285714285714285,100,1,7,0.14285714285714285,0,0
popularity,100,standard,372,100,0,5,0.0,100,0,1,0.0,0,0
popularity,100,standard,408,100,2,18,0.1111111111111111,100,2,17,0.11764705882352941,0,0
popularity,100,standard,410,100,1,7,0.14285714285714285,99,0,6,0.0,1,1
popularity,100,standard,426,100,0,5,0.0,100,0,0,,0,0
popularity,100,standard,449,100,0,10,0.0,100,0,10,0.0,0,0
popularity,100,standard,451,100,0,8,0.0,100,0,7,0.0,0,0
popularity,100,standard,459,100,0,10,0.0,100,0,5,0.0,0,0
popularity,100,standard,538,100,1,10,0.1,100,1,8,0.125,0,0
popularity,100,standard,555,100,0,5,0.0,100,0,5,0.0,0,0
popularity,100,standard,560,100,0,9,0.0,100,0,8,0.0,0,0
popularity,100,standard,567,100,0,5,0.0,100,0,5,0.0,0,0
popularity,100,standard,581,100,2,5,0.4,100,2,5,0.4,0,0
popularity,100,standard,588,100,0,5,0.0,100,0,5,0.0,0,0
popularity,100,standard,590,100,1,11,0.09090909090909091,100,1,10,0.1,0,0
popularity,100,standard,596,100,0,5,0.0,100,0,2,0.0,0,0
popularity,100,standard,599,100,0,6,0.0,100,0,3,0.0,0,0
popularity,100,standard,605,100,0,10,0.0,100,0,10,0.0,0,0
popularity,100,standard,670,100,0,6,0.0,100,0,6,0.0,0,0
popularity,100,standard,709,100,0,8,0.0,100,0,8,0.0,0,0
popularity,100,standard,743,100,1,5,0.2,100,1,4,0.25,0,0
popularity,100,standard,781,100,0,5,0.0,100,0,4,0.0,0,0
popularity,100,standard,803,100,0,8,0.0,100,0,7,0.0,0,0
popularity,100,standard,805,100,3,19,0.15789473684210525,99,2,16,0.125,1,1
popularity,100,standard,810,100,0,5,0.0,100,0,5,0.0,0,0
popularity,100,standard,820,100,2,19,0.10526315789473684,100,2,17,0.11764705882352941,0,0
popularity,100,standard,822,100,1,9,0.1111111111111111,100,1,9,0.1111111111111111,0,0
popularity,100,standard,824,100,1,9,0.1111111111111111,100,1,8,0.125,0,0
popularity,100,standard,833,100,0,7,0.0,100,0,6,0.0,0,0
popularity,100,standard,836,100,1,6,0.16666666666666666,100,1,6,0.16666666666666666,0,0
popularity,100,standard,912,100,0,5,0.0,100,0,3,0.0,0,0
popularity,100,standard,932,100,0,7,0.0,100,0,2,0.0,0,0
popularity,100,standard,935,100,0,7,0.0,100,0,7,0.0,0,0
popularity,100,standard,940,100,0,8,0.0,100,0,8,0.0,0,0
popularity,100,standard,958,100,0,7,0.0,100,0,5,0.0,0,0
popularity,100,standard,1077,100,0,7,0.0,100,0,7,0.0,0,0
popularity,100,standard,1090,100,2,15,0.13333333333333333,100,2,13,0.15384615384615385,0,0
popularity,100,standard,1098,100,0,8,0.0,100,0,8,0.0,0,0
popularity,100,standard,1127,100,1,6,0.16666666666666666,100,1,5,0.2,0,0
popularity,100,standard,1145,100,0,6,0.0,100,0,4,0.0,0,0
popularity,100,standard,1164,100,0,8,0.0,100,0,7,0.0,0,0
popularity,100,standard,1204,100,6,37,0.16216216216216217,100,6,36,0.16666666666666666,0,0
popularity,100,standard,1263,100,0,8,0.0,100,0,7,0.0,0,0
popularity,100,standard,1285,100,0,5,0.0,100,0,4,0.0,0,0
popularity,100,standard,1313,100,1,12,0.08333333333333333,100,1,12,0.08333333333333333,0,0
popularity,100,standard,1323,100,0,5,0.0,100,0,3,0.0,0,0
popularity,100,standard,1365,100,0,26,0.0,100,0,26,0.0,0,0
popularity,100,standard,1376,100,0,5,0.0,100,0,4,0.0,0,0
popularity,100,standard,1382,100,0,10,0.0,100,0,10,0.0,0,0
popularity,100,standard,1397,100,0,5,0.0,100,0,1,0.0,0,0
popularity,100,standard,1428,100,0,6,0.0,100,0,6,0.0,0,0
popularity,100,standard,1440,100,0,5,0.0,100,0,5,0.0,0,0
popularity,100,standard,1447,100,0,6,0.0,100,0,3,0.0,0,0
popularity,100,standard,1467,100,0,5,0.0,100,0,4,0.0,0,0
popularity,100,standard,1472,100,1,9,0.1111111111111111,100,1,8,0.125,0,0
popularity,100,standard,1494,100,0,15,0.0,100,0,12,0.0,0,0
popularity,100,standard,1500,100,0,6,0.0,100,0,5,0.0,0,0
popularity,100,standard,1503,100,3,6,0.5,100,3,6,0.5,0,0
popularity,100,standard,1527,100,0,7,0.0,100,0,5,0.0,0,0
popularity,100,standard,1530,100,0,7,0.0,100,0,4,0.0,0,0
popularity,100,standard,1532,100,0,5,0.0,100,0,3,0.0,0,0
popularity,100,standard,1540,100,1,31,0.03225806451612903,100,1,25,0.04,0,0
popularity,100,standard,1604,100,2,15,0.13333333333333333,100,2,15,0.13333333333333333,0,0
popularity,100,standard,1640,100,0,16,0.0,100,0,15,0.0,0,0
popularity,100,standard,1644,100,0,7,0.0,100,0,7,0.0,0,0
popularity,100,standard,1661,100,0,6,0.0,100,0,4,0.0,0,0
popularity,100,standard,1742,100,10,51,0.19607843137254902,100,10,51,0.19607843137254902,0,0
popularity,100,standard,1750,100,1,8,0.125,100,1,8,0.125,0,0
popularity,100,standard,1753,100,0,5,0.0,100,0,4,0.0,0,0
popularity,100,standard,1765,100,0,6,0.0,100,0,3,0.0,0,0
popularity,100,standard,1773,100,0,5,0.0,100,0,3,0.0,0,0
popularity,100,standard,1774,100,1,6,0.16666666666666666,100,1,5,0.2,0,0
popularity,100,standard,1824,100,0,13,0.0,100,0,13,0.0,0,0
popularity,100,standard,1838,100,0,6,0.0,100,0,6,0.0,0,0
popularity,100,standard,1865,100,0,21,0.0,100,0,19,0.0,0,0
popularity,100,standard,1881,100,0,7,0.0,100,0,6,0.0,0,0
popularity,100,standard,1896,100,1,13,0.07692307692307693,100,1,13,0.07692307692307693,0,0
popularity,100,standard,1920,100,0,5,0.0,100,0,3,0.0,0,0
popularity,100,standard,1921,100,0,5,0.0,100,0,4,0.0,0,0
popularity,100,standard,1945,100,1,12,0.08333333333333333,100,1,12,0.08333333333333333,0,0
popularity,100,standard,1955,100,0,7,0.0,100,0,7,0.0,0,0
popularity,100,standard,1967,100,0,5,0.0,100,0,5,0.0,0,0
popularity,100,standard,1970,100,0,12,0.0,100,0,12,0.0,0,0
popularity,100,standard,1991,100,0,5,0.0,100,0,3,0.0,0,0
popularity,100,standard,2016,100,1,30,0.03333333333333333,99,0,29,0.0,1,1
popularity,100,standard,2031,100,1,19,0.05263157894736842,100,1,18,0.05555555555555555,0,0
popularity,100,standard,2040,100,0,8,0.0,100,0,8,0.0,0,0
popularity,100,standard,2050,100,0,16,0.0,100,0,16,0.0,0,0
popularity,100,standard,2069,100,0,5,0.0,100,0,5,0.0,0,0
popularity,100,standard,2096,100,0,6,0.0,100,0,5,0.0,0,0
popularity,100,standard,2104,100,1,11,0.09090909090909091,100,1,11,0.09090909090909091,0,0
popularity,100,standard,2110,100,2,13,0.15384615384615385,100,2,12,0.16666666666666666,0,0
popularity,100,standard,2126,100,0,15,0.0,100,0,14,0.0,0,0
popularity,100,standard,2134,100,0,9,0.0,100,0,7,0.0,0,0
popularity,100,standard,2174,100,2,12,0.16666666666666666,100,2,11,0.18181818181818182,0,0
popularity,100,standard,2181,100,0,5,0.0,100,0,4,0.0,0,0
popularity,100,standard,2183,100,0,11,0.0,100,0,11,0.0,0,0
popularity,100,standard,2204,100,2,17,0.11764705882352941,100,2,17,0.11764705882352941,0,0
popularity,100,standard,2220,100,0,7,0.0,100,0,6,0.0,0,0
popularity,100,standard,2247,100,0,5,0.0,100,0,1,0.0,0,0
popularity,100,standard,2271,100,0,6,0.0,100,0,5,0.0,0,0
popularity,100,standard,2287,100,0,10,0.0,100,0,10,0.0,0,0
popularity,100,standard,2316,100,0,8,0.0,100,0,5,0.0,0,0
popularity,100,standard,2336,100,8,53,0.1509433962264151,100,8,52,0.15384615384615385,0,0
popularity,100,standard,2354,100,1,6,0.16666666666666666,100,1,5,0.2,0,0
popularity,100,standard,2412,100,0,9,0.0,100,0,7,0.0,0,0
popularity,100,standard,2441,100,1,9,0.1111111111111111,100,1,9,0.1111111111111111,0,0
popularity,100,standard,2443,100,0,7,0.0,100,0,7,0.0,0,0
popularity,100,standard,2481,100,1,13,0.07692307692307693,100,1,13,0.07692307692307693,0,0
popularity,100,standard,2505,100,1,18,0.05555555555555555,100,1,18,0.05555555555555555,0,0
popularity,100,standard,2527,100,3,9,0.3333333333333333,100,3,9,0.3333333333333333,0,0
popularity,100,standard,2531,100,2,39,0.05128205128205128,100,2,39,0.05128205128205128,0,0
popularity,100,standard,2569,100,0,5,0.0,100,0,4,0.0,0,0
popularity,100,standard,2645,100,2,9,0.2222222222222222,100,2,8,0.25,0,0
popularity,100,standard,2652,100,1,31,0.03225806451612903,100,1,31,0.03225806451612903,0,0
popularity,100,standard,2665,100,0,6,0.0,100,0,6,0.0,0,0
popularity,100,standard,2669,100,0,5,0.0,100,0,2,0.0,0,0
popularity,100,standard,2675,100,2,15,0.13333333333333333,100,2,13,0.15384615384615385,0,0
popularity,100,standard,2756,100,1,17,0.058823529411764705,100,1,15,0.06666666666666667,0,0
popularity,100,standard,2766,100,2,16,0.125,100,2,15,0.13333333333333333,0,0
popularity,100,standard,2781,100,0,13,0.0,100,0,12,0.0,0,0
popularity,100,standard,2782,100,0,7,0.0,100,0,7,0.0,0,0
popularity,100,standard,2783,100,0,5,0.0,100,0,4,0.0,0,0
popularity,100,standard,2821,100,1,23,0.043478260869565216,100,1,22,0.045454545454545456,0,0
popularity,100,standard,2844,100,0,5,0.0,100,0,5,0.0,0,0
popularity,100,standard,2862,100,0,9,0.0,100,0,9,0.0,0,0
popularity,100,standard,2879,100,0,5,0.0,100,0,2,0.0,0,0
popularity,100,standard,2906,100,0,6,0.0,100,0,5,0.0,0,0
popularity,100,standard,2923,100,0,5,0.0,100,0,5,0.0,0,0
popularity,100,standard,2930,100,0,5,0.0,100,0,4,0.0,0,0
popularity,100,standard,2957,100,0,8,0.0,100,0,8,0.0,0,0
popularity,100,standard,2988,100,0,6,0.0,100,0,6,0.0,0,0
popularity,100,standard,2990,100,0,5,0.0,100,0,4,0.0,0,0
popularity,100,standard,3003,100,0,6,0.0,100,0,5,0.0,0,0
popularity,100,standard,3013,100,1,5,0.2,100,1,5,0.2,0,0
popularity,100,standard,3035,100,0,7,0.0,100,0,7,0.0,0,0
popularity,100,standard,3059,100,0,9,0.0,100,0,9,0.0,0,0
popularity,100,standard,3082,100,0,10,0.0,100,0,8,0.0,0,0
popularity,100,standard,3099,100,0,5,0.0,100,0,3,0.0,0,0
popularity,100,standard,3118,100,0,14,0.0,100,0,13,0.0,0,0
popularity,100,standard,3120,100,1,9,0.1111111111111111,100,1,8,0.125,0,0
g,10,standard,42,10,1,13,0.07692307692307693,9,0,12,0.0,1,1
g,10,standard,56,10,0,5,0.0,10,0,4,0.0,0,0
g,10,standard,69,10,0,6,0.0,10,0,5,0.0,0,0
g,10,standard,70,10,0,7,0.0,10,0,7,0.0,0,0
g,10,standard,85,10,1,7,0.14285714285714285,9,0,6,0.0,1,1
g,10,standard,111,10,0,11,0.0,10,0,11,0.0,0,0
g,10,standard,176,10,0,5,0.0,10,0,2,0.0,0,0
g,10,standard,209,10,0,5,0.0,10,0,5,0.0,0,0
g,10,standard,210,10,1,8,0.125,9,0,6,0.0,1,1
g,10,standard,224,10,1,21,0.047619047619047616,10,1,19,0.05263157894736842,0,0
g,10,standard,230,10,1,7,0.14285714285714285,10,1,7,0.14285714285714285,0,0
g,10,standard,304,10,0,8,0.0,10,0,8,0.0,0,0
g,10,standard,326,10,0,5,0.0,10,0,4,0.0,0,0
g,10,standard,328,10,0,25,0.0,10,0,23,0.0,0,0
g,10,standard,344,10,0,9,0.0,10,0,8,0.0,0,0
g,10,standard,370,10,0,7,0.0,10,0,7,0.0,0,0
g,10,standard,372,10,0,5,0.0,10,0,1,0.0,0,0
g,10,standard,408,10,0,18,0.0,10,0,17,0.0,0,0
g,10,standard,410,10,1,7,0.14285714285714285,9,0,6,0.0,1,1
g,10,standard,426,10,0,5,0.0,10,0,0,,0,0
g,10,standard,449,10,0,10,0.0,10,0,10,0.0,0,0
g,10,standard,451,10,0,8,0.0,10,0,7,0.0,0,0
g,10,standard,459,10,0,10,0.0,10,0,5,0.0,0,0
g,10,standard,538,10,0,10,0.0,10,0,8,0.0,0,0
g,10,standard,555,10,0,5,0.0,10,0,5,0.0,0,0
g,10,standard,560,10,0,9,0.0,10,0,8,0.0,0,0
g,10,standard,567,10,0,5,0.0,10,0,5,0.0,0,0
g,10,standard,581,10,0,5,0.0,10,0,5,0.0,0,0
g,10,standard,588,10,0,5,0.0,10,0,5,0.0,0,0
g,10,standard,590,10,0,11,0.0,10,0,10,0.0,0,0
g,10,standard,596,10,0,5,0.0,10,0,2,0.0,0,0
g,10,standard,599,10,0,6,0.0,10,0,3,0.0,0,0
g,10,standard,605,10,0,10,0.0,10,0,10,0.0,0,0
g,10,standard,670,10,0,6,0.0,10,0,6,0.0,0,0
g,10,standard,709,10,0,8,0.0,10,0,8,0.0,0,0
g,10,standard,743,10,0,5,0.0,10,0,4,0.0,0,0
g,10,standard,781,10,0,5,0.0,10,0,4,0.0,0,0
g,10,standard,803,10,0,8,0.0,10,0,7,0.0,0,0
g,10,standard,805,10,4,19,0.21052631578947367,9,3,16,0.1875,1,1
g,10,standard,810,10,0,5,0.0,10,0,5,0.0,0,0
g,10,standard,820,10,1,19,0.05263157894736842,10,1,17,0.058823529411764705,0,0
g,10,standard,822,10,0,9,0.0,10,0,9,0.0,0,0
g,10,standard,824,10,0,9,0.0,10,0,8,0.0,0,0
g,10,standard,833,10,0,7,0.0,10,0,6,0.0,0,0
g,10,standard,836,10,0,6,0.0,10,0,6,0.0,0,0
g,10,standard,912,10,1,5,0.2,10,1,3,0.3333333333333333,0,0
g,10,standard,932,10,1,7,0.14285714285714285,9,0,2,0.0,1,1
g,10,standard,935,10,0,7,0.0,10,0,7,0.0,0,0
g,10,standard,940,10,0,8,0.0,10,0,8,0.0,0,0
g,10,standard,958,10,0,7,0.0,10,0,5,0.0,0,0
g,10,standard,1077,10,0,7,0.0,10,0,7,0.0,0,0
g,10,standard,1090,10,0,15,0.0,10,0,13,0.0,0,0
g,10,standard,1098,10,0,8,0.0,10,0,8,0.0,0,0
g,10,standard,1127,10,1,6,0.16666666666666666,10,1,5,0.2,0,0
g,10,standard,1145,10,0,6,0.0,10,0,4,0.0,0,0
g,10,standard,1164,10,0,8,0.0,10,0,7,0.0,0,0
g,10,standard,1204,10,0,37,0.0,10,0,36,0.0,0,0
g,10,standard,1263,10,0,8,0.0,10,0,7,0.0,0,0
g,10,standard,1285,10,0,5,0.0,10,0,4,0.0,0,0
g,10,standard,1313,10,0,12,0.0,10,0,12,0.0,0,0
g,10,standard,1323,10,0,5,0.0,10,0,3,0.0,0,0
g,10,standard,1365,10,0,26,0.0,10,0,26,0.0,0,0
g,10,standard,1376,10,0,5,0.0,10,0,4,0.0,0,0
g,10,standard,1382,10,0,10,0.0,10,0,10,0.0,0,0
g,10,standard,1397,10,0,5,0.0,10,0,1,0.0,0,0
g,10,standard,1428,10,0,6,0.0,10,0,6,0.0,0,0
g,10,standard,1440,10,0,5,0.0,10,0,5,0.0,0,0
g,10,standard,1447,10,0,6,0.0,10,0,3,0.0,0,0
g,10,standard,1467,10,0,5,0.0,10,0,4,0.0,0,0
g,10,standard,1472,10,1,9,0.1111111111111111,10,1,8,0.125,0,0
g,10,standard,1494,10,0,15,0.0,10,0,12,0.0,0,0
g,10,standard,1500,10,0,6,0.0,10,0,5,0.0,0,0
g,10,standard,1503,10,0,6,0.0,10,0,6,0.0,0,0
g,10,standard,1527,10,0,7,0.0,10,0,5,0.0,0,0
g,10,standard,1530,10,0,7,0.0,10,0,4,0.0,0,0
g,10,standard,1532,10,0,5,0.0,10,0,3,0.0,0,0
g,10,standard,1540,10,0,31,0.0,10,0,25,0.0,0,0
g,10,standard,1604,10,0,15,0.0,10,0,15,0.0,0,0
g,10,standard,1640,10,0,16,0.0,10,0,15,0.0,0,0
g,10,standard,1644,10,0,7,0.0,10,0,7,0.0,0,0
g,10,standard,1661,10,0,6,0.0,10,0,4,0.0,0,0
g,10,standard,1742,10,0,51,0.0,10,0,51,0.0,0,0
g,10,standard,1750,10,0,8,0.0,10,0,8,0.0,0,0
g,10,standard,1753,10,0,5,0.0,10,0,4,0.0,0,0
g,10,standard,1765,10,0,6,0.0,10,0,3,0.0,0,0
g,10,standard,1773,10,0,5,0.0,10,0,3,0.0,0,0
g,10,standard,1774,10,0,6,0.0,10,0,5,0.0,0,0
g,10,standard,1824,10,0,13,0.0,10,0,13,0.0,0,0
g,10,standard,1838,10,0,6,0.0,10,0,6,0.0,0,0
g,10,standard,1865,10,0,21,0.0,10,0,19,0.0,0,0
g,10,standard,1881,10,0,7,0.0,10,0,6,0.0,0,0
g,10,standard,1896,10,0,13,0.0,10,0,13,0.0,0,0
g,10,standard,1920,10,0,5,0.0,10,0,3,0.0,0,0
g,10,standard,1921,10,0,5,0.0,10,0,4,0.0,0,0
g,10,standard,1945,10,1,12,0.08333333333333333,10,1,12,0.08333333333333333,0,0
g,10,standard,1955,10,0,7,0.0,10,0,7,0.0,0,0
g,10,standard,1967,10,0,5,0.0,10,0,5,0.0,0,0
g,10,standard,1970,10,0,12,0.0,10,0,12,0.0,0,0
g,10,standard,1991,10,0,5,0.0,10,0,3,0.0,0,0
g,10,standard,2016,10,1,30,0.03333333333333333,9,0,29,0.0,1,1
g,10,standard,2031,10,0,19,0.0,10,0,18,0.0,0,0
g,10,standard,2040,10,0,8,0.0,10,0,8,0.0,0,0
g,10,standard,2050,10,1,16,0.0625,10,1,16,0.0625,0,0
g,10,standard,2069,10,0,5,0.0,10,0,5,0.0,0,0
g,10,standard,2096,10,0,6,0.0,10,0,5,0.0,0,0
g,10,standard,2104,10,0,11,0.0,10,0,11,0.0,0,0
g,10,standard,2110,10,0,13,0.0,10,0,12,0.0,0,0
g,10,standard,2126,10,0,15,0.0,10,0,14,0.0,0,0
g,10,standard,2134,10,0,9,0.0,10,0,7,0.0,0,0
g,10,standard,2174,10,0,12,0.0,10,0,11,0.0,0,0
g,10,standard,2181,10,0,5,0.0,10,0,4,0.0,0,0
g,10,standard,2183,10,0,11,0.0,10,0,11,0.0,0,0
g,10,standard,2204,10,1,17,0.058823529411764705,10,1,17,0.058823529411764705,0,0
g,10,standard,2220,10,0,7,0.0,10,0,6,0.0,0,0
g,10,standard,2247,10,0,5,0.0,10,0,1,0.0,0,0
g,10,standard,2271,10,0,6,0.0,10,0,5,0.0,0,0
g,10,standard,2287,10,0,10,0.0,10,0,10,0.0,0,0
g,10,standard,2316,10,0,8,0.0,10,0,5,0.0,0,0
g,10,standard,2336,10,1,53,0.018867924528301886,10,1,52,0.019230769230769232,0,0
g,10,standard,2354,10,0,6,0.0,10,0,5,0.0,0,0
g,10,standard,2412,10,0,9,0.0,10,0,7,0.0,0,0
g,10,standard,2441,10,0,9,0.0,10,0,9,0.0,0,0
g,10,standard,2443,10,0,7,0.0,10,0,7,0.0,0,0
g,10,standard,2481,10,0,13,0.0,10,0,13,0.0,0,0
g,10,standard,2505,10,0,18,0.0,10,0,18,0.0,0,0
g,10,standard,2527,10,1,9,0.1111111111111111,10,1,9,0.1111111111111111,0,0
g,10,standard,2531,10,0,39,0.0,10,0,39,0.0,0,0
g,10,standard,2569,10,0,5,0.0,10,0,4,0.0,0,0
g,10,standard,2645,10,1,9,0.1111111111111111,10,1,8,0.125,0,0
g,10,standard,2652,10,0,31,0.0,10,0,31,0.0,0,0
g,10,standard,2665,10,0,6,0.0,10,0,6,0.0,0,0
g,10,standard,2669,10,0,5,0.0,10,0,2,0.0,0,0
g,10,standard,2675,10,0,15,0.0,10,0,13,0.0,0,0
g,10,standard,2756,10,0,17,0.0,10,0,15,0.0,0,0
g,10,standard,2766,10,1,16,0.0625,10,1,15,0.06666666666666667,0,0
g,10,standard,2781,10,0,13,0.0,10,0,12,0.0,0,0
g,10,standard,2782,10,0,7,0.0,10,0,7,0.0,0,0
g,10,standard,2783,10,0,5,0.0,10,0,4,0.0,0,0
g,10,standard,2821,10,0,23,0.0,10,0,22,0.0,0,0
g,10,standard,2844,10,0,5,0.0,10,0,5,0.0,0,0
g,10,standard,2862,10,0,9,0.0,10,0,9,0.0,0,0
g,10,standard,2879,10,0,5,0.0,10,0,2,0.0,0,0
g,10,standard,2906,10,0,6,0.0,10,0,5,0.0,0,0
g,10,standard,2923,10,0,5,0.0,10,0,5,0.0,0,0
g,10,standard,2930,10,0,5,0.0,10,0,4,0.0,0,0
g,10,standard,2957,10,0,8,0.0,10,0,8,0.0,0,0
g,10,standard,2988,10,0,6,0.0,10,0,6,0.0,0,0
g,10,standard,2990,10,0,5,0.0,10,0,4,0.0,0,0
g,10,standard,3003,10,0,6,0.0,10,0,5,0.0,0,0
g,10,standard,3013,10,1,5,0.2,10,1,5,0.2,0,0
g,10,standard,3035,10,0,7,0.0,10,0,7,0.0,0,0
g,10,standard,3059,10,0,9,0.0,10,0,9,0.0,0,0
g,10,standard,3082,10,0,10,0.0,10,0,8,0.0,0,0
g,10,standard,3099,10,0,5,0.0,10,0,3,0.0,0,0
g,10,standard,3118,10,0,14,0.0,10,0,13,0.0,0,0
g,10,standard,3120,10,0,9,0.0,10,0,8,0.0,0,0
g,20,standard,42,20,2,13,0.15384615384615385,19,1,12,0.08333333333333333,1,1
g,20,standard,56,20,0,5,0.0,20,0,4,0.0,0,0
g,20,standard,69,20,0,6,0.0,20,0,5,0.0,0,0
g,20,standard,70,20,0,7,0.0,20,0,7,0.0,0,0
g,20,standard,85,20,1,7,0.14285714285714285,19,0,6,0.0,1,1
g,20,standard,111,20,0,11,0.0,20,0,11,0.0,0,0
g,20,standard,176,20,0,5,0.0,20,0,2,0.0,0,0
g,20,standard,209,20,0,5,0.0,20,0,5,0.0,0,0
g,20,standard,210,20,1,8,0.125,19,0,6,0.0,1,1
g,20,standard,224,20,1,21,0.047619047619047616,20,1,19,0.05263157894736842,0,0
g,20,standard,230,20,1,7,0.14285714285714285,20,1,7,0.14285714285714285,0,0
g,20,standard,304,20,0,8,0.0,20,0,8,0.0,0,0
g,20,standard,326,20,0,5,0.0,20,0,4,0.0,0,0
g,20,standard,328,20,0,25,0.0,20,0,23,0.0,0,0
g,20,standard,344,20,0,9,0.0,20,0,8,0.0,0,0
g,20,standard,370,20,0,7,0.0,20,0,7,0.0,0,0
g,20,standard,372,20,0,5,0.0,20,0,1,0.0,0,0
g,20,standard,408,20,2,18,0.1111111111111111,20,2,17,0.11764705882352941,0,0
g,20,standard,410,20,2,7,0.2857142857142857,19,1,6,0.16666666666666666,1,1
g,20,standard,426,20,0,5,0.0,20,0,0,,0,0
g,20,standard,449,20,0,10,0.0,20,0,10,0.0,0,0
g,20,standard,451,20,0,8,0.0,20,0,7,0.0,0,0
g,20,standard,459,20,0,10,0.0,20,0,5,0.0,0,0
g,20,standard,538,20,1,10,0.1,20,1,8,0.125,0,0
g,20,standard,555,20,0,5,0.0,20,0,5,0.0,0,0
g,20,standard,560,20,0,9,0.0,20,0,8,0.0,0,0
g,20,standard,567,20,0,5,0.0,20,0,5,0.0,0,0
g,20,standard,581,20,0,5,0.0,20,0,5,0.0,0,0
g,20,standard,588,20,0,5,0.0,20,0,5,0.0,0,0
g,20,standard,590,20,0,11,0.0,20,0,10,0.0,0,0
g,20,standard,596,20,0,5,0.0,20,0,2,0.0,0,0
g,20,standard,599,20,0,6,0.0,20,0,3,0.0,0,0
g,20,standard,605,20,0,10,0.0,20,0,10,0.0,0,0
g,20,standard,670,20,0,6,0.0,20,0,6,0.0,0,0
g,20,standard,709,20,0,8,0.0,20,0,8,0.0,0,0
g,20,standard,743,20,1,5,0.2,20,1,4,0.25,0,0
g,20,standard,781,20,0,5,0.0,20,0,4,0.0,0,0
g,20,standard,803,20,0,8,0.0,20,0,7,0.0,0,0
g,20,standard,805,20,5,19,0.2631578947368421,19,4,16,0.25,1,1
g,20,standard,810,20,0,5,0.0,20,0,5,0.0,0,0
g,20,standard,820,20,1,19,0.05263157894736842,20,1,17,0.058823529411764705,0,0
g,20,standard,822,20,0,9,0.0,20,0,9,0.0,0,0
g,20,standard,824,20,0,9,0.0,20,0,8,0.0,0,0
g,20,standard,833,20,0,7,0.0,20,0,6,0.0,0,0
g,20,standard,836,20,0,6,0.0,20,0,6,0.0,0,0
g,20,standard,912,20,2,5,0.4,20,2,3,0.6666666666666666,0,0
g,20,standard,932,20,2,7,0.2857142857142857,18,0,2,0.0,2,2
g,20,standard,935,20,0,7,0.0,20,0,7,0.0,0,0
g,20,standard,940,20,0,8,0.0,20,0,8,0.0,0,0
g,20,standard,958,20,0,7,0.0,20,0,5,0.0,0,0
g,20,standard,1077,20,0,7,0.0,20,0,7,0.0,0,0
g,20,standard,1090,20,0,15,0.0,20,0,13,0.0,0,0
g,20,standard,1098,20,0,8,0.0,20,0,8,0.0,0,0
g,20,standard,1127,20,2,6,0.3333333333333333,20,2,5,0.4,0,0
g,20,standard,1145,20,0,6,0.0,20,0,4,0.0,0,0
g,20,standard,1164,20,0,8,0.0,20,0,7,0.0,0,0
g,20,standard,1204,20,0,37,0.0,20,0,36,0.0,0,0
g,20,standard,1263,20,0,8,0.0,20,0,7,0.0,0,0
g,20,standard,1285,20,0,5,0.0,20,0,4,0.0,0,0
g,20,standard,1313,20,0,12,0.0,20,0,12,0.0,0,0
g,20,standard,1323,20,0,5,0.0,20,0,3,0.0,0,0
g,20,standard,1365,20,0,26,0.0,20,0,26,0.0,0,0
g,20,standard,1376,20,0,5,0.0,20,0,4,0.0,0,0
g,20,standard,1382,20,0,10,0.0,20,0,10,0.0,0,0
g,20,standard,1397,20,0,5,0.0,20,0,1,0.0,0,0
g,20,standard,1428,20,0,6,0.0,20,0,6,0.0,0,0
g,20,standard,1440,20,0,5,0.0,20,0,5,0.0,0,0
g,20,standard,1447,20,0,6,0.0,20,0,3,0.0,0,0
g,20,standard,1467,20,0,5,0.0,20,0,4,0.0,0,0
g,20,standard,1472,20,1,9,0.1111111111111111,20,1,8,0.125,0,0
g,20,standard,1494,20,0,15,0.0,20,0,12,0.0,0,0
g,20,standard,1500,20,0,6,0.0,20,0,5,0.0,0,0
g,20,standard,1503,20,0,6,0.0,20,0,6,0.0,0,0
g,20,standard,1527,20,0,7,0.0,20,0,5,0.0,0,0
g,20,standard,1530,20,0,7,0.0,20,0,4,0.0,0,0
g,20,standard,1532,20,0,5,0.0,20,0,3,0.0,0,0
g,20,standard,1540,20,0,31,0.0,20,0,25,0.0,0,0
g,20,standard,1604,20,1,15,0.06666666666666667,20,1,15,0.06666666666666667,0,0
g,20,standard,1640,20,0,16,0.0,20,0,15,0.0,0,0
g,20,standard,1644,20,0,7,0.0,20,0,7,0.0,0,0
g,20,standard,1661,20,0,6,0.0,20,0,4,0.0,0,0
g,20,standard,1742,20,0,51,0.0,20,0,51,0.0,0,0
g,20,standard,1750,20,0,8,0.0,20,0,8,0.0,0,0
g,20,standard,1753,20,0,5,0.0,20,0,4,0.0,0,0
g,20,standard,1765,20,0,6,0.0,20,0,3,0.0,0,0
g,20,standard,1773,20,0,5,0.0,20,0,3,0.0,0,0
g,20,standard,1774,20,0,6,0.0,20,0,5,0.0,0,0
g,20,standard,1824,20,0,13,0.0,20,0,13,0.0,0,0
g,20,standard,1838,20,0,6,0.0,20,0,6,0.0,0,0
g,20,standard,1865,20,0,21,0.0,20,0,19,0.0,0,0
g,20,standard,1881,20,0,7,0.0,20,0,6,0.0,0,0
g,20,standard,1896,20,0,13,0.0,20,0,13,0.0,0,0
g,20,standard,1920,20,0,5,0.0,20,0,3,0.0,0,0
g,20,standard,1921,20,0,5,0.0,20,0,4,0.0,0,0
g,20,standard,1945,20,1,12,0.08333333333333333,20,1,12,0.08333333333333333,0,0
g,20,standard,1955,20,0,7,0.0,20,0,7,0.0,0,0
g,20,standard,1967,20,0,5,0.0,20,0,5,0.0,0,0
g,20,standard,1970,20,0,12,0.0,20,0,12,0.0,0,0
g,20,standard,1991,20,0,5,0.0,20,0,3,0.0,0,0
g,20,standard,2016,20,2,30,0.06666666666666667,19,1,29,0.034482758620689655,1,1
g,20,standard,2031,20,0,19,0.0,20,0,18,0.0,0,0
g,20,standard,2040,20,0,8,0.0,20,0,8,0.0,0,0
g,20,standard,2050,20,1,16,0.0625,20,1,16,0.0625,0,0
g,20,standard,2069,20,0,5,0.0,20,0,5,0.0,0,0
g,20,standard,2096,20,0,6,0.0,20,0,5,0.0,0,0
g,20,standard,2104,20,0,11,0.0,20,0,11,0.0,0,0
g,20,standard,2110,20,0,13,0.0,20,0,12,0.0,0,0
g,20,standard,2126,20,0,15,0.0,20,0,14,0.0,0,0
g,20,standard,2134,20,0,9,0.0,20,0,7,0.0,0,0
g,20,standard,2174,20,0,12,0.0,20,0,11,0.0,0,0
g,20,standard,2181,20,0,5,0.0,20,0,4,0.0,0,0
g,20,standard,2183,20,0,11,0.0,20,0,11,0.0,0,0
g,20,standard,2204,20,1,17,0.058823529411764705,20,1,17,0.058823529411764705,0,0
g,20,standard,2220,20,0,7,0.0,20,0,6,0.0,0,0
g,20,standard,2247,20,0,5,0.0,20,0,1,0.0,0,0
g,20,standard,2271,20,0,6,0.0,20,0,5,0.0,0,0
g,20,standard,2287,20,0,10,0.0,20,0,10,0.0,0,0
g,20,standard,2316,20,0,8,0.0,20,0,5,0.0,0,0
g,20,standard,2336,20,3,53,0.05660377358490566,20,3,52,0.057692307692307696,0,0
g,20,standard,2354,20,0,6,0.0,20,0,5,0.0,0,0
g,20,standard,2412,20,0,9,0.0,20,0,7,0.0,0,0
g,20,standard,2441,20,0,9,0.0,20,0,9,0.0,0,0
g,20,standard,2443,20,0,7,0.0,20,0,7,0.0,0,0
g,20,standard,2481,20,0,13,0.0,20,0,13,0.0,0,0
g,20,standard,2505,20,0,18,0.0,20,0,18,0.0,0,0
g,20,standard,2527,20,2,9,0.2222222222222222,20,2,9,0.2222222222222222,0,0
g,20,standard,2531,20,0,39,0.0,20,0,39,0.0,0,0
g,20,standard,2569,20,0,5,0.0,20,0,4,0.0,0,0
g,20,standard,2645,20,1,9,0.1111111111111111,20,1,8,0.125,0,0
g,20,standard,2652,20,0,31,0.0,20,0,31,0.0,0,0
g,20,standard,2665,20,0,6,0.0,20,0,6,0.0,0,0
g,20,standard,2669,20,0,5,0.0,20,0,2,0.0,0,0
g,20,standard,2675,20,0,15,0.0,20,0,13,0.0,0,0
g,20,standard,2756,20,0,17,0.0,20,0,15,0.0,0,0
g,20,standard,2766,20,1,16,0.0625,20,1,15,0.06666666666666667,0,0
g,20,standard,2781,20,0,13,0.0,20,0,12,0.0,0,0
g,20,standard,2782,20,0,7,0.0,20,0,7,0.0,0,0
g,20,standard,2783,20,0,5,0.0,20,0,4,0.0,0,0
g,20,standard,2821,20,1,23,0.043478260869565216,20,1,22,0.045454545454545456,0,0
g,20,standard,2844,20,0,5,0.0,20,0,5,0.0,0,0
g,20,standard,2862,20,0,9,0.0,20,0,9,0.0,0,0
g,20,standard,2879,20,0,5,0.0,20,0,2,0.0,0,0
g,20,standard,2906,20,0,6,0.0,20,0,5,0.0,0,0
g,20,standard,2923,20,0,5,0.0,20,0,5,0.0,0,0
g,20,standard,2930,20,0,5,0.0,20,0,4,0.0,0,0
g,20,standard,2957,20,0,8,0.0,20,0,8,0.0,0,0
g,20,standard,2988,20,0,6,0.0,20,0,6,0.0,0,0
g,20,standard,2990,20,0,5,0.0,20,0,4,0.0,0,0
g,20,standard,3003,20,0,6,0.0,20,0,5,0.0,0,0
g,20,standard,3013,20,1,5,0.2,20,1,5,0.2,0,0
g,20,standard,3035,20,0,7,0.0,20,0,7,0.0,0,0
g,20,standard,3059,20,0,9,0.0,20,0,9,0.0,0,0
g,20,standard,3082,20,0,10,0.0,20,0,8,0.0,0,0
g,20,standard,3099,20,0,5,0.0,20,0,3,0.0,0,0
g,20,standard,3118,20,0,14,0.0,20,0,13,0.0,0,0
g,20,standard,3120,20,0,9,0.0,20,0,8,0.0,0,0
g,50,standard,42,50,2,13,0.15384615384615385,49,1,12,0.08333333333333333,1,1
g,50,standard,56,50,0,5,0.0,50,0,4,0.0,0,0
g,50,standard,69,50,0,6,0.0,50,0,5,0.0,0,0
g,50,standard,70,50,0,7,0.0,50,0,7,0.0,0,0
g,50,standard,85,50,1,7,0.14285714285714285,49,0,6,0.0,1,1
g,50,standard,111,50,0,11,0.0,50,0,11,0.0,0,0
g,50,standard,176,50,0,5,0.0,50,0,2,0.0,0,0
g,50,standard,209,50,0,5,0.0,50,0,5,0.0,0,0
g,50,standard,210,50,1,8,0.125,49,0,6,0.0,1,1
g,50,standard,224,50,1,21,0.047619047619047616,50,1,19,0.05263157894736842,0,0
g,50,standard,230,50,1,7,0.14285714285714285,50,1,7,0.14285714285714285,0,0
g,50,standard,304,50,0,8,0.0,50,0,8,0.0,0,0
g,50,standard,326,50,0,5,0.0,50,0,4,0.0,0,0
g,50,standard,328,50,1,25,0.04,50,1,23,0.043478260869565216,0,0
g,50,standard,344,50,0,9,0.0,50,0,8,0.0,0,0
g,50,standard,370,50,0,7,0.0,50,0,7,0.0,0,0
g,50,standard,372,50,1,5,0.2,49,0,1,0.0,1,1
g,50,standard,408,50,2,18,0.1111111111111111,50,2,17,0.11764705882352941,0,0
g,50,standard,410,50,4,7,0.5714285714285714,49,3,6,0.5,1,1
g,50,standard,426,50,0,5,0.0,50,0,0,,0,0
g,50,standard,449,50,0,10,0.0,50,0,10,0.0,0,0
g,50,standard,451,50,0,8,0.0,50,0,7,0.0,0,0
g,50,standard,459,50,0,10,0.0,50,0,5,0.0,0,0
g,50,standard,538,50,1,10,0.1,50,1,8,0.125,0,0
g,50,standard,555,50,0,5,0.0,50,0,5,0.0,0,0
g,50,standard,560,50,0,9,0.0,50,0,8,0.0,0,0
g,50,standard,567,50,1,5,0.2,50,1,5,0.2,0,0
g,50,standard,581,50,1,5,0.2,50,1,5,0.2,0,0
g,50,standard,588,50,0,5,0.0,50,0,5,0.0,0,0
g,50,standard,590,50,0,11,0.0,50,0,10,0.0,0,0
g,50,standard,596,50,0,5,0.0,50,0,2,0.0,0,0
g,50,standard,599,50,0,6,0.0,50,0,3,0.0,0,0
g,50,standard,605,50,0,10,0.0,50,0,10,0.0,0,0
g,50,standard,670,50,0,6,0.0,50,0,6,0.0,0,0
g,50,standard,709,50,0,8,0.0,50,0,8,0.0,0,0
g,50,standard,743,50,1,5,0.2,50,1,4,0.25,0,0
g,50,standard,781,50,0,5,0.0,50,0,4,0.0,0,0
g,50,standard,803,50,0,8,0.0,50,0,7,0.0,0,0
g,50,standard,805,50,7,19,0.3684210526315789,49,6,16,0.375,1,1
g,50,standard,810,50,0,5,0.0,50,0,5,0.0,0,0
g,50,standard,820,50,1,19,0.05263157894736842,50,1,17,0.058823529411764705,0,0
g,50,standard,822,50,0,9,0.0,50,0,9,0.0,0,0
g,50,standard,824,50,2,9,0.2222222222222222,50,2,8,0.25,0,0
g,50,standard,833,50,1,7,0.14285714285714285,50,1,6,0.16666666666666666,0,0
g,50,standard,836,50,0,6,0.0,50,0,6,0.0,0,0
g,50,standard,912,50,2,5,0.4,50,2,3,0.6666666666666666,0,0
g,50,standard,932,50,3,7,0.42857142857142855,47,0,2,0.0,3,3
g,50,standard,935,50,0,7,0.0,50,0,7,0.0,0,0
g,50,standard,940,50,1,8,0.125,50,1,8,0.125,0,0
g,50,standard,958,50,0,7,0.0,50,0,5,0.0,0,0
g,50,standard,1077,50,0,7,0.0,50,0,7,0.0,0,0
g,50,standard,1090,50,0,15,0.0,50,0,13,0.0,0,0
g,50,standard,1098,50,0,8,0.0,50,0,8,0.0,0,0
g,50,standard,1127,50,2,6,0.3333333333333333,50,2,5,0.4,0,0
g,50,standard,1145,50,0,6,0.0,50,0,4,0.0,0,0
g,50,standard,1164,50,0,8,0.0,50,0,7,0.0,0,0
g,50,standard,1204,50,0,37,0.0,50,0,36,0.0,0,0
g,50,standard,1263,50,0,8,0.0,50,0,7,0.0,0,0
g,50,standard,1285,50,0,5,0.0,50,0,4,0.0,0,0
g,50,standard,1313,50,1,12,0.08333333333333333,50,1,12,0.08333333333333333,0,0
g,50,standard,1323,50,1,5,0.2,49,0,3,0.0,1,1
g,50,standard,1365,50,0,26,0.0,50,0,26,0.0,0,0
g,50,standard,1376,50,0,5,0.0,50,0,4,0.0,0,0
g,50,standard,1382,50,0,10,0.0,50,0,10,0.0,0,0
g,50,standard,1397,50,0,5,0.0,50,0,1,0.0,0,0
g,50,standard,1428,50,0,6,0.0,50,0,6,0.0,0,0
g,50,standard,1440,50,0,5,0.0,50,0,5,0.0,0,0
g,50,standard,1447,50,0,6,0.0,50,0,3,0.0,0,0
g,50,standard,1467,50,0,5,0.0,50,0,4,0.0,0,0
g,50,standard,1472,50,1,9,0.1111111111111111,50,1,8,0.125,0,0
g,50,standard,1494,50,0,15,0.0,50,0,12,0.0,0,0
g,50,standard,1500,50,0,6,0.0,50,0,5,0.0,0,0
g,50,standard,1503,50,0,6,0.0,50,0,6,0.0,0,0
g,50,standard,1527,50,0,7,0.0,50,0,5,0.0,0,0
g,50,standard,1530,50,0,7,0.0,50,0,4,0.0,0,0
g,50,standard,1532,50,0,5,0.0,50,0,3,0.0,0,0
g,50,standard,1540,50,0,31,0.0,50,0,25,0.0,0,0
g,50,standard,1604,50,1,15,0.06666666666666667,50,1,15,0.06666666666666667,0,0
g,50,standard,1640,50,0,16,0.0,50,0,15,0.0,0,0
g,50,standard,1644,50,0,7,0.0,50,0,7,0.0,0,0
g,50,standard,1661,50,0,6,0.0,50,0,4,0.0,0,0
g,50,standard,1742,50,1,51,0.0196078431372549,50,1,51,0.0196078431372549,0,0
g,50,standard,1750,50,0,8,0.0,50,0,8,0.0,0,0
g,50,standard,1753,50,0,5,0.0,50,0,4,0.0,0,0
g,50,standard,1765,50,1,6,0.16666666666666666,50,1,3,0.3333333333333333,0,0
g,50,standard,1773,50,0,5,0.0,50,0,3,0.0,0,0
g,50,standard,1774,50,0,6,0.0,50,0,5,0.0,0,0
g,50,standard,1824,50,0,13,0.0,50,0,13,0.0,0,0
g,50,standard,1838,50,0,6,0.0,50,0,6,0.0,0,0
g,50,standard,1865,50,0,21,0.0,50,0,19,0.0,0,0
g,50,standard,1881,50,0,7,0.0,50,0,6,0.0,0,0
g,50,standard,1896,50,0,13,0.0,50,0,13,0.0,0,0
g,50,standard,1920,50,0,5,0.0,50,0,3,0.0,0,0
g,50,standard,1921,50,0,5,0.0,50,0,4,0.0,0,0
g,50,standard,1945,50,1,12,0.08333333333333333,50,1,12,0.08333333333333333,0,0
g,50,standard,1955,50,0,7,0.0,50,0,7,0.0,0,0
g,50,standard,1967,50,0,5,0.0,50,0,5,0.0,0,0
g,50,standard,1970,50,0,12,0.0,50,0,12,0.0,0,0
g,50,standard,1991,50,0,5,0.0,50,0,3,0.0,0,0
g,50,standard,2016,50,2,30,0.06666666666666667,49,1,29,0.034482758620689655,1,1
g,50,standard,2031,50,1,19,0.05263157894736842,50,1,18,0.05555555555555555,0,0
g,50,standard,2040,50,0,8,0.0,50,0,8,0.0,0,0
g,50,standard,2050,50,2,16,0.125,50,2,16,0.125,0,0
g,50,standard,2069,50,0,5,0.0,50,0,5,0.0,0,0
g,50,standard,2096,50,0,6,0.0,50,0,5,0.0,0,0
g,50,standard,2104,50,0,11,0.0,50,0,11,0.0,0,0
g,50,standard,2110,50,0,13,0.0,50,0,12,0.0,0,0
g,50,standard,2126,50,0,15,0.0,50,0,14,0.0,0,0
g,50,standard,2134,50,0,9,0.0,50,0,7,0.0,0,0
g,50,standard,2174,50,0,12,0.0,50,0,11,0.0,0,0
g,50,standard,2181,50,0,5,0.0,50,0,4,0.0,0,0
g,50,standard,2183,50,0,11,0.0,50,0,11,0.0,0,0
g,50,standard,2204,50,1,17,0.058823529411764705,50,1,17,0.058823529411764705,0,0
g,50,standard,2220,50,0,7,0.0,50,0,6,0.0,0,0
g,50,standard,2247,50,0,5,0.0,50,0,1,0.0,0,0
g,50,standard,2271,50,0,6,0.0,50,0,5,0.0,0,0
g,50,standard,2287,50,0,10,0.0,50,0,10,0.0,0,0
g,50,standard,2316,50,0,8,0.0,50,0,5,0.0,0,0
g,50,standard,2336,50,3,53,0.05660377358490566,50,3,52,0.057692307692307696,0,0
g,50,standard,2354,50,0,6,0.0,50,0,5,0.0,0,0
g,50,standard,2412,50,0,9,0.0,50,0,7,0.0,0,0
g,50,standard,2441,50,0,9,0.0,50,0,9,0.0,0,0
g,50,standard,2443,50,0,7,0.0,50,0,7,0.0,0,0
g,50,standard,2481,50,0,13,0.0,50,0,13,0.0,0,0
g,50,standard,2505,50,0,18,0.0,50,0,18,0.0,0,0
g,50,standard,2527,50,2,9,0.2222222222222222,50,2,9,0.2222222222222222,0,0
g,50,standard,2531,50,0,39,0.0,50,0,39,0.0,0,0
g,50,standard,2569,50,0,5,0.0,50,0,4,0.0,0,0
g,50,standard,2645,50,1,9,0.1111111111111111,50,1,8,0.125,0,0
g,50,standard,2652,50,0,31,0.0,50,0,31,0.0,0,0
g,50,standard,2665,50,0,6,0.0,50,0,6,0.0,0,0
g,50,standard,2669,50,0,5,0.0,50,0,2,0.0,0,0
g,50,standard,2675,50,0,15,0.0,50,0,13,0.0,0,0
g,50,standard,2756,50,0,17,0.0,50,0,15,0.0,0,0
g,50,standard,2766,50,1,16,0.0625,50,1,15,0.06666666666666667,0,0
g,50,standard,2781,50,0,13,0.0,50,0,12,0.0,0,0
g,50,standard,2782,50,0,7,0.0,50,0,7,0.0,0,0
g,50,standard,2783,50,0,5,0.0,50,0,4,0.0,0,0
g,50,standard,2821,50,2,23,0.08695652173913043,50,2,22,0.09090909090909091,0,0
g,50,standard,2844,50,0,5,0.0,50,0,5,0.0,0,0
g,50,standard,2862,50,0,9,0.0,50,0,9,0.0,0,0
g,50,standard,2879,50,0,5,0.0,50,0,2,0.0,0,0
g,50,standard,2906,50,0,6,0.0,50,0,5,0.0,0,0
g,50,standard,2923,50,1,5,0.2,50,1,5,0.2,0,0
g,50,standard,2930,50,0,5,0.0,50,0,4,0.0,0,0
g,50,standard,2957,50,0,8,0.0,50,0,8,0.0,0,0
g,50,standard,2988,50,0,6,0.0,50,0,6,0.0,0,0
g,50,standard,2990,50,1,5,0.2,49,0,4,0.0,1,1
g,50,standard,3003,50,0,6,0.0,50,0,5,0.0,0,0
g,50,standard,3013,50,1,5,0.2,50,1,5,0.2,0,0
g,50,standard,3035,50,0,7,0.0,50,0,7,0.0,0,0
g,50,standard,3059,50,0,9,0.0,50,0,9,0.0,0,0
g,50,standard,3082,50,1,10,0.1,50,1,8,0.125,0,0
g,50,standard,3099,50,0,5,0.0,50,0,3,0.0,0,0
g,50,standard,3118,50,0,14,0.0,50,0,13,0.0,0,0
g,50,standard,3120,50,0,9,0.0,50,0,8,0.0,0,0
g,100,standard,42,100,2,13,0.15384615384615385,99,1,12,0.08333333333333333,1,1
g,100,standard,56,100,0,5,0.0,100,0,4,0.0,0,0
g,100,standard,69,100,0,6,0.0,100,0,5,0.0,0,0
g,100,standard,70,100,0,7,0.0,100,0,7,0.0,0,0
g,100,standard,85,100,2,7,0.2857142857142857,99,1,6,0.16666666666666666,1,1
g,100,standard,111,100,1,11,0.09090909090909091,100,1,11,0.09090909090909091,0,0
g,100,standard,176,100,0,5,0.0,100,0,2,0.0,0,0
g,100,standard,209,100,0,5,0.0,100,0,5,0.0,0,0
g,100,standard,210,100,1,8,0.125,99,0,6,0.0,1,1
g,100,standard,224,100,1,21,0.047619047619047616,100,1,19,0.05263157894736842,0,0
g,100,standard,230,100,1,7,0.14285714285714285,100,1,7,0.14285714285714285,0,0
g,100,standard,304,100,1,8,0.125,100,1,8,0.125,0,0
g,100,standard,326,100,0,5,0.0,100,0,4,0.0,0,0
g,100,standard,328,100,2,25,0.08,100,2,23,0.08695652173913043,0,0
g,100,standard,344,100,0,9,0.0,100,0,8,0.0,0,0
g,100,standard,370,100,0,7,0.0,100,0,7,0.0,0,0
g,100,standard,372,100,1,5,0.2,99,0,1,0.0,1,1
g,100,standard,408,100,4,18,0.2222222222222222,99,3,17,0.17647058823529413,1,1
g,100,standard,410,100,4,7,0.5714285714285714,99,3,6,0.5,1,1
g,100,standard,426,100,1,5,0.2,99,0,0,,1,1
g,100,standard,449,100,0,10,0.0,100,0,10,0.0,0,0
g,100,standard,451,100,0,8,0.0,100,0,7,0.0,0,0
g,100,standard,459,100,0,10,0.0,100,0,5,0.0,0,0
g,100,standard,538,100,2,10,0.2,100,2,8,0.25,0,0
g,100,standard,555,100,0,5,0.0,100,0,5,0.0,0,0
g,100,standard,560,100,0,9,0.0,100,0,8,0.0,0,0
g,100,standard,567,100,1,5,0.2,100,1,5,0.2,0,0
g,100,standard,581,100,2,5,0.4,100,2,5,0.4,0,0
g,100,standard,588,100,0,5,0.0,100,0,5,0.0,0,0
g,100,standard,590,100,0,11,0.0,100,0,10,0.0,0,0
g,100,standard,596,100,0,5,0.0,100,0,2,0.0,0,0
g,100,standard,599,100,0,6,0.0,100,0,3,0.0,0,0
g,100,standard,605,100,0,10,0.0,100,0,10,0.0,0,0
g,100,standard,670,100,0,6,0.0,100,0,6,0.0,0,0
g,100,standard,709,100,0,8,0.0,100,0,8,0.0,0,0
g,100,standard,743,100,1,5,0.2,100,1,4,0.25,0,0
g,100,standard,781,100,0,5,0.0,100,0,4,0.0,0,0
g,100,standard,803,100,0,8,0.0,100,0,7,0.0,0,0
g,100,standard,805,100,9,19,0.47368421052631576,99,8,16,0.5,1,1
g,100,standard,810,100,0,5,0.0,100,0,5,0.0,0,0
g,100,standard,820,100,2,19,0.10526315789473684,100,2,17,0.11764705882352941,0,0
g,100,standard,822,100,0,9,0.0,100,0,9,0.0,0,0
g,100,standard,824,100,2,9,0.2222222222222222,100,2,8,0.25,0,0
g,100,standard,833,100,1,7,0.14285714285714285,100,1,6,0.16666666666666666,0,0
g,100,standard,836,100,0,6,0.0,100,0,6,0.0,0,0
g,100,standard,912,100,2,5,0.4,100,2,3,0.6666666666666666,0,0
g,100,standard,932,100,3,7,0.42857142857142855,97,0,2,0.0,3,3
g,100,standard,935,100,0,7,0.0,100,0,7,0.0,0,0
g,100,standard,940,100,1,8,0.125,100,1,8,0.125,0,0
g,100,standard,958,100,1,7,0.14285714285714285,100,1,5,0.2,0,0
g,100,standard,1077,100,0,7,0.0,100,0,7,0.0,0,0
g,100,standard,1090,100,0,15,0.0,100,0,13,0.0,0,0
g,100,standard,1098,100,1,8,0.125,100,1,8,0.125,0,0
g,100,standard,1127,100,2,6,0.3333333333333333,100,2,5,0.4,0,0
g,100,standard,1145,100,0,6,0.0,100,0,4,0.0,0,0
g,100,standard,1164,100,1,8,0.125,100,1,7,0.14285714285714285,0,0
g,100,standard,1204,100,0,37,0.0,100,0,36,0.0,0,0
g,100,standard,1263,100,0,8,0.0,100,0,7,0.0,0,0
g,100,standard,1285,100,1,5,0.2,100,1,4,0.25,0,0
g,100,standard,1313,100,1,12,0.08333333333333333,100,1,12,0.08333333333333333,0,0
g,100,standard,1323,100,1,5,0.2,99,0,3,0.0,1,1
g,100,standard,1365,100,0,26,0.0,100,0,26,0.0,0,0
g,100,standard,1376,100,0,5,0.0,100,0,4,0.0,0,0
g,100,standard,1382,100,0,10,0.0,100,0,10,0.0,0,0
g,100,standard,1397,100,0,5,0.0,100,0,1,0.0,0,0
g,100,standard,1428,100,0,6,0.0,100,0,6,0.0,0,0
g,100,standard,1440,100,0,5,0.0,100,0,5,0.0,0,0
g,100,standard,1447,100,0,6,0.0,100,0,3,0.0,0,0
g,100,standard,1467,100,0,5,0.0,100,0,4,0.0,0,0
g,100,standard,1472,100,1,9,0.1111111111111111,100,1,8,0.125,0,0
g,100,standard,1494,100,0,15,0.0,100,0,12,0.0,0,0
g,100,standard,1500,100,0,6,0.0,100,0,5,0.0,0,0
g,100,standard,1503,100,3,6,0.5,100,3,6,0.5,0,0
g,100,standard,1527,100,1,7,0.14285714285714285,99,0,5,0.0,1,1
g,100,standard,1530,100,0,7,0.0,100,0,4,0.0,0,0
g,100,standard,1532,100,1,5,0.2,99,0,3,0.0,1,1
g,100,standard,1540,100,0,31,0.0,100,0,25,0.0,0,0
g,100,standard,1604,100,1,15,0.06666666666666667,100,1,15,0.06666666666666667,0,0
g,100,standard,1640,100,0,16,0.0,100,0,15,0.0,0,0
g,100,standard,1644,100,0,7,0.0,100,0,7,0.0,0,0
g,100,standard,1661,100,0,6,0.0,100,0,4,0.0,0,0
g,100,standard,1742,100,2,51,0.0392156862745098,100,2,51,0.0392156862745098,0,0
g,100,standard,1750,100,0,8,0.0,100,0,8,0.0,0,0
g,100,standard,1753,100,0,5,0.0,100,0,4,0.0,0,0
g,100,standard,1765,100,2,6,0.3333333333333333,99,1,3,0.3333333333333333,1,1
g,100,standard,1773,100,0,5,0.0,100,0,3,0.0,0,0
g,100,standard,1774,100,0,6,0.0,100,0,5,0.0,0,0
g,100,standard,1824,100,0,13,0.0,100,0,13,0.0,0,0
g,100,standard,1838,100,0,6,0.0,100,0,6,0.0,0,0
g,100,standard,1865,100,0,21,0.0,100,0,19,0.0,0,0
g,100,standard,1881,100,0,7,0.0,100,0,6,0.0,0,0
g,100,standard,1896,100,0,13,0.0,100,0,13,0.0,0,0
g,100,standard,1920,100,0,5,0.0,100,0,3,0.0,0,0
g,100,standard,1921,100,0,5,0.0,100,0,4,0.0,0,0
g,100,standard,1945,100,1,12,0.08333333333333333,100,1,12,0.08333333333333333,0,0
g,100,standard,1955,100,0,7,0.0,100,0,7,0.0,0,0
g,100,standard,1967,100,0,5,0.0,100,0,5,0.0,0,0
g,100,standard,1970,100,1,12,0.08333333333333333,100,1,12,0.08333333333333333,0,0
g,100,standard,1991,100,0,5,0.0,100,0,3,0.0,0,0
g,100,standard,2016,100,7,30,0.23333333333333334,99,6,29,0.20689655172413793,1,1
g,100,standard,2031,100,1,19,0.05263157894736842,100,1,18,0.05555555555555555,0,0
g,100,standard,2040,100,0,8,0.0,100,0,8,0.0,0,0
g,100,standard,2050,100,4,16,0.25,100,4,16,0.25,0,0
g,100,standard,2069,100,0,5,0.0,100,0,5,0.0,0,0
g,100,standard,2096,100,0,6,0.0,100,0,5,0.0,0,0
g,100,standard,2104,100,0,11,0.0,100,0,11,0.0,0,0
g,100,standard,2110,100,2,13,0.15384615384615385,100,2,12,0.16666666666666666,0,0
g,100,standard,2126,100,0,15,0.0,100,0,14,0.0,0,0
g,100,standard,2134,100,0,9,0.0,100,0,7,0.0,0,0
g,100,standard,2174,100,0,12,0.0,100,0,11,0.0,0,0
g,100,standard,2181,100,0,5,0.0,100,0,4,0.0,0,0
g,100,standard,2183,100,1,11,0.09090909090909091,100,1,11,0.09090909090909091,0,0
g,100,standard,2204,100,1,17,0.058823529411764705,100,1,17,0.058823529411764705,0,0
g,100,standard,2220,100,0,7,0.0,100,0,6,0.0,0,0
g,100,standard,2247,100,0,5,0.0,100,0,1,0.0,0,0
g,100,standard,2271,100,0,6,0.0,100,0,5,0.0,0,0
g,100,standard,2287,100,0,10,0.0,100,0,10,0.0,0,0
g,100,standard,2316,100,0,8,0.0,100,0,5,0.0,0,0
g,100,standard,2336,100,4,53,0.07547169811320754,100,4,52,0.07692307692307693,0,0
g,100,standard,2354,100,0,6,0.0,100,0,5,0.0,0,0
g,100,standard,2412,100,0,9,0.0,100,0,7,0.0,0,0
g,100,standard,2441,100,0,9,0.0,100,0,9,0.0,0,0
g,100,standard,2443,100,1,7,0.14285714285714285,100,1,7,0.14285714285714285,0,0
g,100,standard,2481,100,0,13,0.0,100,0,13,0.0,0,0
g,100,standard,2505,100,1,18,0.05555555555555555,100,1,18,0.05555555555555555,0,0
g,100,standard,2527,100,2,9,0.2222222222222222,100,2,9,0.2222222222222222,0,0
g,100,standard,2531,100,1,39,0.02564102564102564,100,1,39,0.02564102564102564,0,0
g,100,standard,2569,100,0,5,0.0,100,0,4,0.0,0,0
g,100,standard,2645,100,1,9,0.1111111111111111,100,1,8,0.125,0,0
g,100,standard,2652,100,0,31,0.0,100,0,31,0.0,0,0
g,100,standard,2665,100,0,6,0.0,100,0,6,0.0,0,0
g,100,standard,2669,100,0,5,0.0,100,0,2,0.0,0,0
g,100,standard,2675,100,1,15,0.06666666666666667,100,1,13,0.07692307692307693,0,0
g,100,standard,2756,100,0,17,0.0,100,0,15,0.0,0,0
g,100,standard,2766,100,1,16,0.0625,100,1,15,0.06666666666666667,0,0
g,100,standard,2781,100,3,13,0.23076923076923078,100,3,12,0.25,0,0
g,100,standard,2782,100,0,7,0.0,100,0,7,0.0,0,0
g,100,standard,2783,100,0,5,0.0,100,0,4,0.0,0,0
g,100,standard,2821,100,3,23,0.13043478260869565,99,2,22,0.09090909090909091,1,1
g,100,standard,2844,100,0,5,0.0,100,0,5,0.0,0,0
g,100,standard,2862,100,0,9,0.0,100,0,9,0.0,0,0
g,100,standard,2879,100,0,5,0.0,100,0,2,0.0,0,0
g,100,standard,2906,100,0,6,0.0,100,0,5,0.0,0,0
g,100,standard,2923,100,1,5,0.2,100,1,5,0.2,0,0
g,100,standard,2930,100,0,5,0.0,100,0,4,0.0,0,0
g,100,standard,2957,100,0,8,0.0,100,0,8,0.0,0,0
g,100,standard,2988,100,0,6,0.0,100,0,6,0.0,0,0
g,100,standard,2990,100,1,5,0.2,99,0,4,0.0,1,1
g,100,standard,3003,100,0,6,0.0,100,0,5,0.0,0,0
g,100,standard,3013,100,2,5,0.4,100,2,5,0.4,0,0
g,100,standard,3035,100,0,7,0.0,100,0,7,0.0,0,0
g,100,standard,3059,100,0,9,0.0,100,0,9,0.0,0,0
g,100,standard,3082,100,1,10,0.1,100,1,8,0.125,0,0
g,100,standard,3099,100,0,5,0.0,100,0,3,0.0,0,0
g,100,standard,3118,100,0,14,0.0,100,0,13,0.0,0,0
g,100,standard,3120,100,0,9,0.0,100,0,8,0.0,0,0
semantic,10,standard,42,10,0,13,0.0,10,0,12,0.0,0,0
semantic,10,standard,56,10,1,5,0.2,9,0,4,0.0,1,1
semantic,10,standard,69,10,0,6,0.0,10,0,5,0.0,0,0
semantic,10,standard,70,10,0,7,0.0,10,0,7,0.0,0,0
semantic,10,standard,85,10,1,7,0.14285714285714285,9,0,6,0.0,1,1
semantic,10,standard,111,10,0,11,0.0,10,0,11,0.0,0,0
semantic,10,standard,176,10,2,5,0.4,8,0,2,0.0,2,2
semantic,10,standard,209,10,0,5,0.0,10,0,5,0.0,0,0
semantic,10,standard,210,10,0,8,0.0,10,0,6,0.0,0,0
semantic,10,standard,224,10,0,21,0.0,10,0,19,0.0,0,0
semantic,10,standard,230,10,0,7,0.0,10,0,7,0.0,0,0
semantic,10,standard,304,10,0,8,0.0,10,0,8,0.0,0,0
semantic,10,standard,326,10,1,5,0.2,9,0,4,0.0,1,1
semantic,10,standard,328,10,0,25,0.0,10,0,23,0.0,0,0
semantic,10,standard,344,10,0,9,0.0,10,0,8,0.0,0,0
semantic,10,standard,370,10,0,7,0.0,10,0,7,0.0,0,0
semantic,10,standard,372,10,2,5,0.4,8,0,1,0.0,2,2
semantic,10,standard,408,10,0,18,0.0,10,0,17,0.0,0,0
semantic,10,standard,410,10,0,7,0.0,10,0,6,0.0,0,0
semantic,10,standard,426,10,1,5,0.2,9,0,0,,1,1
semantic,10,standard,449,10,0,10,0.0,10,0,10,0.0,0,0
semantic,10,standard,451,10,1,8,0.125,9,0,7,0.0,1,1
semantic,10,standard,459,10,0,10,0.0,10,0,5,0.0,0,0
semantic,10,standard,538,10,1,10,0.1,9,0,8,0.0,1,1
semantic,10,standard,555,10,0,5,0.0,10,0,5,0.0,0,0
semantic,10,standard,560,10,0,9,0.0,10,0,8,0.0,0,0
semantic,10,standard,567,10,0,5,0.0,10,0,5,0.0,0,0
semantic,10,standard,581,10,0,5,0.0,10,0,5,0.0,0,0
semantic,10,standard,588,10,0,5,0.0,10,0,5,0.0,0,0
semantic,10,standard,590,10,1,11,0.09090909090909091,9,0,10,0.0,1,1
semantic,10,standard,596,10,2,5,0.4,8,0,2,0.0,2,2
semantic,10,standard,599,10,1,6,0.16666666666666666,9,0,3,0.0,1,1
semantic,10,standard,605,10,0,10,0.0,10,0,10,0.0,0,0
semantic,10,standard,670,10,0,6,0.0,10,0,6,0.0,0,0
semantic,10,standard,709,10,0,8,0.0,10,0,8,0.0,0,0
semantic,10,standard,743,10,0,5,0.0,10,0,4,0.0,0,0
semantic,10,standard,781,10,1,5,0.2,9,0,4,0.0,1,1
semantic,10,standard,803,10,1,8,0.125,9,0,7,0.0,1,1
semantic,10,standard,805,10,2,19,0.10526315789473684,8,0,16,0.0,2,2
semantic,10,standard,810,10,0,5,0.0,10,0,5,0.0,0,0
semantic,10,standard,820,10,0,19,0.0,10,0,17,0.0,0,0
semantic,10,standard,822,10,0,9,0.0,10,0,9,0.0,0,0
semantic,10,standard,824,10,1,9,0.1111111111111111,9,0,8,0.0,1,1
semantic,10,standard,833,10,1,7,0.14285714285714285,9,0,6,0.0,1,1
semantic,10,standard,836,10,0,6,0.0,10,0,6,0.0,0,0
semantic,10,standard,912,10,1,5,0.2,9,0,3,0.0,1,1
semantic,10,standard,932,10,3,7,0.42857142857142855,7,0,2,0.0,3,3
semantic,10,standard,935,10,0,7,0.0,10,0,7,0.0,0,0
semantic,10,standard,940,10,0,8,0.0,10,0,8,0.0,0,0
semantic,10,standard,958,10,1,7,0.14285714285714285,9,0,5,0.0,1,1
semantic,10,standard,1077,10,0,7,0.0,10,0,7,0.0,0,0
semantic,10,standard,1090,10,1,15,0.06666666666666667,9,0,13,0.0,1,1
semantic,10,standard,1098,10,0,8,0.0,10,0,8,0.0,0,0
semantic,10,standard,1127,10,1,6,0.16666666666666666,9,0,5,0.0,1,1
semantic,10,standard,1145,10,1,6,0.16666666666666666,9,0,4,0.0,1,1
semantic,10,standard,1164,10,0,8,0.0,10,0,7,0.0,0,0
semantic,10,standard,1204,10,0,37,0.0,10,0,36,0.0,0,0
semantic,10,standard,1263,10,0,8,0.0,10,0,7,0.0,0,0
semantic,10,standard,1285,10,0,5,0.0,10,0,4,0.0,0,0
semantic,10,standard,1313,10,0,12,0.0,10,0,12,0.0,0,0
semantic,10,standard,1323,10,0,5,0.0,10,0,3,0.0,0,0
semantic,10,standard,1365,10,0,26,0.0,10,0,26,0.0,0,0
semantic,10,standard,1376,10,1,5,0.2,9,0,4,0.0,1,1
semantic,10,standard,1382,10,0,10,0.0,10,0,10,0.0,0,0
semantic,10,standard,1397,10,3,5,0.6,7,0,1,0.0,3,3
semantic,10,standard,1428,10,0,6,0.0,10,0,6,0.0,0,0
semantic,10,standard,1440,10,0,5,0.0,10,0,5,0.0,0,0
semantic,10,standard,1447,10,2,6,0.3333333333333333,8,0,3,0.0,2,2
semantic,10,standard,1467,10,0,5,0.0,10,0,4,0.0,0,0
semantic,10,standard,1472,10,0,9,0.0,10,0,8,0.0,0,0
semantic,10,standard,1494,10,0,15,0.0,10,0,12,0.0,0,0
semantic,10,standard,1500,10,1,6,0.16666666666666666,9,0,5,0.0,1,1
semantic,10,standard,1503,10,0,6,0.0,10,0,6,0.0,0,0
semantic,10,standard,1527,10,1,7,0.14285714285714285,9,0,5,0.0,1,1
semantic,10,standard,1530,10,2,7,0.2857142857142857,8,0,4,0.0,2,2
semantic,10,standard,1532,10,2,5,0.4,8,0,3,0.0,2,2
semantic,10,standard,1540,10,1,31,0.03225806451612903,9,0,25,0.0,1,1
semantic,10,standard,1604,10,0,15,0.0,10,0,15,0.0,0,0
semantic,10,standard,1640,10,1,16,0.0625,9,0,15,0.0,1,1
semantic,10,standard,1644,10,0,7,0.0,10,0,7,0.0,0,0
semantic,10,standard,1661,10,2,6,0.3333333333333333,8,0,4,0.0,2,2
semantic,10,standard,1742,10,0,51,0.0,10,0,51,0.0,0,0
semantic,10,standard,1750,10,0,8,0.0,10,0,8,0.0,0,0
semantic,10,standard,1753,0,0,5,0.0,0,0,4,0.0,0,0
semantic,10,standard,1765,10,1,6,0.16666666666666666,9,0,3,0.0,1,1
semantic,10,standard,1773,10,1,5,0.2,9,0,3,0.0,1,1
semantic,10,standard,1774,10,0,6,0.0,10,0,5,0.0,0,0
semantic,10,standard,1824,10,0,13,0.0,10,0,13,0.0,0,0
semantic,10,standard,1838,10,0,6,0.0,10,0,6,0.0,0,0
semantic,10,standard,1865,10,0,21,0.0,10,0,19,0.0,0,0
semantic,10,standard,1881,10,1,7,0.14285714285714285,9,0,6,0.0,1,1
semantic,10,standard,1896,10,0,13,0.0,10,0,13,0.0,0,0
semantic,10,standard,1920,10,1,5,0.2,9,0,3,0.0,1,1
semantic,10,standard,1921,10,0,5,0.0,10,0,4,0.0,0,0
semantic,10,standard,1945,10,0,12,0.0,10,0,12,0.0,0,0
semantic,10,standard,1955,10,0,7,0.0,10,0,7,0.0,0,0
semantic,10,standard,1967,10,0,5,0.0,10,0,5,0.0,0,0
semantic,10,standard,1970,10,0,12,0.0,10,0,12,0.0,0,0
semantic,10,standard,1991,10,1,5,0.2,9,0,3,0.0,1,1
semantic,10,standard,2016,10,0,30,0.0,10,0,29,0.0,0,0
semantic,10,standard,2031,10,1,19,0.05263157894736842,9,0,18,0.0,1,1
semantic,10,standard,2040,10,0,8,0.0,10,0,8,0.0,0,0
semantic,10,standard,2050,10,0,16,0.0,10,0,16,0.0,0,0
semantic,10,standard,2069,10,0,5,0.0,10,0,5,0.0,0,0
semantic,10,standard,2096,10,0,6,0.0,10,0,5,0.0,0,0
semantic,10,standard,2104,10,0,11,0.0,10,0,11,0.0,0,0
semantic,10,standard,2110,10,0,13,0.0,10,0,12,0.0,0,0
semantic,10,standard,2126,10,1,15,0.06666666666666667,9,0,14,0.0,1,1
semantic,10,standard,2134,10,0,9,0.0,10,0,7,0.0,0,0
semantic,10,standard,2174,10,1,12,0.08333333333333333,9,0,11,0.0,1,1
semantic,10,standard,2181,10,1,5,0.2,9,0,4,0.0,1,1
semantic,10,standard,2183,10,0,11,0.0,10,0,11,0.0,0,0
semantic,10,standard,2204,10,0,17,0.0,10,0,17,0.0,0,0
semantic,10,standard,2220,10,0,7,0.0,10,0,6,0.0,0,0
semantic,10,standard,2247,10,2,5,0.4,8,0,1,0.0,2,2
semantic,10,standard,2271,10,1,6,0.16666666666666666,9,0,5,0.0,1,1
semantic,10,standard,2287,10,0,10,0.0,10,0,10,0.0,0,0
semantic,10,standard,2316,10,1,8,0.125,9,0,5,0.0,1,1
semantic,10,standard,2336,10,0,53,0.0,10,0,52,0.0,0,0
semantic,10,standard,2354,10,1,6,0.16666666666666666,9,0,5,0.0,1,1
semantic,10,standard,2412,10,0,9,0.0,10,0,7,0.0,0,0
semantic,10,standard,2441,10,0,9,0.0,10,0,9,0.0,0,0
semantic,10,standard,2443,10,0,7,0.0,10,0,7,0.0,0,0
semantic,10,standard,2481,10,0,13,0.0,10,0,13,0.0,0,0
semantic,10,standard,2505,10,0,18,0.0,10,0,18,0.0,0,0
semantic,10,standard,2527,10,0,9,0.0,10,0,9,0.0,0,0
semantic,10,standard,2531,10,0,39,0.0,10,0,39,0.0,0,0
semantic,10,standard,2569,10,0,5,0.0,10,0,4,0.0,0,0
semantic,10,standard,2645,10,1,9,0.1111111111111111,9,0,8,0.0,1,1
semantic,10,standard,2652,10,0,31,0.0,10,0,31,0.0,0,0
semantic,10,standard,2665,10,0,6,0.0,10,0,6,0.0,0,0
semantic,10,standard,2669,10,1,5,0.2,9,0,2,0.0,1,1
semantic,10,standard,2675,10,1,15,0.06666666666666667,9,0,13,0.0,1,1
semantic,10,standard,2756,10,2,17,0.11764705882352941,8,0,15,0.0,2,2
semantic,10,standard,2766,10,0,16,0.0,10,0,15,0.0,0,0
semantic,10,standard,2781,10,0,13,0.0,10,0,12,0.0,0,0
semantic,10,standard,2782,10,0,7,0.0,10,0,7,0.0,0,0
semantic,10,standard,2783,10,1,5,0.2,9,0,4,0.0,1,1
semantic,10,standard,2821,10,0,23,0.0,10,0,22,0.0,0,0
semantic,10,standard,2844,10,0,5,0.0,10,0,5,0.0,0,0
semantic,10,standard,2862,10,0,9,0.0,10,0,9,0.0,0,0
semantic,10,standard,2879,10,0,5,0.0,10,0,2,0.0,0,0
semantic,10,standard,2906,10,0,6,0.0,10,0,5,0.0,0,0
semantic,10,standard,2923,10,0,5,0.0,10,0,5,0.0,0,0
semantic,10,standard,2930,10,1,5,0.2,9,0,4,0.0,1,1
semantic,10,standard,2957,10,0,8,0.0,10,0,8,0.0,0,0
semantic,10,standard,2988,10,0,6,0.0,10,0,6,0.0,0,0
semantic,10,standard,2990,10,0,5,0.0,10,0,4,0.0,0,0
semantic,10,standard,3003,10,1,6,0.16666666666666666,9,0,5,0.0,1,1
semantic,10,standard,3013,10,0,5,0.0,10,0,5,0.0,0,0
semantic,10,standard,3035,10,0,7,0.0,10,0,7,0.0,0,0
semantic,10,standard,3059,10,0,9,0.0,10,0,9,0.0,0,0
semantic,10,standard,3082,10,0,10,0.0,10,0,8,0.0,0,0
semantic,10,standard,3099,10,0,5,0.0,10,0,3,0.0,0,0
semantic,10,standard,3118,10,0,14,0.0,10,0,13,0.0,0,0
semantic,10,standard,3120,10,0,9,0.0,10,0,8,0.0,0,0
semantic,20,standard,42,20,0,13,0.0,20,0,12,0.0,0,0
semantic,20,standard,56,20,1,5,0.2,19,0,4,0.0,1,1
semantic,20,standard,69,20,1,6,0.16666666666666666,19,0,5,0.0,1,1
semantic,20,standard,70,20,0,7,0.0,20,0,7,0.0,0,0
semantic,20,standard,85,20,1,7,0.14285714285714285,19,0,6,0.0,1,1
semantic,20,standard,111,20,0,11,0.0,20,0,11,0.0,0,0
semantic,20,standard,176,20,2,5,0.4,18,0,2,0.0,2,2
semantic,20,standard,209,20,0,5,0.0,20,0,5,0.0,0,0
semantic,20,standard,210,20,0,8,0.0,20,0,6,0.0,0,0
semantic,20,standard,224,20,1,21,0.047619047619047616,19,0,19,0.0,1,1
semantic,20,standard,230,20,0,7,0.0,20,0,7,0.0,0,0
semantic,20,standard,304,20,0,8,0.0,20,0,8,0.0,0,0
semantic,20,standard,326,20,1,5,0.2,19,0,4,0.0,1,1
semantic,20,standard,328,20,0,25,0.0,20,0,23,0.0,0,0
semantic,20,standard,344,20,0,9,0.0,20,0,8,0.0,0,0
semantic,20,standard,370,20,0,7,0.0,20,0,7,0.0,0,0
semantic,20,standard,372,20,2,5,0.4,18,0,1,0.0,2,2
semantic,20,standard,408,20,0,18,0.0,20,0,17,0.0,0,0
semantic,20,standard,410,20,1,7,0.14285714285714285,19,0,6,0.0,1,1
semantic,20,standard,426,20,3,5,0.6,17,0,0,,3,3
semantic,20,standard,449,20,0,10,0.0,20,0,10,0.0,0,0
semantic,20,standard,451,20,1,8,0.125,19,0,7,0.0,1,1
semantic,20,standard,459,20,0,10,0.0,20,0,5,0.0,0,0
semantic,20,standard,538,20,1,10,0.1,19,0,8,0.0,1,1
semantic,20,standard,555,20,0,5,0.0,20,0,5,0.0,0,0
semantic,20,standard,560,20,0,9,0.0,20,0,8,0.0,0,0
semantic,20,standard,567,20,0,5,0.0,20,0,5,0.0,0,0
semantic,20,standard,581,20,0,5,0.0,20,0,5,0.0,0,0
semantic,20,standard,588,20,0,5,0.0,20,0,5,0.0,0,0
semantic,20,standard,590,20,1,11,0.09090909090909091,19,0,10,0.0,1,1
semantic,20,standard,596,20,3,5,0.6,17,0,2,0.0,3,3
semantic,20,standard,599,20,1,6,0.16666666666666666,19,0,3,0.0,1,1
semantic,20,standard,605,20,0,10,0.0,20,0,10,0.0,0,0
semantic,20,standard,670,20,0,6,0.0,20,0,6,0.0,0,0
semantic,20,standard,709,20,0,8,0.0,20,0,8,0.0,0,0
semantic,20,standard,743,20,1,5,0.2,19,0,4,0.0,1,1
semantic,20,standard,781,20,2,5,0.4,19,1,4,0.25,1,1
semantic,20,standard,803,20,1,8,0.125,19,0,7,0.0,1,1
semantic,20,standard,805,20,2,19,0.10526315789473684,18,0,16,0.0,2,2
semantic,20,standard,810,20,0,5,0.0,20,0,5,0.0,0,0
semantic,20,standard,820,20,0,19,0.0,20,0,17,0.0,0,0
semantic,20,standard,822,20,0,9,0.0,20,0,9,0.0,0,0
semantic,20,standard,824,20,1,9,0.1111111111111111,19,0,8,0.0,1,1
semantic,20,standard,833,20,1,7,0.14285714285714285,19,0,6,0.0,1,1
semantic,20,standard,836,20,0,6,0.0,20,0,6,0.0,0,0
semantic,20,standard,912,20,1,5,0.2,19,0,3,0.0,1,1
semantic,20,standard,932,20,3,7,0.42857142857142855,17,0,2,0.0,3,3
semantic,20,standard,935,20,0,7,0.0,20,0,7,0.0,0,0
semantic,20,standard,940,20,0,8,0.0,20,0,8,0.0,0,0
semantic,20,standard,958,20,1,7,0.14285714285714285,19,0,5,0.0,1,1
semantic,20,standard,1077,20,0,7,0.0,20,0,7,0.0,0,0
semantic,20,standard,1090,20,1,15,0.06666666666666667,19,0,13,0.0,1,1
semantic,20,standard,1098,20,0,8,0.0,20,0,8,0.0,0,0
semantic,20,standard,1127,20,1,6,0.16666666666666666,19,0,5,0.0,1,1
semantic,20,standard,1145,20,1,6,0.16666666666666666,19,0,4,0.0,1,1
semantic,20,standard,1164,20,0,8,0.0,20,0,7,0.0,0,0
semantic,20,standard,1204,20,0,37,0.0,20,0,36,0.0,0,0
semantic,20,standard,1263,20,0,8,0.0,20,0,7,0.0,0,0
semantic,20,standard,1285,20,1,5,0.2,19,0,4,0.0,1,1
semantic,20,standard,1313,20,0,12,0.0,20,0,12,0.0,0,0
semantic,20,standard,1323,20,2,5,0.4,18,0,3,0.0,2,2
semantic,20,standard,1365,20,0,26,0.0,20,0,26,0.0,0,0
semantic,20,standard,1376,20,1,5,0.2,19,0,4,0.0,1,1
semantic,20,standard,1382,20,0,10,0.0,20,0,10,0.0,0,0
semantic,20,standard,1397,20,3,5,0.6,17,0,1,0.0,3,3
semantic,20,standard,1428,20,0,6,0.0,20,0,6,0.0,0,0
semantic,20,standard,1440,20,0,5,0.0,20,0,5,0.0,0,0
semantic,20,standard,1447,20,2,6,0.3333333333333333,18,0,3,0.0,2,2
semantic,20,standard,1467,20,0,5,0.0,20,0,4,0.0,0,0
semantic,20,standard,1472,20,1,9,0.1111111111111111,19,0,8,0.0,1,1
semantic,20,standard,1494,20,0,15,0.0,20,0,12,0.0,0,0
semantic,20,standard,1500,20,1,6,0.16666666666666666,19,0,5,0.0,1,1
semantic,20,standard,1503,20,0,6,0.0,20,0,6,0.0,0,0
semantic,20,standard,1527,20,1,7,0.14285714285714285,19,0,5,0.0,1,1
semantic,20,standard,1530,20,2,7,0.2857142857142857,18,0,4,0.0,2,2
semantic,20,standard,1532,20,2,5,0.4,18,0,3,0.0,2,2
semantic,20,standard,1540,20,1,31,0.03225806451612903,19,0,25,0.0,1,1
semantic,20,standard,1604,20,0,15,0.0,20,0,15,0.0,0,0
semantic,20,standard,1640,20,1,16,0.0625,19,0,15,0.0,1,1
semantic,20,standard,1644,20,0,7,0.0,20,0,7,0.0,0,0
semantic,20,standard,1661,20,2,6,0.3333333333333333,18,0,4,0.0,2,2
semantic,20,standard,1742,20,0,51,0.0,20,0,51,0.0,0,0
semantic,20,standard,1750,20,0,8,0.0,20,0,8,0.0,0,0
semantic,20,standard,1753,0,0,5,0.0,0,0,4,0.0,0,0
semantic,20,standard,1765,20,2,6,0.3333333333333333,18,0,3,0.0,2,2
semantic,20,standard,1773,20,2,5,0.4,18,0,3,0.0,2,2
semantic,20,standard,1774,20,0,6,0.0,20,0,5,0.0,0,0
semantic,20,standard,1824,20,0,13,0.0,20,0,13,0.0,0,0
semantic,20,standard,1838,20,0,6,0.0,20,0,6,0.0,0,0
semantic,20,standard,1865,20,0,21,0.0,20,0,19,0.0,0,0
semantic,20,standard,1881,20,1,7,0.14285714285714285,19,0,6,0.0,1,1
semantic,20,standard,1896,20,0,13,0.0,20,0,13,0.0,0,0
semantic,20,standard,1920,20,1,5,0.2,19,0,3,0.0,1,1
semantic,20,standard,1921,20,0,5,0.0,20,0,4,0.0,0,0
semantic,20,standard,1945,20,0,12,0.0,20,0,12,0.0,0,0
semantic,20,standard,1955,20,0,7,0.0,20,0,7,0.0,0,0
semantic,20,standard,1967,20,0,5,0.0,20,0,5,0.0,0,0
semantic,20,standard,1970,20,0,12,0.0,20,0,12,0.0,0,0
semantic,20,standard,1991,20,1,5,0.2,19,0,3,0.0,1,1
semantic,20,standard,2016,20,0,30,0.0,20,0,29,0.0,0,0
semantic,20,standard,2031,20,1,19,0.05263157894736842,19,0,18,0.0,1,1
semantic,20,standard,2040,20,0,8,0.0,20,0,8,0.0,0,0
semantic,20,standard,2050,20,0,16,0.0,20,0,16,0.0,0,0
semantic,20,standard,2069,20,0,5,0.0,20,0,5,0.0,0,0
semantic,20,standard,2096,20,0,6,0.0,20,0,5,0.0,0,0
semantic,20,standard,2104,20,0,11,0.0,20,0,11,0.0,0,0
semantic,20,standard,2110,20,0,13,0.0,20,0,12,0.0,0,0
semantic,20,standard,2126,20,1,15,0.06666666666666667,19,0,14,0.0,1,1
semantic,20,standard,2134,20,0,9,0.0,20,0,7,0.0,0,0
semantic,20,standard,2174,20,1,12,0.08333333333333333,19,0,11,0.0,1,1
semantic,20,standard,2181,20,1,5,0.2,19,0,4,0.0,1,1
semantic,20,standard,2183,20,0,11,0.0,20,0,11,0.0,0,0
semantic,20,standard,2204,20,0,17,0.0,20,0,17,0.0,0,0
semantic,20,standard,2220,20,0,7,0.0,20,0,6,0.0,0,0
semantic,20,standard,2247,20,3,5,0.6,17,0,1,0.0,3,3
semantic,20,standard,2271,20,1,6,0.16666666666666666,19,0,5,0.0,1,1
semantic,20,standard,2287,20,0,10,0.0,20,0,10,0.0,0,0
semantic,20,standard,2316,20,1,8,0.125,19,0,5,0.0,1,1
semantic,20,standard,2336,20,1,53,0.018867924528301886,19,0,52,0.0,1,1
semantic,20,standard,2354,20,1,6,0.16666666666666666,19,0,5,0.0,1,1
semantic,20,standard,2412,20,0,9,0.0,20,0,7,0.0,0,0
semantic,20,standard,2441,20,0,9,0.0,20,0,9,0.0,0,0
semantic,20,standard,2443,20,0,7,0.0,20,0,7,0.0,0,0
semantic,20,standard,2481,20,0,13,0.0,20,0,13,0.0,0,0
semantic,20,standard,2505,20,0,18,0.0,20,0,18,0.0,0,0
semantic,20,standard,2527,20,0,9,0.0,20,0,9,0.0,0,0
semantic,20,standard,2531,20,0,39,0.0,20,0,39,0.0,0,0
semantic,20,standard,2569,20,0,5,0.0,20,0,4,0.0,0,0
semantic,20,standard,2645,20,1,9,0.1111111111111111,19,0,8,0.0,1,1
semantic,20,standard,2652,20,0,31,0.0,20,0,31,0.0,0,0
semantic,20,standard,2665,20,0,6,0.0,20,0,6,0.0,0,0
semantic,20,standard,2669,20,1,5,0.2,19,0,2,0.0,1,1
semantic,20,standard,2675,20,1,15,0.06666666666666667,19,0,13,0.0,1,1
semantic,20,standard,2756,20,2,17,0.11764705882352941,18,0,15,0.0,2,2
semantic,20,standard,2766,20,0,16,0.0,20,0,15,0.0,0,0
semantic,20,standard,2781,20,0,13,0.0,20,0,12,0.0,0,0
semantic,20,standard,2782,20,0,7,0.0,20,0,7,0.0,0,0
semantic,20,standard,2783,20,1,5,0.2,19,0,4,0.0,1,1
semantic,20,standard,2821,20,0,23,0.0,20,0,22,0.0,0,0
semantic,20,standard,2844,20,0,5,0.0,20,0,5,0.0,0,0
semantic,20,standard,2862,20,0,9,0.0,20,0,9,0.0,0,0
semantic,20,standard,2879,20,0,5,0.0,20,0,2,0.0,0,0
semantic,20,standard,2906,20,0,6,0.0,20,0,5,0.0,0,0
semantic,20,standard,2923,20,0,5,0.0,20,0,5,0.0,0,0
semantic,20,standard,2930,20,1,5,0.2,19,0,4,0.0,1,1
semantic,20,standard,2957,20,0,8,0.0,20,0,8,0.0,0,0
semantic,20,standard,2988,20,0,6,0.0,20,0,6,0.0,0,0
semantic,20,standard,2990,20,0,5,0.0,20,0,4,0.0,0,0
semantic,20,standard,3003,20,1,6,0.16666666666666666,19,0,5,0.0,1,1
semantic,20,standard,3013,20,0,5,0.0,20,0,5,0.0,0,0
semantic,20,standard,3035,20,0,7,0.0,20,0,7,0.0,0,0
semantic,20,standard,3059,20,0,9,0.0,20,0,9,0.0,0,0
semantic,20,standard,3082,20,0,10,0.0,20,0,8,0.0,0,0
semantic,20,standard,3099,20,0,5,0.0,20,0,3,0.0,0,0
semantic,20,standard,3118,20,0,14,0.0,20,0,13,0.0,0,0
semantic,20,standard,3120,20,0,9,0.0,20,0,8,0.0,0,0
semantic,50,standard,42,50,0,13,0.0,50,0,12,0.0,0,0
semantic,50,standard,56,50,1,5,0.2,49,0,4,0.0,1,1
semantic,50,standard,69,50,1,6,0.16666666666666666,49,0,5,0.0,1,1
semantic,50,standard,70,50,0,7,0.0,50,0,7,0.0,0,0
semantic,50,standard,85,50,1,7,0.14285714285714285,49,0,6,0.0,1,1
semantic,50,standard,111,50,0,11,0.0,50,0,11,0.0,0,0
semantic,50,standard,176,50,2,5,0.4,48,0,2,0.0,2,2
semantic,50,standard,209,50,0,5,0.0,50,0,5,0.0,0,0
semantic,50,standard,210,50,1,8,0.125,49,0,6,0.0,1,1
semantic,50,standard,224,50,1,21,0.047619047619047616,49,0,19,0.0,1,1
semantic,50,standard,230,50,0,7,0.0,50,0,7,0.0,0,0
semantic,50,standard,304,50,0,8,0.0,50,0,8,0.0,0,0
semantic,50,standard,326,50,1,5,0.2,49,0,4,0.0,1,1
semantic,50,standard,328,50,1,25,0.04,49,0,23,0.0,1,1
semantic,50,standard,344,50,0,9,0.0,50,0,8,0.0,0,0
semantic,50,standard,370,50,0,7,0.0,50,0,7,0.0,0,0
semantic,50,standard,372,50,4,5,0.8,46,0,1,0.0,4,4
semantic,50,standard,408,50,1,18,0.05555555555555555,49,0,17,0.0,1,1
semantic,50,standard,410,50,1,7,0.14285714285714285,49,0,6,0.0,1,1
semantic,50,standard,426,50,4,5,0.8,46,0,0,,4,4
semantic,50,standard,449,50,0,10,0.0,50,0,10,0.0,0,0
semantic,50,standard,451,50,1,8,0.125,49,0,7,0.0,1,1
semantic,50,standard,459,50,1,10,0.1,49,0,5,0.0,1,1
semantic,50,standard,538,50,1,10,0.1,49,0,8,0.0,1,1
semantic,50,standard,555,50,0,5,0.0,50,0,5,0.0,0,0
semantic,50,standard,560,50,0,9,0.0,50,0,8,0.0,0,0
semantic,50,standard,567,50,0,5,0.0,50,0,5,0.0,0,0
semantic,50,standard,581,50,0,5,0.0,50,0,5,0.0,0,0
semantic,50,standard,588,50,0,5,0.0,50,0,5,0.0,0,0
semantic,50,standard,590,50,1,11,0.09090909090909091,49,0,10,0.0,1,1
semantic,50,standard,596,50,3,5,0.6,47,0,2,0.0,3,3
semantic,50,standard,599,50,2,6,0.3333333333333333,48,0,3,0.0,2,2
semantic,50,standard,605,50,0,10,0.0,50,0,10,0.0,0,0
semantic,50,standard,670,50,0,6,0.0,50,0,6,0.0,0,0
semantic,50,standard,709,50,0,8,0.0,50,0,8,0.0,0,0
semantic,50,standard,743,50,1,5,0.2,49,0,4,0.0,1,1
semantic,50,standard,781,50,2,5,0.4,49,1,4,0.25,1,1
semantic,50,standard,803,50,1,8,0.125,49,0,7,0.0,1,1
semantic,50,standard,805,50,2,19,0.10526315789473684,48,0,16,0.0,2,2
semantic,50,standard,810,50,0,5,0.0,50,0,5,0.0,0,0
semantic,50,standard,820,50,0,19,0.0,50,0,17,0.0,0,0
semantic,50,standard,822,50,0,9,0.0,50,0,9,0.0,0,0
semantic,50,standard,824,50,1,9,0.1111111111111111,49,0,8,0.0,1,1
semantic,50,standard,833,50,1,7,0.14285714285714285,49,0,6,0.0,1,1
semantic,50,standard,836,50,0,6,0.0,50,0,6,0.0,0,0
semantic,50,standard,912,50,1,5,0.2,49,0,3,0.0,1,1
semantic,50,standard,932,50,4,7,0.5714285714285714,46,0,2,0.0,4,4
semantic,50,standard,935,50,0,7,0.0,50,0,7,0.0,0,0
semantic,50,standard,940,50,0,8,0.0,50,0,8,0.0,0,0
semantic,50,standard,958,50,1,7,0.14285714285714285,49,0,5,0.0,1,1
semantic,50,standard,1077,50,0,7,0.0,50,0,7,0.0,0,0
semantic,50,standard,1090,50,1,15,0.06666666666666667,49,0,13,0.0,1,1
semantic,50,standard,1098,50,0,8,0.0,50,0,8,0.0,0,0
semantic,50,standard,1127,50,1,6,0.16666666666666666,49,0,5,0.0,1,1
semantic,50,standard,1145,50,3,6,0.5,48,1,4,0.25,2,2
semantic,50,standard,1164,50,0,8,0.0,50,0,7,0.0,0,0
semantic,50,standard,1204,50,0,37,0.0,50,0,36,0.0,0,0
semantic,50,standard,1263,50,1,8,0.125,49,0,7,0.0,1,1
semantic,50,standard,1285,50,1,5,0.2,49,0,4,0.0,1,1
semantic,50,standard,1313,50,0,12,0.0,50,0,12,0.0,0,0
semantic,50,standard,1323,50,2,5,0.4,48,0,3,0.0,2,2
semantic,50,standard,1365,50,0,26,0.0,50,0,26,0.0,0,0
semantic,50,standard,1376,50,1,5,0.2,49,0,4,0.0,1,1
semantic,50,standard,1382,50,0,10,0.0,50,0,10,0.0,0,0
semantic,50,standard,1397,50,4,5,0.8,46,0,1,0.0,4,4
semantic,50,standard,1428,50,0,6,0.0,50,0,6,0.0,0,0
semantic,50,standard,1440,50,0,5,0.0,50,0,5,0.0,0,0
semantic,50,standard,1447,50,2,6,0.3333333333333333,48,0,3,0.0,2,2
semantic,50,standard,1467,50,0,5,0.0,50,0,4,0.0,0,0
semantic,50,standard,1472,50,1,9,0.1111111111111111,49,0,8,0.0,1,1
semantic,50,standard,1494,50,0,15,0.0,50,0,12,0.0,0,0
semantic,50,standard,1500,50,1,6,0.16666666666666666,49,0,5,0.0,1,1
semantic,50,standard,1503,50,0,6,0.0,50,0,6,0.0,0,0
semantic,50,standard,1527,50,1,7,0.14285714285714285,49,0,5,0.0,1,1
semantic,50,standard,1530,50,3,7,0.42857142857142855,47,0,4,0.0,3,3
semantic,50,standard,1532,50,2,5,0.4,48,0,3,0.0,2,2
semantic,50,standard,1540,50,1,31,0.03225806451612903,49,0,25,0.0,1,1
semantic,50,standard,1604,50,0,15,0.0,50,0,15,0.0,0,0
semantic,50,standard,1640,50,1,16,0.0625,49,0,15,0.0,1,1
semantic,50,standard,1644,50,0,7,0.0,50,0,7,0.0,0,0
semantic,50,standard,1661,50,2,6,0.3333333333333333,48,0,4,0.0,2,2
semantic,50,standard,1742,50,0,51,0.0,50,0,51,0.0,0,0
semantic,50,standard,1750,50,0,8,0.0,50,0,8,0.0,0,0
semantic,50,standard,1753,0,0,5,0.0,0,0,4,0.0,0,0
semantic,50,standard,1765,50,3,6,0.5,47,0,3,0.0,3,3
semantic,50,standard,1773,50,2,5,0.4,48,0,3,0.0,2,2
semantic,50,standard,1774,50,0,6,0.0,50,0,5,0.0,0,0
semantic,50,standard,1824,50,0,13,0.0,50,0,13,0.0,0,0
semantic,50,standard,1838,50,0,6,0.0,50,0,6,0.0,0,0
semantic,50,standard,1865,50,2,21,0.09523809523809523,48,0,19,0.0,2,2
semantic,50,standard,1881,50,1,7,0.14285714285714285,49,0,6,0.0,1,1
semantic,50,standard,1896,50,0,13,0.0,50,0,13,0.0,0,0
semantic,50,standard,1920,50,2,5,0.4,48,0,3,0.0,2,2
semantic,50,standard,1921,50,1,5,0.2,49,0,4,0.0,1,1
semantic,50,standard,1945,50,0,12,0.0,50,0,12,0.0,0,0
semantic,50,standard,1955,50,0,7,0.0,50,0,7,0.0,0,0
semantic,50,standard,1967,50,0,5,0.0,50,0,5,0.0,0,0
semantic,50,standard,1970,50,0,12,0.0,50,0,12,0.0,0,0
semantic,50,standard,1991,50,1,5,0.2,49,0,3,0.0,1,1
semantic,50,standard,2016,50,0,30,0.0,50,0,29,0.0,0,0
semantic,50,standard,2031,50,1,19,0.05263157894736842,49,0,18,0.0,1,1
semantic,50,standard,2040,50,0,8,0.0,50,0,8,0.0,0,0
semantic,50,standard,2050,50,0,16,0.0,50,0,16,0.0,0,0
semantic,50,standard,2069,50,0,5,0.0,50,0,5,0.0,0,0
semantic,50,standard,2096,50,0,6,0.0,50,0,5,0.0,0,0
semantic,50,standard,2104,50,0,11,0.0,50,0,11,0.0,0,0
semantic,50,standard,2110,50,0,13,0.0,50,0,12,0.0,0,0
semantic,50,standard,2126,50,1,15,0.06666666666666667,49,0,14,0.0,1,1
semantic,50,standard,2134,50,1,9,0.1111111111111111,49,0,7,0.0,1,1
semantic,50,standard,2174,50,1,12,0.08333333333333333,49,0,11,0.0,1,1
semantic,50,standard,2181,50,1,5,0.2,49,0,4,0.0,1,1
semantic,50,standard,2183,50,0,11,0.0,50,0,11,0.0,0,0
semantic,50,standard,2204,50,0,17,0.0,50,0,17,0.0,0,0
semantic,50,standard,2220,50,0,7,0.0,50,0,6,0.0,0,0
semantic,50,standard,2247,50,3,5,0.6,47,0,1,0.0,3,3
semantic,50,standard,2271,50,1,6,0.16666666666666666,49,0,5,0.0,1,1
semantic,50,standard,2287,50,0,10,0.0,50,0,10,0.0,0,0
semantic,50,standard,2316,50,3,8,0.375,48,1,5,0.2,2,2
semantic,50,standard,2336,50,1,53,0.018867924528301886,49,0,52,0.0,1,1
semantic,50,standard,2354,50,1,6,0.16666666666666666,49,0,5,0.0,1,1
semantic,50,standard,2412,50,0,9,0.0,50,0,7,0.0,0,0
semantic,50,standard,2441,50,0,9,0.0,50,0,9,0.0,0,0
semantic,50,standard,2443,50,0,7,0.0,50,0,7,0.0,0,0
semantic,50,standard,2481,50,0,13,0.0,50,0,13,0.0,0,0
semantic,50,standard,2505,50,0,18,0.0,50,0,18,0.0,0,0
semantic,50,standard,2527,50,0,9,0.0,50,0,9,0.0,0,0
semantic,50,standard,2531,50,0,39,0.0,50,0,39,0.0,0,0
semantic,50,standard,2569,50,0,5,0.0,50,0,4,0.0,0,0
semantic,50,standard,2645,50,1,9,0.1111111111111111,49,0,8,0.0,1,1
semantic,50,standard,2652,50,0,31,0.0,50,0,31,0.0,0,0
semantic,50,standard,2665,50,0,6,0.0,50,0,6,0.0,0,0
semantic,50,standard,2669,50,2,5,0.4,48,0,2,0.0,2,2
semantic,50,standard,2675,50,1,15,0.06666666666666667,49,0,13,0.0,1,1
semantic,50,standard,2756,50,2,17,0.11764705882352941,48,0,15,0.0,2,2
semantic,50,standard,2766,50,0,16,0.0,50,0,15,0.0,0,0
semantic,50,standard,2781,50,0,13,0.0,50,0,12,0.0,0,0
semantic,50,standard,2782,50,0,7,0.0,50,0,7,0.0,0,0
semantic,50,standard,2783,50,1,5,0.2,49,0,4,0.0,1,1
semantic,50,standard,2821,50,1,23,0.043478260869565216,49,0,22,0.0,1,1
semantic,50,standard,2844,50,0,5,0.0,50,0,5,0.0,0,0
semantic,50,standard,2862,50,0,9,0.0,50,0,9,0.0,0,0
semantic,50,standard,2879,50,0,5,0.0,50,0,2,0.0,0,0
semantic,50,standard,2906,50,0,6,0.0,50,0,5,0.0,0,0
semantic,50,standard,2923,50,0,5,0.0,50,0,5,0.0,0,0
semantic,50,standard,2930,50,1,5,0.2,49,0,4,0.0,1,1
semantic,50,standard,2957,50,0,8,0.0,50,0,8,0.0,0,0
semantic,50,standard,2988,50,0,6,0.0,50,0,6,0.0,0,0
semantic,50,standard,2990,50,0,5,0.0,50,0,4,0.0,0,0
semantic,50,standard,3003,50,1,6,0.16666666666666666,49,0,5,0.0,1,1
semantic,50,standard,3013,50,0,5,0.0,50,0,5,0.0,0,0
semantic,50,standard,3035,50,0,7,0.0,50,0,7,0.0,0,0
semantic,50,standard,3059,50,0,9,0.0,50,0,9,0.0,0,0
semantic,50,standard,3082,50,1,10,0.1,49,0,8,0.0,1,1
semantic,50,standard,3099,50,2,5,0.4,48,0,3,0.0,2,2
semantic,50,standard,3118,50,0,14,0.0,50,0,13,0.0,0,0
semantic,50,standard,3120,50,0,9,0.0,50,0,8,0.0,0,0
semantic,100,standard,42,100,0,13,0.0,100,0,12,0.0,0,0
semantic,100,standard,56,100,1,5,0.2,99,0,4,0.0,1,1
semantic,100,standard,69,100,1,6,0.16666666666666666,99,0,5,0.0,1,1
semantic,100,standard,70,100,0,7,0.0,100,0,7,0.0,0,0
semantic,100,standard,85,100,1,7,0.14285714285714285,99,0,6,0.0,1,1
semantic,100,standard,111,100,0,11,0.0,100,0,11,0.0,0,0
semantic,100,standard,176,100,3,5,0.6,97,0,2,0.0,3,3
semantic,100,standard,209,100,0,5,0.0,100,0,5,0.0,0,0
semantic,100,standard,210,100,2,8,0.25,98,0,6,0.0,2,2
semantic,100,standard,224,100,2,21,0.09523809523809523,98,0,19,0.0,2,2
semantic,100,standard,230,100,0,7,0.0,100,0,7,0.0,0,0
semantic,100,standard,304,100,0,8,0.0,100,0,8,0.0,0,0
semantic,100,standard,326,100,1,5,0.2,99,0,4,0.0,1,1
semantic,100,standard,328,100,1,25,0.04,99,0,23,0.0,1,1
semantic,100,standard,344,100,1,9,0.1111111111111111,99,0,8,0.0,1,1
semantic,100,standard,370,100,0,7,0.0,100,0,7,0.0,0,0
semantic,100,standard,372,100,4,5,0.8,96,0,1,0.0,4,4
semantic,100,standard,408,100,1,18,0.05555555555555555,99,0,17,0.0,1,1
semantic,100,standard,410,100,1,7,0.14285714285714285,99,0,6,0.0,1,1
semantic,100,standard,426,100,4,5,0.8,96,0,0,,4,4
semantic,100,standard,449,100,0,10,0.0,100,0,10,0.0,0,0
semantic,100,standard,451,100,1,8,0.125,99,0,7,0.0,1,1
semantic,100,standard,459,100,2,10,0.2,98,0,5,0.0,2,2
semantic,100,standard,538,100,1,10,0.1,99,0,8,0.0,1,1
semantic,100,standard,555,100,0,5,0.0,100,0,5,0.0,0,0
semantic,100,standard,560,100,0,9,0.0,100,0,8,0.0,0,0
semantic,100,standard,567,100,0,5,0.0,100,0,5,0.0,0,0
semantic,100,standard,581,100,0,5,0.0,100,0,5,0.0,0,0
semantic,100,standard,588,100,0,5,0.0,100,0,5,0.0,0,0
semantic,100,standard,590,100,1,11,0.09090909090909091,99,0,10,0.0,1,1
semantic,100,standard,596,100,3,5,0.6,97,0,2,0.0,3,3
semantic,100,standard,599,100,2,6,0.3333333333333333,98,0,3,0.0,2,2
semantic,100,standard,605,100,0,10,0.0,100,0,10,0.0,0,0
semantic,100,standard,670,100,0,6,0.0,100,0,6,0.0,0,0
semantic,100,standard,709,100,0,8,0.0,100,0,8,0.0,0,0
semantic,100,standard,743,100,1,5,0.2,99,0,4,0.0,1,1
semantic,100,standard,781,100,2,5,0.4,99,1,4,0.25,1,1
semantic,100,standard,803,100,1,8,0.125,99,0,7,0.0,1,1
semantic,100,standard,805,100,2,19,0.10526315789473684,98,0,16,0.0,2,2
semantic,100,standard,810,100,0,5,0.0,100,0,5,0.0,0,0
semantic,100,standard,820,100,0,19,0.0,100,0,17,0.0,0,0
semantic,100,standard,822,100,0,9,0.0,100,0,9,0.0,0,0
semantic,100,standard,824,100,1,9,0.1111111111111111,99,0,8,0.0,1,1
semantic,100,standard,833,100,1,7,0.14285714285714285,99,0,6,0.0,1,1
semantic,100,standard,836,100,0,6,0.0,100,0,6,0.0,0,0
semantic,100,standard,912,100,2,5,0.4,98,0,3,0.0,2,2
semantic,100,standard,932,100,4,7,0.5714285714285714,96,0,2,0.0,4,4
semantic,100,standard,935,100,0,7,0.0,100,0,7,0.0,0,0
semantic,100,standard,940,100,0,8,0.0,100,0,8,0.0,0,0
semantic,100,standard,958,100,1,7,0.14285714285714285,99,0,5,0.0,1,1
semantic,100,standard,1077,100,0,7,0.0,100,0,7,0.0,0,0
semantic,100,standard,1090,100,2,15,0.13333333333333333,98,0,13,0.0,2,2
semantic,100,standard,1098,100,0,8,0.0,100,0,8,0.0,0,0
semantic,100,standard,1127,100,1,6,0.16666666666666666,99,0,5,0.0,1,1
semantic,100,standard,1145,100,3,6,0.5,98,1,4,0.25,2,2
semantic,100,standard,1164,100,0,8,0.0,100,0,7,0.0,0,0
semantic,100,standard,1204,100,0,37,0.0,100,0,36,0.0,0,0
semantic,100,standard,1263,100,1,8,0.125,99,0,7,0.0,1,1
semantic,100,standard,1285,100,1,5,0.2,99,0,4,0.0,1,1
semantic,100,standard,1313,100,0,12,0.0,100,0,12,0.0,0,0
semantic,100,standard,1323,100,2,5,0.4,98,0,3,0.0,2,2
semantic,100,standard,1365,100,0,26,0.0,100,0,26,0.0,0,0
semantic,100,standard,1376,100,1,5,0.2,99,0,4,0.0,1,1
semantic,100,standard,1382,100,0,10,0.0,100,0,10,0.0,0,0
semantic,100,standard,1397,100,4,5,0.8,96,0,1,0.0,4,4
semantic,100,standard,1428,100,0,6,0.0,100,0,6,0.0,0,0
semantic,100,standard,1440,100,0,5,0.0,100,0,5,0.0,0,0
semantic,100,standard,1447,100,2,6,0.3333333333333333,98,0,3,0.0,2,2
semantic,100,standard,1467,100,0,5,0.0,100,0,4,0.0,0,0
semantic,100,standard,1472,100,1,9,0.1111111111111111,99,0,8,0.0,1,1
semantic,100,standard,1494,100,0,15,0.0,100,0,12,0.0,0,0
semantic,100,standard,1500,100,1,6,0.16666666666666666,99,0,5,0.0,1,1
semantic,100,standard,1503,100,0,6,0.0,100,0,6,0.0,0,0
semantic,100,standard,1527,100,1,7,0.14285714285714285,99,0,5,0.0,1,1
semantic,100,standard,1530,100,3,7,0.42857142857142855,97,0,4,0.0,3,3
semantic,100,standard,1532,100,2,5,0.4,98,0,3,0.0,2,2
semantic,100,standard,1540,100,2,31,0.06451612903225806,98,0,25,0.0,2,2
semantic,100,standard,1604,100,0,15,0.0,100,0,15,0.0,0,0
semantic,100,standard,1640,100,1,16,0.0625,99,0,15,0.0,1,1
semantic,100,standard,1644,100,0,7,0.0,100,0,7,0.0,0,0
semantic,100,standard,1661,100,2,6,0.3333333333333333,98,0,4,0.0,2,2
semantic,100,standard,1742,100,0,51,0.0,100,0,51,0.0,0,0
semantic,100,standard,1750,100,0,8,0.0,100,0,8,0.0,0,0
semantic,100,standard,1753,0,0,5,0.0,0,0,4,0.0,0,0
semantic,100,standard,1765,100,3,6,0.5,97,0,3,0.0,3,3
semantic,100,standard,1773,100,2,5,0.4,98,0,3,0.0,2,2
semantic,100,standard,1774,100,0,6,0.0,100,0,5,0.0,0,0
semantic,100,standard,1824,100,0,13,0.0,100,0,13,0.0,0,0
semantic,100,standard,1838,100,0,6,0.0,100,0,6,0.0,0,0
semantic,100,standard,1865,100,2,21,0.09523809523809523,98,0,19,0.0,2,2
semantic,100,standard,1881,100,1,7,0.14285714285714285,99,0,6,0.0,1,1
semantic,100,standard,1896,100,0,13,0.0,100,0,13,0.0,0,0
semantic,100,standard,1920,100,2,5,0.4,98,0,3,0.0,2,2
semantic,100,standard,1921,100,1,5,0.2,99,0,4,0.0,1,1
semantic,100,standard,1945,100,0,12,0.0,100,0,12,0.0,0,0
semantic,100,standard,1955,100,0,7,0.0,100,0,7,0.0,0,0
semantic,100,standard,1967,100,0,5,0.0,100,0,5,0.0,0,0
semantic,100,standard,1970,100,0,12,0.0,100,0,12,0.0,0,0
semantic,100,standard,1991,100,2,5,0.4,98,0,3,0.0,2,2
semantic,100,standard,2016,100,0,30,0.0,100,0,29,0.0,0,0
semantic,100,standard,2031,100,1,19,0.05263157894736842,99,0,18,0.0,1,1
semantic,100,standard,2040,100,0,8,0.0,100,0,8,0.0,0,0
semantic,100,standard,2050,100,0,16,0.0,100,0,16,0.0,0,0
semantic,100,standard,2069,100,0,5,0.0,100,0,5,0.0,0,0
semantic,100,standard,2096,100,0,6,0.0,100,0,5,0.0,0,0
semantic,100,standard,2104,100,0,11,0.0,100,0,11,0.0,0,0
semantic,100,standard,2110,100,0,13,0.0,100,0,12,0.0,0,0
semantic,100,standard,2126,100,1,15,0.06666666666666667,99,0,14,0.0,1,1
semantic,100,standard,2134,100,1,9,0.1111111111111111,99,0,7,0.0,1,1
semantic,100,standard,2174,100,1,12,0.08333333333333333,99,0,11,0.0,1,1
semantic,100,standard,2181,100,1,5,0.2,99,0,4,0.0,1,1
semantic,100,standard,2183,100,0,11,0.0,100,0,11,0.0,0,0
semantic,100,standard,2204,100,0,17,0.0,100,0,17,0.0,0,0
semantic,100,standard,2220,100,0,7,0.0,100,0,6,0.0,0,0
semantic,100,standard,2247,100,3,5,0.6,97,0,1,0.0,3,3
semantic,100,standard,2271,100,1,6,0.16666666666666666,99,0,5,0.0,1,1
semantic,100,standard,2287,100,0,10,0.0,100,0,10,0.0,0,0
semantic,100,standard,2316,100,4,8,0.5,97,1,5,0.2,3,3
semantic,100,standard,2336,100,1,53,0.018867924528301886,99,0,52,0.0,1,1
semantic,100,standard,2354,100,1,6,0.16666666666666666,99,0,5,0.0,1,1
semantic,100,standard,2412,100,1,9,0.1111111111111111,99,0,7,0.0,1,1
semantic,100,standard,2441,100,0,9,0.0,100,0,9,0.0,0,0
semantic,100,standard,2443,100,0,7,0.0,100,0,7,0.0,0,0
semantic,100,standard,2481,100,0,13,0.0,100,0,13,0.0,0,0
semantic,100,standard,2505,100,0,18,0.0,100,0,18,0.0,0,0
semantic,100,standard,2527,100,0,9,0.0,100,0,9,0.0,0,0
semantic,100,standard,2531,100,0,39,0.0,100,0,39,0.0,0,0
semantic,100,standard,2569,100,0,5,0.0,100,0,4,0.0,0,0
semantic,100,standard,2645,100,1,9,0.1111111111111111,99,0,8,0.0,1,1
semantic,100,standard,2652,100,0,31,0.0,100,0,31,0.0,0,0
semantic,100,standard,2665,100,0,6,0.0,100,0,6,0.0,0,0
semantic,100,standard,2669,100,3,5,0.6,97,0,2,0.0,3,3
semantic,100,standard,2675,100,2,15,0.13333333333333333,98,0,13,0.0,2,2
semantic,100,standard,2756,100,2,17,0.11764705882352941,98,0,15,0.0,2,2
semantic,100,standard,2766,100,0,16,0.0,100,0,15,0.0,0,0
semantic,100,standard,2781,100,0,13,0.0,100,0,12,0.0,0,0
semantic,100,standard,2782,100,0,7,0.0,100,0,7,0.0,0,0
semantic,100,standard,2783,100,1,5,0.2,99,0,4,0.0,1,1
semantic,100,standard,2821,100,1,23,0.043478260869565216,99,0,22,0.0,1,1
semantic,100,standard,2844,100,0,5,0.0,100,0,5,0.0,0,0
semantic,100,standard,2862,100,0,9,0.0,100,0,9,0.0,0,0
semantic,100,standard,2879,100,2,5,0.4,98,0,2,0.0,2,2
semantic,100,standard,2906,100,0,6,0.0,100,0,5,0.0,0,0
semantic,100,standard,2923,100,0,5,0.0,100,0,5,0.0,0,0
semantic,100,standard,2930,100,1,5,0.2,99,0,4,0.0,1,1
semantic,100,standard,2957,100,0,8,0.0,100,0,8,0.0,0,0
semantic,100,standard,2988,100,0,6,0.0,100,0,6,0.0,0,0
semantic,100,standard,2990,100,0,5,0.0,100,0,4,0.0,0,0
semantic,100,standard,3003,100,1,6,0.16666666666666666,99,0,5,0.0,1,1
semantic,100,standard,3013,100,0,5,0.0,100,0,5,0.0,0,0
semantic,100,standard,3035,100,0,7,0.0,100,0,7,0.0,0,0
semantic,100,standard,3059,100,0,9,0.0,100,0,9,0.0,0,0
semantic,100,standard,3082,100,1,10,0.1,99,0,8,0.0,1,1
semantic,100,standard,3099,100,2,5,0.4,98,0,3,0.0,2,2
semantic,100,standard,3118,100,1,14,0.07142857142857142,99,0,13,0.0,1,1
semantic,100,standard,3120,100,1,9,0.1111111111111111,99,0,8,0.0,1,1
